HTS Number,Country,District,Year,Month,calculated_duties,charges_ins_freight,customs_value,landed_duty_paid,qty_first_kilograms,qty_first_number,qty_second_kilograms,kg_total,date,usd_per_kg_landed,baseline,price_ratio,price_outlier
730630,Brazil,"Boston, MA",2025,January,0,278,28706,28984,21913.0,0.0,0.0,21913.0,2025-01-01,1.3226851640578652,1.8192291676305927,0.7270580241303858,False
730630,Brazil,"Chicago, IL",2022,January,0,38088,211561,249649,81042.0,0.0,0.0,81042.0,2022-01-01,3.0804891290935563,2.3530652440852995,1.3091388506275892,False
730630,Brazil,"Chicago, IL",2022,February,0,772,16400,17172,10483.0,0.0,0.0,10483.0,2022-02-01,1.6380807020890966,2.7716677981443767,0.591009031885346,False
730630,Brazil,"Chicago, IL",2022,April,0,2500,21996,24496,8838.0,0.0,0.0,8838.0,2022-04-01,2.7716677981443767,2.7716677981443767,1.0,False
730630,Brazil,"Chicago, IL",2022,July,0,20000,246552,266552,76225.0,0.0,0.0,76225.0,2022-07-01,3.496910462446704,3.612109692182771,0.9681074940815396,False
730630,Brazil,"Chicago, IL",2023,January,0,500,22481,22981,8731.0,0.0,0.0,8731.0,2023-01-01,2.6321154506929334,2.765389896046401,0.951806273124811,False
730630,Brazil,"Chicago, IL",2023,April,0,106,7100,7206,430.0,0.0,0.0,430.0,2023-04-01,16.75813953488372,2.765389896046401,6.059955436606735,True
730630,Brazil,"Chicago, IL",2023,August,0,2926,150600,153526,4974.0,0.0,0.0,4974.0,2023-08-01,30.86570164857258,2.765389896046401,11.161428517801555,True
730630,Brazil,"El Paso, TX",2026,June,7012,198,14023,21233,5600.0,0.0,0.0,5600.0,2026-06-01,3.791607142857143,11.201506489200455,0.3384908223293617,False
730630,Brazil,"Houston-Galveston, TX",2022,June,0,32819,162914,195733,54188.0,0.0,0.0,54188.0,2022-06-01,3.612109692182771,3.612109692182771,1.0,False
730630,Brazil,"Houston-Galveston, TX",2022,July,0,48001,762549,810550,214106.0,0.0,0.0,214106.0,2022-07-01,3.785741641990416,3.612109692182771,1.048069401154515,False
730630,Brazil,"Houston-Galveston, TX",2025,June,1358,483,2716,4557,2563.0,0.0,0.0,2563.0,2025-06-01,1.77799453765119,1.6950951487536854,1.0489054487345186,False
730630,Brazil,"Los Angeles, CA",2022,January,0,11174,92150,103324,35697.0,0.0,0.0,35697.0,2022-01-01,2.8944729248956493,2.3530652440852995,1.230086132193419,False
730630,Brazil,"Los Angeles, CA",2022,July,0,22146,92864,115010,32702.0,0.0,0.0,32702.0,2022-07-01,3.516910280716776,3.612109692182771,0.9736443741805452,False
730630,Brazil,"Los Angeles, CA",2023,April,0,4000,66977,70977,26500.0,0.0,0.0,26500.0,2023-04-01,2.678377358490566,2.765389896046401,0.9685351647229802,False
730630,Brazil,"Miami, FL",2022,July,0,37617,110435,148052,30639.0,0.0,0.0,30639.0,2022-07-01,4.832142041189334,3.612109692182771,1.337761710738443,False
730630,Brazil,"Miami, FL",2023,January,0,3000,109301,112301,55684.0,0.0,0.0,55684.0,2023-01-01,2.0167552618346383,2.765389896046401,0.7292842375384158,False
730630,Brazil,"New Orleans, LA",2025,June,10171,4250,20341,34762,19050.0,0.0,0.0,19050.0,2025-06-01,1.824776902887139,1.6950951487536854,1.076504114962987,False
730630,Brazil,"New Orleans, LA",2025,July,30022,4800,60044,94866,55965.0,0.0,0.0,55965.0,2025-07-01,1.6950951487536854,1.8192291676305927,0.9317655955139602,False
730630,Brazil,"New York, NY",2022,January,0,39421,81706,121127,37056.0,0.0,0.0,37056.0,2022-01-01,3.268755397236615,2.3530652440852995,1.3891477958178202,False
730630,Brazil,"New York, NY",2026,March,10668,2501,33598,46767,19891.0,0.0,0.0,19891.0,2026-03-01,2.351163842944045,2.351163842944045,1.0,False
730630,Brazil,"Nogales, AZ",2022,January,0,43691,169374,213065,66688.0,0.0,0.0,66688.0,2022-01-01,3.1949526151631478,2.3530652440852995,1.3577832672485513,False
730630,Brazil,"Norfolk, VA",2022,January,0,1000,101370,102370,36858.0,0.0,0.0,36858.0,2022-01-01,2.777416029084595,2.3530652440852995,1.1803395745468384,False
730630,Brazil,"Norfolk, VA",2026,May,4488,569,8976,14033,754.0,0.0,0.0,754.0,2026-05-01,18.611405835543767,3.791607142857143,4.908579695711633,True
730630,Brazil,"Seattle, WA",2023,April,0,8000,111205,119205,44448.0,0.0,0.0,44448.0,2023-04-01,2.681897948164147,2.765389896046401,0.9698082545243909,False
730630,Canada,"Anchorage, AK",2022,October,0,1000,110263,111263,10412.0,0.0,0.0,10412.0,2022-10-01,10.686035343834037,1.7480083269912785,6.1132634088918465,True
730630,Canada,"Anchorage, AK",2023,June,0,218,11739,11957,7504.0,0.0,0.0,7504.0,2023-06-01,1.5934168443496801,1.7004764608050442,0.9370414004997872,False
730630,Canada,"Anchorage, AK",2023,July,0,2001,4551,6552,889.0,0.0,0.0,889.0,2023-07-01,7.3700787401574805,1.7004764608050442,4.334125705373374,True
730630,Canada,"Anchorage, AK",2024,July,0,1000,3024,4024,2181.0,0.0,0.0,2181.0,2024-07-01,1.8450252177900046,1.4045828490236958,1.313575214927659,False
730630,Canada,"Anchorage, AK",2024,November,0,500,3308,3808,2793.0,0.0,0.0,2793.0,2024-11-01,1.363408521303258,1.2716897533661937,1.072123540898464,False
730630,Canada,"Anchorage, AK",2025,April,5200,61,28041,33302,11891.0,0.0,0.0,11891.0,2025-04-01,2.8006054999579515,1.6308011492550385,1.717318816728384,False
730630,Canada,"Anchorage, AK",2025,August,14408,131,49228,63767,21872.0,0.0,0.0,21872.0,2025-08-01,2.915462692026335,1.7627809468462792,1.6538995938447558,False
730630,Canada,"Anchorage, AK",2025,September,8644,48,28031,36723,4373.0,0.0,0.0,4373.0,2025-09-01,8.39766750514521,1.6989698835963534,4.942799508234458,True
730630,Canada,"Anchorage, AK",2025,October,54979,6905,153623,215507,111101.0,0.0,0.0,111101.0,2025-10-01,1.939739516295983,1.6805848090862066,1.1542050754050834,False
730630,Canada,"Anchorage, AK",2025,December,19084,70,38167,57321,23341.0,0.0,0.0,23341.0,2025-12-01,2.4558073775759395,1.6488830120240787,1.4893763594309366,False
730630,Canada,"Anchorage, AK",2026,February,61859,257,123711,185827,25629.0,0.0,0.0,25629.0,2026-02-01,7.250653556518007,1.6636533784535024,4.358271771285713,True
730630,Canada,"Anchorage, AK",2026,May,0,202,54417,54619,11111.0,0.0,0.0,11111.0,2026-05-01,4.915759157591576,1.7991213145968543,2.73231111082306,False
730630,Canada,"Buffalo, NY",2022,January,0,25515,2834282,2859797,1206344.0,0.0,0.0,1206344.0,2022-01-01,2.3706314285145864,2.3092215853094737,1.0265933090162427,False
730630,Canada,"Buffalo, NY",2022,February,0,47029,4679298,4726327,2159067.0,0.0,0.0,2159067.0,2022-02-01,2.189059904115991,2.2554884047270067,0.9705480637932803,False
730630,Canada,"Buffalo, NY",2022,March,0,59607,5365885,5425492,2795890.0,0.0,0.0,2795890.0,2022-03-01,1.940524126485663,2.0692205567140682,0.9378043921848641,False
730630,Canada,"Buffalo, NY",2022,April,0,50037,4284545,4334582,2163350.0,0.0,0.0,2163350.0,2022-04-01,2.003643423394273,2.0692205567140682,0.9683082921697181,False
730630,Canada,"Buffalo, NY",2022,May,0,40900,4204179,4245079,2059116.0,0.0,0.0,2059116.0,2022-05-01,2.0616026489037043,2.0928572278430826,0.985066072102974,False
730630,Canada,"Buffalo, NY",2022,June,0,54967,5434856,5489823,2508968.0,0.0,0.0,2508968.0,2022-06-01,2.1880801189971333,2.0928572278430826,1.0454989905126917,False
730630,Canada,"Buffalo, NY",2022,July,0,41360,3968818,4010178,1995081.0,0.0,0.0,1995081.0,2022-07-01,2.0100326753650606,2.0300605599442627,0.9901343413224323,False
730630,Canada,"Buffalo, NY",2022,August,0,41317,4111407,4152724,2234202.0,0.0,0.0,2234202.0,2022-08-01,1.8587057034234147,1.9509885027218397,0.9526994653378631,False
730630,Canada,"Buffalo, NY",2022,September,0,51315,4267053,4318368,2267977.0,0.0,0.0,2267977.0,2022-09-01,1.904061637309373,1.840679964824712,1.034433836243063,False
730630,Canada,"Buffalo, NY",2022,October,0,37862,3405171,3443033,1880591.0,0.0,0.0,1880591.0,2022-10-01,1.8308249906545335,1.7480083269912785,1.0473777283462953,False
730630,Canada,"Buffalo, NY",2022,November,0,28569,4001400,4029969,2595401.0,0.0,0.0,2595401.0,2022-11-01,1.5527346255935017,1.631324163115417,0.9518246959746927,False
730630,Canada,"Buffalo, NY",2022,December,0,24566,2078826,2103392,1286472.0,0.0,0.0,1286472.0,2022-12-01,1.6350079908462836,1.5386750139023118,1.062607747622844,False
730630,Canada,"Buffalo, NY",2023,January,0,44290,3572534,3616824,2178502.0,0.0,0.0,2178502.0,2023-01-01,1.6602344179624346,1.5386750139023118,1.0790026503074421,False
730630,Canada,"Buffalo, NY",2023,February,0,40933,3321444,3362377,2065026.0,0.0,0.0,2065026.0,2023-02-01,1.6282492326973124,1.5326885713780833,1.0623483877310496,False
730630,Canada,"Buffalo, NY",2023,March,0,39048,3428745,3467793,2111279.0,0.0,0.0,2111279.0,2023-03-01,1.6425081668505204,1.5546945678485165,1.0564828621762832,False
730630,Canada,"Buffalo, NY",2023,April,0,44191,3825936,3870127,2279319.0,0.0,0.0,2279319.0,2023-04-01,1.6979312680673482,1.6046845912621401,1.058109037322946,False
730630,Canada,"Buffalo, NY",2023,May,0,39542,3667992,3707534,2161127.0,0.0,0.0,2161127.0,2023-05-01,1.7155558187926947,1.6487233522184714,1.0405358888647362,False
730630,Canada,"Buffalo, NY",2023,June,0,49250,4086588,4135838,2286313.0,0.0,0.0,2286313.0,2023-06-01,1.8089552917732612,1.7004764608050442,1.0637931976528865,False
730630,Canada,"Buffalo, NY",2023,July,0,36398,2762361,2798759,1652263.0,0.0,0.0,1652263.0,2023-07-01,1.6938943739586252,1.7004764608050442,0.9961292690618587,False
730630,Canada,"Buffalo, NY",2023,August,0,34392,2700336,2734728,1605470.0,0.0,0.0,1605470.0,2023-08-01,1.7033815642771275,1.6446037058432355,1.0357398309544457,False
730630,Canada,"Buffalo, NY",2023,September,0,31059,2264493,2295552,1423061.0,0.0,0.0,1423061.0,2023-09-01,1.6131086439723947,1.614727384221876,0.9989975148342076,False
730630,Canada,"Buffalo, NY",2023,October,0,42864,2656611,2699475,1899165.0,0.0,0.0,1899165.0,2023-10-01,1.421400984116704,1.4549868243401942,0.9769167392710097,False
730630,Canada,"Buffalo, NY",2023,November,0,52903,3808513,3861416,2724730.0,0.0,0.0,2724730.0,2023-11-01,1.4171738117171242,1.4549868243401942,0.9740114398353968,False
730630,Canada,"Buffalo, NY",2023,December,0,33951,2438662,2472613,1602644.0,0.0,0.0,1602644.0,2023-12-01,1.542833592488413,1.5103135525536862,1.0215319791574013,False
730630,Canada,"Buffalo, NY",2024,January,0,41446,3300800,3342246,2121983.0,0.0,0.0,2121983.0,2024-01-01,1.5750578586162094,1.57223457636945,1.0017957131138018,False
730630,Canada,"Buffalo, NY",2024,February,0,39435,3461981,3501416,2097818.0,0.0,0.0,2097818.0,2024-02-01,1.6690752009945573,1.57223457636945,1.0615942595848058,False
730630,Canada,"Buffalo, NY",2024,March,0,43439,3170409,3213848,2079580.0,0.0,0.0,2079580.0,2024-03-01,1.5454312890102808,1.5464711716865769,0.999327577070084,False
730630,Canada,"Buffalo, NY",2024,April,0,49586,3703105,3752691,2511460.0,0.0,0.0,2511460.0,2024-04-01,1.494226864055171,1.5464711716865769,0.9662170827443046,False
730630,Canada,"Buffalo, NY",2024,May,0,40734,3354575,3395309,2266907.0,0.0,0.0,2266907.0,2024-05-01,1.4977716333312305,1.5173227007809191,0.9871147598071087,False
730630,Canada,"Buffalo, NY",2024,June,0,33514,2594737,2628251,1781228.0,0.0,0.0,1781228.0,2024-06-01,1.4755275573929896,1.493084399640079,0.9882412258467628,False
730630,Canada,"Buffalo, NY",2024,July,0,33256,2283581,2316837,1683450.0,0.0,0.0,1683450.0,2024-07-01,1.3762434286732603,1.4045828490236958,0.9798236035915334,False
730630,Canada,"Buffalo, NY",2024,August,0,31019,2301622,2332641,1750686.0,0.0,0.0,1750686.0,2024-08-01,1.3324154074459955,1.3605216947473917,0.9793415368458239,False
730630,Canada,"Buffalo, NY",2024,September,0,44854,3154667,3199521,2387369.0,0.0,0.0,2387369.0,2024-09-01,1.3401870427236007,1.3481841272320496,0.9940682549609394,False
730630,Canada,"Buffalo, NY",2024,October,0,44229,2855764,2899993,2126664.0,0.0,0.0,2126664.0,2024-10-01,1.3636347819871875,1.3120069572435742,1.0393502675108366,False
730630,Canada,"Buffalo, NY",2024,November,0,34440,2368174,2402614,1907627.0,0.0,0.0,1907627.0,2024-11-01,1.259477874867571,1.2716897533661937,0.9903971244037333,False
730630,Canada,"Buffalo, NY",2024,December,0,27828,2191736,2219564,1687996.0,0.0,0.0,1687996.0,2024-12-01,1.3149106988405186,1.2716897533661937,1.0339870203089379,False
730630,Canada,"Buffalo, NY",2025,January,0,22589,2249432,2272021,1524710.0,0.0,0.0,1524710.0,2025-01-01,1.490133205658781,1.262463785063216,1.1803373873288292,False
730630,Canada,"Buffalo, NY",2025,February,0,37071,2865107,2902178,2257400.0,0.0,0.0,2257400.0,2025-02-01,1.2856285992735006,1.255985073353246,1.0236018138663956,False
730630,Canada,"Buffalo, NY",2025,March,3264,40856,2747365,2791485,2268201.0,0.0,0.0,2268201.0,2025-03-01,1.230704421698077,1.255985073353246,0.979871853422848,False
730630,Canada,"Buffalo, NY",2025,April,538302,38026,2233850,2810178,1689422.0,0.0,0.0,1689422.0,2025-04-01,1.6633961200931442,1.6308011492550385,1.0199870909172435,False
730630,Canada,"Buffalo, NY",2025,May,489552,30401,1999549,2519502,1563396.0,0.0,0.0,1563396.0,2025-05-01,1.6115571486686675,1.7457582398720637,0.9231273333624758,False
730630,Canada,"Buffalo, NY",2025,June,704615,21829,1701102,2427546,1317855.0,0.0,0.0,1317855.0,2025-06-01,1.842043320395643,1.7911549949884793,1.0284108999776935,False
730630,Canada,"Buffalo, NY",2025,July,842986,20382,1702988,2566356,1363700.0,0.0,0.0,1363700.0,2025-07-01,1.881906577693041,1.7911549949884793,1.0506665157166621,False
730630,Canada,"Buffalo, NY",2025,August,829804,21200,1681071,2532075,1409064.0,0.0,0.0,1409064.0,2025-08-01,1.796990768339834,1.7627809468462792,1.019406734316455,False
730630,Canada,"Buffalo, NY",2025,September,764386,21089,1647285,2432760,1465566.0,0.0,0.0,1465566.0,2025-09-01,1.6599457138061335,1.6989698835963534,0.9770306877320191,False
730630,Canada,"Buffalo, NY",2025,October,833539,29977,1769818,2633334,1660528.0,0.0,0.0,1660528.0,2025-10-01,1.5858413709374368,1.6805848090862066,0.9436247206112228,False
730630,Canada,"Buffalo, NY",2025,November,631465,22116,1384884,2038465,1288542.0,0.0,0.0,1288542.0,2025-11-01,1.5819934468569903,1.6652767222315439,0.949988326707077,False
730630,Canada,"Buffalo, NY",2025,December,460082,15512,981537,1457131,961211.0,0.0,0.0,961211.0,2025-12-01,1.5159325059742346,1.6488830120240787,0.9193693518094765,False
730630,Canada,"Buffalo, NY",2026,January,536724,14812,1065949,1617485,1077416.0,0.0,0.0,1077416.0,2026-01-01,1.5012632075261552,1.6652767222315439,0.9015097535948239,False
730630,Canada,"Buffalo, NY",2026,February,746514,24129,1549732,2320375,1381863.0,0.0,0.0,1381863.0,2026-02-01,1.6791642876319868,1.6636533784535024,1.00932340196544,False
730630,Canada,"Buffalo, NY",2026,March,836127,25148,1763164,2624439,1514892.0,0.0,0.0,1514892.0,2026-03-01,1.7324264700057825,1.7099645860909878,1.0131358766710736,False
730630,Canada,"Buffalo, NY",2026,April,905190,22775,1810288,2738253,1427680.0,0.0,0.0,1427680.0,2026-04-01,1.9179739157234115,1.7924561983302096,1.070025542331316,False
730630,Canada,"Buffalo, NY",2026,May,647791,16997,1295518,1960306,1114951.0,0.0,0.0,1114951.0,2026-05-01,1.758199239249079,1.7991213145968543,0.9772544102413988,False
730630,Canada,"Buffalo, NY",2026,June,674670,18092,1349257,2042019,1151180.0,0.0,0.0,1151180.0,2026-06-01,1.7738485727688111,1.8327017868120594,0.9678871846654212,False
730630,Canada,"Cleveland, OH",2022,February,0,200,5250,5450,748.0,0.0,0.0,748.0,2022-02-01,7.286096256684492,2.2554884047270067,3.230385153572255,True
730630,Canada,"Cleveland, OH",2022,March,0,200,5250,5450,748.0,0.0,0.0,748.0,2022-03-01,7.286096256684492,2.0692205567140682,3.521179138223354,True
730630,Canada,"Cleveland, OH",2022,October,0,116,43578,43694,42724.0,0.0,0.0,42724.0,2022-10-01,1.02270386667915,1.7480083269912785,0.5850680748411862,False
730630,Canada,"Cleveland, OH",2024,December,0,72,5439,5511,4152.0,0.0,0.0,4152.0,2024-12-01,1.3273121387283238,1.2716897533661937,1.0437389585116152,False
730630,Canada,"Cleveland, OH",2025,May,7870,98,19160,27128,18130.0,0.0,0.0,18130.0,2025-05-01,1.4963044677330393,1.7457582398720637,0.8571086382743893,False
730630,Canada,"Cleveland, OH",2025,October,0,75,3414,3489,1733.0,0.0,0.0,1733.0,2025-10-01,2.013271783035199,1.6805848090862066,1.1979590510102767,False
730630,Canada,"Detroit, MI",2022,January,0,191912,20337224,20529136,8610846.0,0.0,0.0,8610846.0,2022-01-01,2.3841020963561537,2.3092215853094737,1.0324267326804173,False
730630,Canada,"Detroit, MI",2022,February,0,199134,19575541,19774675,8655975.0,0.0,0.0,8655975.0,2022-02-01,2.2845115657103907,2.2554884047270067,1.0128677943644302,False
730630,Canada,"Detroit, MI",2022,March,0,313756,23839741,24153497,11658117.0,0.0,0.0,11658117.0,2022-03-01,2.071818030304551,2.0692205567140682,1.0012552908301895,False
730630,Canada,"Detroit, MI",2022,April,0,196182,17870243,18066425,8750985.0,0.0,0.0,8750985.0,2022-04-01,2.0645018817881646,2.0692205567140682,0.9977195882234048,False
730630,Canada,"Detroit, MI",2022,May,0,198519,20853231,21051750,9808244.0,0.0,0.0,9808244.0,2022-05-01,2.14633220788553,2.0928572278430826,1.0255511839656444,False
730630,Canada,"Detroit, MI",2022,June,0,219061,19811390,20030451,9947219.0,0.0,0.0,9947219.0,2022-06-01,2.013673469941699,2.0928572278430826,0.9621647588531441,False
730630,Canada,"Detroit, MI",2022,July,0,197814,17093388,17291202,8899209.0,0.0,0.0,8899209.0,2022-07-01,1.9430043726358153,2.0300605599442627,0.9571164579884072,False
730630,Canada,"Detroit, MI",2022,August,0,179631,18369878,18549509,9477023.0,0.0,0.0,9477023.0,2022-08-01,1.957313915983954,1.9509885027218397,1.0032421581435718,False
730630,Canada,"Detroit, MI",2022,September,0,199487,16720653,16920140,9609181.0,0.0,0.0,9609181.0,2022-09-01,1.7608306056468288,1.840679964824712,0.9566196401852577,False
730630,Canada,"Detroit, MI",2022,October,0,236004,19461668,19697672,11906711.0,0.0,0.0,11906711.0,2022-10-01,1.6543335938866746,1.7480083269912785,0.9464105910377214,False
730630,Canada,"Detroit, MI",2022,November,0,185336,14633024,14818360,9429453.0,0.0,0.0,9429453.0,2022-11-01,1.5714973074259981,1.631324163115417,0.9633262002475556,False
730630,Canada,"Detroit, MI",2022,December,0,124268,11551293,11675561,7760545.0,0.0,0.0,7760545.0,2022-12-01,1.5044769407303225,1.5386750139023118,0.9777743364498668,False
730630,Canada,"Detroit, MI",2023,January,0,199308,14495276,14694584,10137534.0,0.0,0.0,10137534.0,2023-01-01,1.4495225367431566,1.5386750139023118,0.9420589296936388,False
730630,Canada,"Detroit, MI",2023,February,0,163091,12460715,12623806,8722537.0,0.0,0.0,8722537.0,2023-02-01,1.447263107052455,1.5326885713780833,0.9442643039682747,False
730630,Canada,"Detroit, MI",2023,March,0,226281,16699543,16925824,11744378.0,0.0,0.0,11744378.0,2023-03-01,1.4411852207073035,1.5546945678485165,0.9269892945607353,False
730630,Canada,"Detroit, MI",2023,April,0,208544,15986355,16194899,10610952.0,0.0,0.0,10610952.0,2023-04-01,1.526243733832742,1.6046845912621401,0.9511175854392036,False
730630,Canada,"Detroit, MI",2023,May,0,228171,19618835,19847006,12429381.0,0.0,0.0,12429381.0,2023-05-01,1.5967815291847598,1.6487233522184714,0.9684957315829728,False
730630,Canada,"Detroit, MI",2023,June,0,195108,17189280,17384388,10721995.0,0.0,0.0,10721995.0,2023-06-01,1.6213762457453114,1.7004764608050442,0.9534834989587065,False
730630,Canada,"Detroit, MI",2023,July,0,158623,12461328,12619951,7582799.0,0.0,0.0,7582799.0,2023-07-01,1.6642866308338122,1.7004764608050442,0.9787178294993282,False
730630,Canada,"Detroit, MI",2023,August,0,152699,13507468,13660167,8173169.0,0.0,0.0,8173169.0,2023-08-01,1.6713427802606309,1.6446037058432355,1.0162586733341243,False
730630,Canada,"Detroit, MI",2023,September,0,136369,12156119,12292488,7580798.0,0.0,0.0,7580798.0,2023-09-01,1.6215295540126515,1.614727384221876,1.004212580933006,False
730630,Canada,"Detroit, MI",2023,October,0,179236,13555522,13734758,9569531.0,0.0,0.0,9569531.0,2023-10-01,1.4352592619220315,1.4549868243401942,0.9864414150780308,False
730630,Canada,"Detroit, MI",2023,November,0,159655,11653320,11812975,8213585.0,0.0,0.0,8213585.0,2023-11-01,1.4382239911074153,1.4549868243401942,0.988479048090088,False
730630,Canada,"Detroit, MI",2023,December,0,144262,11296505,11440767,7721930.0,0.0,0.0,7721930.0,2023-12-01,1.481594238746013,1.5103135525536862,0.9809845354568172,False
730630,Canada,"Detroit, MI",2024,January,0,175831,14759544,14935375,9179716.0,0.0,0.0,9179716.0,2024-01-01,1.6269975018835006,1.57223457636945,1.0348312690339805,False
730630,Canada,"Detroit, MI",2024,February,0,209901,16156598,16366499,10678430.0,0.0,0.0,10678430.0,2024-02-01,1.5326690346801917,1.57223457636945,0.9748348355366782,False
730630,Canada,"Detroit, MI",2024,March,0,159877,12703980,12863857,8258868.0,0.0,0.0,8258868.0,2024-03-01,1.557581135816676,1.5464711716865769,1.007184074513321,False
730630,Canada,"Detroit, MI",2024,April,0,183776,13713052,13896828,9084369.0,0.0,0.0,9084369.0,2024-04-01,1.5297515985975472,1.5464711716865769,0.9891885646527795,False
730630,Canada,"Detroit, MI",2024,May,0,167684,13869593,14037277,8963013.0,0.0,0.0,8963013.0,2024-05-01,1.5661337320385456,1.5173227007809191,1.0321691827536126,False
730630,Canada,"Detroit, MI",2024,June,0,144998,11371287,11516285,7737780.0,0.0,0.0,7737780.0,2024-06-01,1.4883190010571508,1.493084399640079,0.9968083528405514,False
730630,Canada,"Detroit, MI",2024,July,0,160844,11031732,11192576,7938750.0,0.0,0.0,7938750.0,2024-07-01,1.4098662887734215,1.4045828490236958,1.003761572165998,False
730630,Canada,"Detroit, MI",2024,August,0,157643,10773294,10930937,8128615.0,0.0,0.0,8128615.0,2024-08-01,1.3447477829864005,1.3605216947473917,0.9884059829241312,False
730630,Canada,"Detroit, MI",2024,September,0,165448,10316997,10482445,7700904.0,0.0,0.0,7700904.0,2024-09-01,1.3611966854800424,1.3481841272320496,1.0096519147386112,False
730630,Canada,"Detroit, MI",2024,October,0,196377,11644961,11841338,9147864.0,0.0,0.0,9147864.0,2024-10-01,1.2944374774264245,1.3120069572435742,0.9866086991992314,False
730630,Canada,"Detroit, MI",2024,November,0,197971,10802229,11000200,8568054.0,0.0,0.0,8568054.0,2024-11-01,1.2838621231845644,1.2716897533661937,1.009571807735456,False
730630,Canada,"Detroit, MI",2024,December,0,182518,8938624,9121142,7300443.0,0.0,0.0,7300443.0,2024-12-01,1.2493956873576029,1.2716897533661937,0.9824689426414124,False
730630,Canada,"Detroit, MI",2025,January,0,222351,11732968,11955319,9326228.0,0.0,0.0,9326228.0,2025-01-01,1.2819029301020735,1.262463785063216,1.0153977842919937,False
730630,Canada,"Detroit, MI",2025,February,0,184846,10442057,10626903,8252359.0,0.0,0.0,8252359.0,2025-02-01,1.2877412385961395,1.255985073353246,1.0252838715336883,False
730630,Canada,"Detroit, MI",2025,March,16064,187265,10857761,11061090,9634816.0,0.0,0.0,9634816.0,2025-03-01,1.148033340750877,1.255985073353246,0.9140501468587058,False
730630,Canada,"Detroit, MI",2025,April,2266990,147344,9796262,12210596,7847507.0,0.0,0.0,7847507.0,2025-04-01,1.5559840851368467,1.6308011492550385,0.9541225095699934,False
730630,Canada,"Detroit, MI",2025,May,1976839,117347,8928993,11023179,6379040.0,0.0,0.0,6379040.0,2025-05-01,1.7280310203416187,1.7457582398720637,0.9898455472667601,False
730630,Canada,"Detroit, MI",2025,June,3494407,147750,9140779,12782936,7167736.0,0.0,0.0,7167736.0,2025-06-01,1.783399388593553,1.7911549949884793,0.9956700528895457,False
730630,Canada,"Detroit, MI",2025,July,3879022,109303,8434520,12422845,6305524.0,0.0,0.0,6305524.0,2025-07-01,1.9701526788257406,1.7911549949884793,1.0999342236367504,False
730630,Canada,"Detroit, MI",2025,August,3406466,109304,6922001,10437771,5934226.0,0.0,0.0,5934226.0,2025-08-01,1.758910260579897,1.7627809468462792,0.9978042159615425,False
730630,Canada,"Detroit, MI",2025,September,3463596,117078,7097998,10678672,6085227.0,0.0,0.0,6085227.0,2025-09-01,1.7548518732333238,1.6989698835963534,1.0328916893563058,False
730630,Canada,"Detroit, MI",2025,October,2880617,102794,5983532,8966943,5278014.0,0.0,0.0,5278014.0,2025-10-01,1.6989236860682826,1.6805848090862066,1.0109121996598598,False
730630,Canada,"Detroit, MI",2025,November,2646193,100735,5671699,8418627,5424825.0,0.0,0.0,5424825.0,2025-11-01,1.5518707055066292,1.6652767222315439,0.9318995964989256,False
730630,Canada,"Detroit, MI",2025,December,1992681,69988,4258937,6321606,3910943.0,0.0,0.0,3910943.0,2025-12-01,1.6163891930923053,1.6488830120240787,0.9802934358018003,False
730630,Canada,"Detroit, MI",2026,January,3126259,116357,6554301,9796917,6147962.0,0.0,0.0,6147962.0,2026-01-01,1.5935226990667801,1.6652767222315439,0.9569116518553084,False
730630,Canada,"Detroit, MI",2026,February,3376886,132670,8179068,11688624,7399932.0,0.0,0.0,7399932.0,2026-02-01,1.5795582986438255,1.6636533784535024,0.9494515619065734,False
730630,Canada,"Detroit, MI",2026,March,4553803,161335,9851406,14566544,9047583.0,0.0,0.0,9047583.0,2026-03-01,1.60999285665575,1.7099645860909878,0.9415357895430015,False
730630,Canada,"Detroit, MI",2026,April,4107195,127600,8443971,12678766,7289022.0,0.0,0.0,7289022.0,2026-04-01,1.7394330816946362,1.7924561983302096,0.9704187378832644,False
730630,Canada,"Detroit, MI",2026,May,4832015,150059,9757531,14739605,7932517.0,0.0,0.0,7932517.0,2026-05-01,1.8581246028215257,1.7991213145968543,1.032795614028892,False
730630,Canada,"Detroit, MI",2026,June,4428675,127850,8892884,13449409,7035308.0,0.0,0.0,7035308.0,2026-06-01,1.9117015203883043,1.8327017868120594,1.0431056127869351,False
730630,Canada,"Duluth, MN",2022,January,0,3900,3874,7774,1309.0,0.0,0.0,1309.0,2022-01-01,5.938884644766998,2.3092215853094737,2.5718123728568427,False
730630,Canada,"Duluth, MN",2022,September,0,15,2748,2763,759.0,0.0,0.0,759.0,2022-09-01,3.6403162055335967,1.840679964824712,1.9777018683855039,False
730630,Canada,"Duluth, MN",2023,May,0,500,33830,34330,19828.0,0.0,0.0,19828.0,2023-05-01,1.7313899536009683,1.6487233522184714,1.0501397649710384,False
730630,Canada,"Great Falls, MT",2022,January,0,12033,322498,334531,211946.0,0.0,0.0,211946.0,2022-01-01,1.578378454889453,2.3092215853094737,0.6835110432582954,False
730630,Canada,"Great Falls, MT",2022,February,0,2707,663534,666241,348380.0,0.0,0.0,348380.0,2022-02-01,1.912397382168896,2.2554884047270067,0.847886151026506,False
730630,Canada,"Great Falls, MT",2022,March,0,12793,1197082,1209875,767406.0,0.0,0.0,767406.0,2022-03-01,1.5765774570435989,2.0692205567140682,0.7619185165776678,False
730630,Canada,"Great Falls, MT",2022,April,0,15063,1592052,1607115,1005239.0,0.0,0.0,1005239.0,2022-04-01,1.5987392053034155,2.0692205567140682,0.7726287080011522,False
730630,Canada,"Great Falls, MT",2022,May,0,7520,774134,781654,429365.0,0.0,0.0,429365.0,2022-05-01,1.8204883956540472,2.0928572278430826,0.8698579011671326,False
730630,Canada,"Great Falls, MT",2022,June,0,17680,1177259,1194939,865834.0,0.0,0.0,865834.0,2022-06-01,1.38010172850685,2.0928572278430826,0.6594342462286332,False
730630,Canada,"Great Falls, MT",2022,July,0,20297,1240605,1260902,826211.0,0.0,0.0,826211.0,2022-07-01,1.5261258927804155,2.0300605599442627,0.7517637270990166,False
730630,Canada,"Great Falls, MT",2022,August,0,21921,1938447,1960368,1467789.0,0.0,0.0,1467789.0,2022-08-01,1.3355925136378595,1.9509885027218397,0.6845722113557121,False
730630,Canada,"Great Falls, MT",2022,September,0,11512,1145908,1157420,766841.0,0.0,0.0,766841.0,2022-09-01,1.5093350512035741,1.840679964824712,0.81998776541652,False
730630,Canada,"Great Falls, MT",2022,October,0,19417,1258871,1278288,881242.0,0.0,0.0,881242.0,2022-10-01,1.4505527426064577,1.7480083269912785,0.8298317120166071,False
730630,Canada,"Great Falls, MT",2022,November,0,2015,483359,485374,268558.0,0.0,0.0,268558.0,2022-11-01,1.8073339837204627,1.631324163115417,1.1078938353177528,False
730630,Canada,"Great Falls, MT",2022,December,0,6599,409394,415993,323636.0,0.0,0.0,323636.0,2022-12-01,1.2853730734528914,1.5386750139023118,0.8353765816947866,False
730630,Canada,"Great Falls, MT",2023,January,0,4806,984694,989500,600459.0,0.0,0.0,600459.0,2023-01-01,1.6479060185624663,1.5386750139023118,1.0709903024831269,False
730630,Canada,"Great Falls, MT",2023,February,0,2753,489572,492325,378682.0,0.0,0.0,378682.0,2023-02-01,1.3001014043445425,1.5326885713780833,0.8482489062834108,False
730630,Canada,"Great Falls, MT",2023,March,0,6705,733517,740222,586787.0,0.0,0.0,586787.0,2023-03-01,1.261483298028075,1.5546945678485165,0.8114026536889458,False
730630,Canada,"Great Falls, MT",2023,April,0,4252,650975,655227,512449.0,0.0,0.0,512449.0,2023-04-01,1.2786189454950638,1.6046845912621401,0.7968039030582238,False
730630,Canada,"Great Falls, MT",2023,May,0,7303,617218,624521,403982.0,0.0,0.0,403982.0,2023-05-01,1.5459129367150022,1.6487233522184714,0.9376424095861015,False
730630,Canada,"Great Falls, MT",2023,June,0,3800,327299,331099,263209.0,0.0,0.0,263209.0,2023-06-01,1.2579319096231512,1.7004764608050442,0.7397526155861149,False
730630,Canada,"Great Falls, MT",2023,July,0,2435,315363,317798,248464.0,0.0,0.0,248464.0,2023-07-01,1.2790504861871337,1.7004764608050442,0.7521718269370233,False
730630,Canada,"Great Falls, MT",2023,August,0,2054,441342,443396,325606.0,0.0,0.0,325606.0,2023-08-01,1.3617562329932495,1.6446037058432355,0.8280148148486861,False
730630,Canada,"Great Falls, MT",2023,September,0,6445,549304,555749,391319.0,0.0,0.0,391319.0,2023-09-01,1.4201942660591487,1.614727384221876,0.879525720524972,False
730630,Canada,"Great Falls, MT",2023,October,0,2230,310655,312885,284149.0,0.0,0.0,284149.0,2023-10-01,1.1011300409292308,1.4549868243401942,0.7567972592662962,False
730630,Canada,"Great Falls, MT",2023,November,0,4914,413700,418614,327546.0,0.0,0.0,327546.0,2023-11-01,1.2780311773002877,1.4549868243401942,0.8783798972749103,False
730630,Canada,"Great Falls, MT",2023,December,0,1922,321815,323737,259304.0,0.0,0.0,259304.0,2023-12-01,1.2484844044056398,1.5103135525536862,0.8266392116356651,False
730630,Canada,"Great Falls, MT",2024,January,0,2755,244037,246792,165627.0,0.0,0.0,165627.0,2024-01-01,1.490046912641055,1.57223457636945,0.9477255716394559,False
730630,Canada,"Great Falls, MT",2024,February,0,2725,326743,329468,250647.0,0.0,0.0,250647.0,2024-02-01,1.3144701512485688,1.57223457636945,0.8360521839456667,False
730630,Canada,"Great Falls, MT",2024,March,0,3757,537780,541537,526367.0,0.0,0.0,526367.0,2024-03-01,1.0288201957949492,1.5464711716865769,0.6652695599058086,False
730630,Canada,"Great Falls, MT",2024,April,0,3128,439711,442839,460928.0,0.0,0.0,460928.0,2024-04-01,0.9607552589558456,1.5464711716865769,0.6212564944925865,False
730630,Canada,"Great Falls, MT",2024,May,0,3157,554582,557739,446407.0,0.0,0.0,446407.0,2024-05-01,1.2493957308017123,1.5173227007809191,0.8234212340978534,False
730630,Canada,"Great Falls, MT",2024,June,0,3428,349612,353040,271838.0,0.0,0.0,271838.0,2024-06-01,1.2987146756524106,1.493084399640079,0.8698200021147344,False
730630,Canada,"Great Falls, MT",2024,July,0,3250,242150,245400,205984.0,0.0,0.0,205984.0,2024-07-01,1.1913546683237533,1.4045828490236958,0.8481910975574319,False
730630,Canada,"Great Falls, MT",2024,August,0,4188,484438,488626,363697.0,0.0,0.0,363697.0,2024-08-01,1.343497471796578,1.3605216947473917,0.9874869889862545,False
730630,Canada,"Great Falls, MT",2024,September,0,3138,484969,488107,390628.0,0.0,0.0,390628.0,2024-09-01,1.2495443234995955,1.3481841272320496,0.9268350652258672,False
730630,Canada,"Great Falls, MT",2024,October,0,11456,828628,840084,655139.0,0.0,0.0,655139.0,2024-10-01,1.2822988709266279,1.3120069572435742,0.9773567615987642,False
730630,Canada,"Great Falls, MT",2024,November,0,3540,510167,513707,419856.0,0.0,0.0,419856.0,2024-11-01,1.2235314012423306,1.2716897533661937,0.9621304237166441,False
730630,Canada,"Great Falls, MT",2024,December,0,4597,566564,571161,433827.0,0.0,0.0,433827.0,2024-12-01,1.3165639759627685,1.2716897533661937,1.0352870835656194,False
730630,Canada,"Great Falls, MT",2025,January,0,13317,1066347,1079664,1024077.0,0.0,0.0,1024077.0,2025-01-01,1.0542800980785625,1.262463785063216,0.8350972998609785,False
730630,Canada,"Great Falls, MT",2025,February,0,16493,798877,815370,714727.0,0.0,0.0,714727.0,2025-02-01,1.1408132056015794,1.255985073353246,0.908301563294714,False
730630,Canada,"Great Falls, MT",2025,March,0,3885,229077,232962,230358.0,0.0,0.0,230358.0,2025-03-01,1.0113041439845805,1.255985073353246,0.8051880276607005,False
730630,Canada,"Great Falls, MT",2025,April,22867,401,91471,114739,66255.0,0.0,0.0,66255.0,2025-04-01,1.7317787336804769,1.6308011492550385,1.0619190049452476,False
730630,Canada,"Great Falls, MT",2025,May,49216,1344,205516,256076,140854.0,0.0,0.0,140854.0,2025-05-01,1.818024337257018,1.7457582398720637,1.0413952492014302,False
730630,Canada,"Great Falls, MT",2025,June,16178,201,39927,56306,23916.0,0.0,0.0,23916.0,2025-06-01,2.354323465462452,1.7911549949884793,1.3144163805196518,False
730630,Canada,"Great Falls, MT",2025,July,37402,13,74803,112218,41524.0,0.0,0.0,41524.0,2025-07-01,2.702485309700414,1.7911549949884793,1.5087947817256298,False
730630,Canada,"Great Falls, MT",2025,August,274520,5642,554996,835158,499163.0,0.0,0.0,499163.0,2025-08-01,1.6731167975190468,1.7627809468462792,0.9491348318192077,False
730630,Canada,"Great Falls, MT",2025,September,79827,1114,159650,240591,179895.0,0.0,0.0,179895.0,2025-09-01,1.3373968148086384,1.6989698835963534,0.7871810016888924,False
730630,Canada,"Great Falls, MT",2025,October,95434,3114,190860,289408,205949.0,0.0,0.0,205949.0,2025-10-01,1.405241103379963,1.6805848090862066,0.8361619692040667,False
730630,Canada,"Great Falls, MT",2025,November,73026,812,146048,219886,154791.0,0.0,0.0,154791.0,2025-11-01,1.4205347856141506,1.6652767222315439,0.8530322718440282,False
730630,Canada,"Great Falls, MT",2025,December,161613,1968,346647,510228,315412.0,0.0,0.0,315412.0,2025-12-01,1.6176556377056042,1.6488830120240787,0.9810614979408748,False
730630,Canada,"Great Falls, MT",2026,January,101909,1141,203812,306862,192049.0,0.0,0.0,192049.0,2026-01-01,1.5978318033418555,1.6652767222315439,0.9594992724096274,False
730630,Canada,"Great Falls, MT",2026,February,25607,206,51213,77026,60228.0,0.0,0.0,60228.0,2026-02-01,1.278906820747825,1.6636533784535024,0.7687339426056827,False
730630,Canada,"Great Falls, MT",2026,March,94748,1206,189491,285445,191067.0,0.0,0.0,191067.0,2026-03-01,1.4939523831954236,1.7099645860909878,0.8736744581422167,False
730630,Canada,"Great Falls, MT",2026,April,81372,1905,162741,246018,186245.0,0.0,0.0,186245.0,2026-04-01,1.320937474831539,1.7924561983302096,0.7369426801402895,False
730630,Canada,"Great Falls, MT",2026,May,119266,2051,238521,359838,244717.0,0.0,0.0,244717.0,2026-05-01,1.470425021555511,1.7991213145968543,0.817301762602375,False
730630,Canada,"Great Falls, MT",2026,June,61870,806,123737,186413,125446.0,0.0,0.0,125446.0,2026-06-01,1.486001945060026,1.8327017868120594,0.8108258287044563,False
730630,Canada,"Laredo, TX",2022,May,0,1,2663,2664,1775.0,0.0,0.0,1775.0,2022-05-01,1.5008450704225351,2.0928572278430826,0.7171273082824285,False
730630,Canada,"Laredo, TX",2022,October,0,8762,75028,83790,32651.0,0.0,0.0,32651.0,2022-10-01,2.5662307433156717,1.7480083269912785,1.468088397343473,False
730630,Canada,"Laredo, TX",2022,December,0,130,32457,32587,15588.0,0.0,0.0,15588.0,2022-12-01,2.090518347446754,1.5386750139023118,1.358648401097308,False
730630,Canada,"Laredo, TX",2023,August,0,200,34273,34473,19680.0,0.0,0.0,19680.0,2023-08-01,1.7516768292682927,1.6446037058432355,1.0651057291459511,False
730630,Canada,"Laredo, TX",2023,October,0,1,3056,3057,2996.0,0.0,0.0,2996.0,2023-10-01,1.0203604806408544,1.4549868243401942,0.7012850312947447,False
730630,Canada,"Laredo, TX",2023,December,0,869,26295,27164,5842.0,0.0,0.0,5842.0,2023-12-01,4.64977747346799,1.5103135525536862,3.078683539325989,True
730630,Canada,"Laredo, TX",2024,November,0,258,25485,25743,19429.0,0.0,0.0,19429.0,2024-11-01,1.3249781254825261,1.2716897533661937,1.041903594784244,False
730630,Canada,"Laredo, TX",2025,May,587,107,2349,3043,1042.0,0.0,0.0,1042.0,2025-05-01,2.920345489443378,1.7457582398720637,1.672823546092724,False
730630,Canada,"Laredo, TX",2025,November,27471,275,54940,82686,18815.0,0.0,0.0,18815.0,2025-11-01,4.3946850916821685,1.6652767222315439,2.639011902954542,False
730630,Canada,"Laredo, TX",2025,December,181711,1310,363406,546427,127282.0,0.0,0.0,127282.0,2025-12-01,4.293042221209598,1.6488830120240787,2.603606314034186,False
730630,Canada,"Laredo, TX",2026,January,212631,1609,425246,639486,135802.0,0.0,0.0,135802.0,2026-01-01,4.708958630947998,1.6652767222315439,2.8277334139624473,False
730630,Canada,"Laredo, TX",2026,February,452536,3287,905040,1360863,289651.0,0.0,0.0,289651.0,2026-02-01,4.698285177679345,1.6636533784535024,2.8240769612999395,False
730630,Canada,"Laredo, TX",2026,March,131743,756,263477,395976,85827.0,0.0,0.0,85827.0,2026-03-01,4.613653046244189,1.7099645860909878,2.698098594422408,False
730630,Canada,"Laredo, TX",2026,April,89801,489,179596,269886,91611.0,0.0,0.0,91611.0,2026-04-01,2.9459999345056818,1.7924561983302096,1.6435547698460211,False
730630,Canada,"Mobile, AL",2025,September,0,196,9875,10071,1039.0,0.0,0.0,1039.0,2025-09-01,9.692974013474494,1.6989698835963534,5.705206494276729,True
730630,Canada,"Ogdensburg, NY",2022,January,0,7204,2036484,2043688,814773.0,0.0,0.0,814773.0,2022-01-01,2.5082912664018076,2.3092215853094737,1.0862064006151473,False
730630,Canada,"Ogdensburg, NY",2022,February,0,6840,1722990,1729830,705504.0,0.0,0.0,705504.0,2022-02-01,2.4519067220029935,2.2554884047270067,1.087084605207607,False
730630,Canada,"Ogdensburg, NY",2022,March,0,14333,3405982,3420315,1534327.0,0.0,0.0,1534327.0,2022-03-01,2.2291956017198418,2.0692205567140682,1.0773117416056481,False
730630,Canada,"Ogdensburg, NY",2022,April,0,12137,2760828,2772965,1171173.0,0.0,0.0,1171173.0,2022-04-01,2.3676818027738005,2.0692205567140682,1.1442384887832788,False
730630,Canada,"Ogdensburg, NY",2022,May,0,22982,2670692,2693674,1278329.0,0.0,0.0,1278329.0,2022-05-01,2.107183674938142,2.0928572278430826,1.0068454010643737,False
730630,Canada,"Ogdensburg, NY",2022,June,0,4959,999927,1004886,402229.0,0.0,0.0,402229.0,2022-06-01,2.498293260804169,2.0928572278430826,1.193723693889493,False
730630,Canada,"Ogdensburg, NY",2022,July,0,10721,3136063,3146784,1330125.0,0.0,0.0,1330125.0,2022-07-01,2.365780659712433,2.0300605599442627,1.165374425961651,False
730630,Canada,"Ogdensburg, NY",2022,August,0,9068,2275038,2284106,1048396.0,0.0,0.0,1048396.0,2022-08-01,2.1786672211645217,1.9509885027218397,1.1166991594901998,False
730630,Canada,"Ogdensburg, NY",2022,September,0,5408,1105841,1111249,530365.0,0.0,0.0,530365.0,2022-09-01,2.09525326897514,1.840679964824712,1.1383039469192413,False
730630,Canada,"Ogdensburg, NY",2022,October,0,11201,2515747,2526948,1239755.0,0.0,0.0,1239755.0,2022-10-01,2.0382640118410493,1.7480083269912785,1.1660493719439924,False
730630,Canada,"Ogdensburg, NY",2022,November,0,13553,2648004,2661557,1400656.0,0.0,0.0,1400656.0,2022-11-01,1.9002217532356267,1.631324163115417,1.1648339405496717,False
730630,Canada,"Ogdensburg, NY",2022,December,0,5570,996343,1001913,664323.0,0.0,0.0,664323.0,2022-12-01,1.5081714768267847,1.5386750139023118,0.9801754517361235,False
730630,Canada,"Ogdensburg, NY",2023,January,0,6775,1305766,1312541,818768.0,0.0,0.0,818768.0,2023-01-01,1.603068268422801,1.5386750139023118,1.0418498083992267,False
730630,Canada,"Ogdensburg, NY",2023,February,0,8947,1776779,1785726,1071879.0,0.0,0.0,1071879.0,2023-02-01,1.665977223175377,1.5326885713780833,1.0869639496805605,False
730630,Canada,"Ogdensburg, NY",2023,March,0,11041,2382929,2393970,1320646.0,0.0,0.0,1320646.0,2023-03-01,1.8127264990012464,1.5546945678485165,1.1659695328515944,False
730630,Canada,"Ogdensburg, NY",2023,April,0,9421,2007058,2016479,1107024.0,0.0,0.0,1107024.0,2023-04-01,1.8215314211796674,1.6046845912621401,1.135133615103121,False
730630,Canada,"Ogdensburg, NY",2023,May,0,8750,2049317,2058067,1175584.0,0.0,0.0,1175584.0,2023-05-01,1.7506762596292567,1.6487233522184714,1.0618374861213682,False
730630,Canada,"Ogdensburg, NY",2023,June,0,15474,3813872,3829346,2054787.0,0.0,0.0,2054787.0,2023-06-01,1.8636218741893928,1.7004764608050442,1.0959410007399408,False
730630,Canada,"Ogdensburg, NY",2023,July,0,5683,1352235,1357918,758354.0,0.0,0.0,758354.0,2023-07-01,1.790612299796665,1.7004764608050442,1.0530062256486328,False
730630,Canada,"Ogdensburg, NY",2023,August,0,5501,831095,836596,633436.0,0.0,0.0,633436.0,2023-08-01,1.3207269558408425,1.6446037058432355,0.8030669948926499,False
730630,Canada,"Ogdensburg, NY",2023,September,0,9337,2089342,2098679,1310868.0,0.0,0.0,1310868.0,2023-09-01,1.600984233347675,1.614727384221876,0.9914888723579655,False
730630,Canada,"Ogdensburg, NY",2023,October,0,8021,1408313,1416334,972946.0,0.0,0.0,972946.0,2023-10-01,1.455716966820358,1.4549868243401942,1.0005018206817748,False
730630,Canada,"Ogdensburg, NY",2023,November,0,6038,1152335,1158373,765968.0,0.0,0.0,765968.0,2023-11-01,1.5122994694295322,1.4549868243401942,1.039390490780099,False
730630,Canada,"Ogdensburg, NY",2023,December,0,11356,2356742,2368098,1540641.0,0.0,0.0,1540641.0,2023-12-01,1.537086186853394,1.5103135525536862,1.0177265404620384,False
730630,Canada,"Ogdensburg, NY",2024,January,0,7751,1637378,1645129,970898.0,0.0,0.0,970898.0,2024-01-01,1.6944406106511705,1.57223457636945,1.0777276089194745,False
730630,Canada,"Ogdensburg, NY",2024,February,0,7039,1575559,1582598,967597.0,0.0,0.0,967597.0,2024-02-01,1.6355962244612168,1.57223457636945,1.040300378228597,False
730630,Canada,"Ogdensburg, NY",2024,March,0,10755,2067973,2078728,1418426.0,0.0,0.0,1418426.0,2024-03-01,1.4655174115533698,1.5464711716865769,0.947652590222604,False
730630,Canada,"Ogdensburg, NY",2024,April,0,10813,2138619,2149432,1439514.0,0.0,0.0,1439514.0,2024-04-01,1.493165054316943,1.5464711716865769,0.9655304810425284,False
730630,Canada,"Ogdensburg, NY",2024,May,0,4336,776351,780687,563963.0,0.0,0.0,563963.0,2024-05-01,1.3842876217056792,1.5173227007809191,0.9123224881518145,False
730630,Canada,"Ogdensburg, NY",2024,June,0,3960,723185,727145,532054.0,0.0,0.0,532054.0,2024-06-01,1.3666751871050682,1.493084399640079,0.9153368606855159,False
730630,Canada,"Ogdensburg, NY",2024,July,0,4001,703327,707328,593420.0,0.0,0.0,593420.0,2024-07-01,1.191951737386674,1.4045828490236958,0.8486161839546749,False
730630,Canada,"Ogdensburg, NY",2024,August,0,4550,704528,709078,536042.0,0.0,0.0,536042.0,2024-08-01,1.3228030639390198,1.3605216947473917,0.9722763474085027,False
730630,Canada,"Ogdensburg, NY",2024,September,0,9836,1523523,1533359,1225999.0,0.0,0.0,1225999.0,2024-09-01,1.2507016726767315,1.3481841272320496,0.9276935156064633,False
730630,Canada,"Ogdensburg, NY",2024,October,0,8322,1305292,1313614,1064736.0,0.0,0.0,1064736.0,2024-10-01,1.2337462056321942,1.3120069572435742,0.9403503531903521,False
730630,Canada,"Ogdensburg, NY",2024,November,0,11568,1860360,1871928,1611778.0,0.0,0.0,1611778.0,2024-11-01,1.1614056030048803,1.2716897533661937,0.9132774719074455,False
730630,Canada,"Ogdensburg, NY",2024,December,0,7255,1075381,1082636,957800.0,0.0,0.0,957800.0,2024-12-01,1.130336187095427,1.2716897533661937,0.8888458714898029,False
730630,Canada,"Ogdensburg, NY",2025,January,0,16145,2609605,2625750,2241702.0,0.0,0.0,2241702.0,2025-01-01,1.171319827523908,1.262463785063216,0.9278046953760783,False
730630,Canada,"Ogdensburg, NY",2025,February,0,8090,1286673,1294763,1142680.0,0.0,0.0,1142680.0,2025-02-01,1.1330932544544405,1.255985073353246,0.9021550323279661,False
730630,Canada,"Ogdensburg, NY",2025,March,11578,8370,1535342,1555290,1207865.0,0.0,0.0,1207865.0,2025-03-01,1.2876356215305518,1.255985073353246,1.0251997805139552,False
730630,Canada,"Ogdensburg, NY",2025,April,115798,3872,621399,741069,450644.0,0.0,0.0,450644.0,2025-04-01,1.6444665855975005,1.6308011492550385,1.0083795846898345,False
730630,Canada,"Ogdensburg, NY",2025,May,129602,2745,573548,705895,402094.0,0.0,0.0,402094.0,2025-05-01,1.755547210353798,1.7457582398720637,1.0056072887173952,False
730630,Canada,"Ogdensburg, NY",2025,June,211462,5476,748888,965826,693942.0,0.0,0.0,693942.0,2025-06-01,1.3917964325548822,1.7911549949884793,0.7770385234382434,False
730630,Canada,"Ogdensburg, NY",2025,July,49902,8872,240633,299407,261444.0,0.0,0.0,261444.0,2025-07-01,1.145205091721363,1.7911549949884793,0.639366830299758,False
730630,Canada,"Ogdensburg, NY",2025,August,63986,6118,146586,216690,167666.0,0.0,0.0,167666.0,2025-08-01,1.2923908246156048,1.7627809468462792,0.7331545232138852,False
730630,Canada,"Ogdensburg, NY",2025,September,100905,1794,230972,333671,393133.0,0.0,0.0,393133.0,2025-09-01,0.848748387950134,1.6989698835963534,0.49956647033290336,False
730630,Canada,"Ogdensburg, NY",2025,October,39134,612,78263,118009,122688.0,0.0,0.0,122688.0,2025-10-01,0.9618626108502869,1.6805848090862066,0.5723380371224976,False
730630,Canada,"Ogdensburg, NY",2025,November,31526,566,121317,153409,115684.0,0.0,0.0,115684.0,2025-11-01,1.3261038691608174,1.6652767222315439,0.7963264311914359,False
730630,Canada,"Ogdensburg, NY",2025,December,33728,824,95672,130224,176422.0,0.0,0.0,176422.0,2025-12-01,0.7381392343358538,1.6488830120240787,0.44766016081987187,False
730630,Canada,"Ogdensburg, NY",2026,January,42509,839,91682,135030,100928.0,0.0,0.0,100928.0,2026-01-01,1.337884432466709,1.6652767222315439,0.8034006688533334,False
730630,Canada,"Ogdensburg, NY",2026,February,50448,1174,157523,209145,172574.0,0.0,0.0,172574.0,2026-02-01,1.2119148886854334,1.6636533784535024,0.7284659799819625,False
730630,Canada,"Ogdensburg, NY",2026,March,72638,1466,221761,295865,224489.0,0.0,0.0,224489.0,2026-03-01,1.3179487636365257,1.7099645860909878,0.7707462332008771,False
730630,Canada,"Ogdensburg, NY",2026,April,128549,2338,274504,405391,317055.0,0.0,0.0,317055.0,2026-04-01,1.2786141205784485,1.7924561983302096,0.7133307479254228,False
730630,Canada,"Ogdensburg, NY",2026,May,226335,4608,514985,745928,646962.0,0.0,0.0,646962.0,2026-05-01,1.1529703444715456,1.7991213145968543,0.640851917609515,False
730630,Canada,"Ogdensburg, NY",2026,June,140159,2341,310504,453004,326873.0,0.0,0.0,326873.0,2026-06-01,1.3858715770345058,1.8327017868120594,0.7561904435337492,False
730630,Canada,"Pembina, ND",2022,January,0,18246,1592943,1611189,789425.0,0.0,0.0,789425.0,2022-01-01,2.0409652595243375,2.3092215853094737,0.8838325747984962,False
730630,Canada,"Pembina, ND",2022,February,0,12124,1958714,1970838,1009503.0,0.0,0.0,1009503.0,2022-02-01,1.952285431544037,2.2554884047270067,0.8655710343943586,False
730630,Canada,"Pembina, ND",2022,March,0,8215,2026425,2034640,930088.0,0.0,0.0,930088.0,2022-03-01,2.18757794961337,2.0692205567140682,1.0571990223638865,False
730630,Canada,"Pembina, ND",2022,April,0,12197,3635666,3647863,1851988.0,0.0,0.0,1851988.0,2022-04-01,1.9697012075672196,2.0692205567140682,0.9519049098831273,False
730630,Canada,"Pembina, ND",2022,May,0,26640,6826001,6852641,2478641.0,0.0,0.0,2478641.0,2022-05-01,2.764676691783925,2.0928572278430826,1.321005874171945,False
730630,Canada,"Pembina, ND",2022,June,0,6254,2793084,2799338,1006706.0,0.0,0.0,1006706.0,2022-06-01,2.7806906882446314,2.0928572278430826,1.3286576127844307,False
730630,Canada,"Pembina, ND",2022,July,0,19289,3953572,3972861,1725817.0,0.0,0.0,1725817.0,2022-07-01,2.302017537201221,2.0300605599442627,1.1339649578061972,False
730630,Canada,"Pembina, ND",2022,August,0,13782,2961585,2975367,1286325.0,0.0,0.0,1286325.0,2022-08-01,2.313075622412687,1.9509885027218397,1.185591621470704,False
730630,Canada,"Pembina, ND",2022,September,0,5296,1730343,1735639,711965.0,0.0,0.0,711965.0,2022-09-01,2.437815061133623,1.840679964824712,1.3244100591738532,False
730630,Canada,"Pembina, ND",2022,October,0,8448,1751962,1760410,742656.0,0.0,0.0,742656.0,2022-10-01,2.3704245303343674,1.7480083269912785,1.3560716466462202,False
730630,Canada,"Pembina, ND",2022,November,0,12191,1200444,1212635,630062.0,0.0,0.0,630062.0,2022-11-01,1.9246280524773753,1.631324163115417,1.1797949763717237,False
730630,Canada,"Pembina, ND",2022,December,0,7285,656030,663315,396310.0,0.0,0.0,396310.0,2022-12-01,1.6737276374555272,1.5386750139023118,1.0877720261478099,False
730630,Canada,"Pembina, ND",2023,January,0,15837,1302770,1318607,849715.0,0.0,0.0,849715.0,2023-01-01,1.5518226699540434,1.5386750139023118,1.0085447907666916,False
730630,Canada,"Pembina, ND",2023,February,0,9375,2616538,2625913,1270142.0,0.0,0.0,1270142.0,2023-02-01,2.067416871499407,1.5326885713780833,1.348882551946306,False
730630,Canada,"Pembina, ND",2023,March,0,7981,1554617,1562598,788227.0,0.0,0.0,788227.0,2023-03-01,1.9824213075674901,1.5546945678485165,1.2751194662697565,False
730630,Canada,"Pembina, ND",2023,April,0,7493,2147286,2154779,1162769.0,0.0,0.0,1162769.0,2023-04-01,1.853144519676737,1.6046845912621401,1.1548341211522288,False
730630,Canada,"Pembina, ND",2023,May,0,11508,1348369,1359877,686294.0,0.0,0.0,686294.0,2023-05-01,1.981478783145416,1.6487233522184714,1.2018261162366621,False
730630,Canada,"Pembina, ND",2023,June,0,9848,1318407,1328255,665583.0,0.0,0.0,665583.0,2023-06-01,1.9956263906980798,1.7004764608050442,1.1735689594628702,False
730630,Canada,"Pembina, ND",2023,July,0,7826,1367119,1374945,676195.0,0.0,0.0,676195.0,2023-07-01,2.033355762760742,1.7004764608050442,1.1957564892125028,False
730630,Canada,"Pembina, ND",2023,August,0,5946,959788,965734,590186.0,0.0,0.0,590186.0,2023-08-01,1.6363214308709457,1.6446037058432355,0.9949639691660289,False
730630,Canada,"Pembina, ND",2023,September,0,14809,587176,601985,388364.0,0.0,0.0,388364.0,2023-09-01,1.5500535580022865,1.614727384221876,0.9599475262192602,False
730630,Canada,"Pembina, ND",2023,October,0,9837,978926,988763,596258.0,0.0,0.0,596258.0,2023-10-01,1.6582804759013716,1.4549868243401942,1.1397219879660194,False
730630,Canada,"Pembina, ND",2023,November,0,10393,1007751,1018144,592837.0,0.0,0.0,592837.0,2023-11-01,1.717409675846818,1.4549868243401942,1.1803609813618945,False
730630,Canada,"Pembina, ND",2023,December,0,3035,656355,659390,386207.0,0.0,0.0,386207.0,2023-12-01,1.707348649817326,1.5103135525536862,1.1304597293260639,False
730630,Canada,"Pembina, ND",2024,January,0,6255,1226360,1232615,787458.0,0.0,0.0,787458.0,2024-01-01,1.5653088799656616,1.57223457636945,0.9955949980315398,False
730630,Canada,"Pembina, ND",2024,February,0,12726,1418070,1430796,807477.0,0.0,0.0,807477.0,2024-02-01,1.771934061279764,1.57223457636945,1.1270163421615196,False
730630,Canada,"Pembina, ND",2024,March,0,2927,1103799,1106726,539235.0,0.0,0.0,539235.0,2024-03-01,2.0524001594851966,1.5464711716865769,1.3271506104099278,False
730630,Canada,"Pembina, ND",2024,April,0,3955,1467168,1471123,807563.0,0.0,0.0,807563.0,2024-04-01,1.8216820235696782,1.5464711716865769,1.1779605445751422,False
730630,Canada,"Pembina, ND",2024,May,0,2311,1175141,1177452,563183.0,0.0,0.0,563183.0,2024-05-01,2.0907094141691065,1.5173227007809191,1.3778937157488536,False
730630,Canada,"Pembina, ND",2024,June,0,4269,1093146,1097415,602583.0,0.0,0.0,602583.0,2024-06-01,1.8211847994384176,1.493084399640079,1.2197467201970833,False
730630,Canada,"Pembina, ND",2024,July,0,2072,992387,994459,522181.0,0.0,0.0,522181.0,2024-07-01,1.9044335201778693,1.4045828490236958,1.3558712620630475,False
730630,Canada,"Pembina, ND",2024,August,0,2561,911147,913708,512258.0,0.0,0.0,512258.0,2024-08-01,1.783687126408958,1.3605216947473917,1.311031741202874,False
730630,Canada,"Pembina, ND",2024,September,0,1610,705487,707097,413535.0,0.0,0.0,413535.0,2024-09-01,1.709884290326091,1.3481841272320496,1.268286917037546,False
730630,Canada,"Pembina, ND",2024,October,0,2680,973310,975990,604173.0,0.0,0.0,604173.0,2024-10-01,1.6154147901346139,1.3120069572435742,1.2312547438989776,False
730630,Canada,"Pembina, ND",2024,November,0,614,523909,524523,322135.0,0.0,0.0,322135.0,2024-11-01,1.6282707560494825,1.2716897533661937,1.2803993676440422,False
730630,Canada,"Pembina, ND",2024,December,0,4045,803005,807050,617673.0,0.0,0.0,617673.0,2024-12-01,1.3065975038572188,1.2716897533661937,1.0274498952269007,False
730630,Canada,"Pembina, ND",2025,January,0,10391,1108595,1118986,857368.0,0.0,0.0,857368.0,2025-01-01,1.3051408496701533,1.262463785063216,1.0338045852181021,False
730630,Canada,"Pembina, ND",2025,February,0,9176,1123242,1132418,1035721.0,0.0,0.0,1035721.0,2025-02-01,1.0933620154462447,1.255985073353246,0.8705215043098975,False
730630,Canada,"Pembina, ND",2025,March,0,9827,1684170,1693997,1345767.0,0.0,0.0,1345767.0,2025-03-01,1.2587595029451606,1.255985073353246,1.0022089670098604,False
730630,Canada,"Pembina, ND",2025,April,197683,720,830639,1029042,366581.0,0.0,0.0,366581.0,2025-04-01,2.8071340304052854,1.6308011492550385,1.7213220825160713,False
730630,Canada,"Pembina, ND",2025,May,306908,1655,1227612,1536175,628735.0,0.0,0.0,628735.0,2025-05-01,2.4432789649057236,1.7457582398720637,1.3995517300750515,False
730630,Canada,"Pembina, ND",2025,June,403069,537,939663,1343269,558520.0,0.0,0.0,558520.0,2025-06-01,2.4050508486714888,1.7911549949884793,1.3427374266328962,False
730630,Canada,"Pembina, ND",2025,July,302729,53,609075,911857,279036.0,0.0,0.0,279036.0,2025-07-01,3.2678829971759917,1.7911549949884793,1.8244557318151078,False
730630,Canada,"Pembina, ND",2025,August,111471,94,222936,334501,120199.0,0.0,0.0,120199.0,2025-08-01,2.782893368497242,1.7627809468462792,1.5786949441880487,False
730630,Canada,"Pembina, ND",2025,September,220123,1783,445631,667537,363298.0,0.0,0.0,363298.0,2025-09-01,1.837436484648966,1.6989698835963534,1.0815003269860843,False
730630,Canada,"Pembina, ND",2025,October,266527,1030,532979,800536,376402.0,0.0,0.0,376402.0,2025-10-01,2.126811228420678,1.6805848090862066,1.2655185367152644,False
730630,Canada,"Pembina, ND",2025,November,254969,471,517180,772620,356056.0,0.0,0.0,356056.0,2025-11-01,2.1699395600692024,1.6652767222315439,1.3030504366633961,False
730630,Canada,"Pembina, ND",2025,December,178410,777,356809,535996,236335.0,0.0,0.0,236335.0,2025-12-01,2.2679501554996087,1.6488830120240787,1.3754463712471614,False
730630,Canada,"Pembina, ND",2026,January,176946,721,413850,591517,277476.0,0.0,0.0,277476.0,2026-01-01,2.1317771627095676,1.6652767222315439,1.280133886608883,False
730630,Canada,"Pembina, ND",2026,February,265454,1224,530900,797578,394936.0,0.0,0.0,394936.0,2026-02-01,2.0195120222010656,1.6636533784535024,1.2139019151203012,False
730630,Canada,"Pembina, ND",2026,March,390008,485,779999,1170492,520304.0,0.0,0.0,520304.0,2026-03-01,2.249630984962637,1.7099645860909878,1.3156009213648905,False
730630,Canada,"Pembina, ND",2026,April,513192,943,1026372,1540507,562946.0,0.0,0.0,562946.0,2026-04-01,2.736509363242656,1.7924561983302096,1.5266813023335764,False
730630,Canada,"Pembina, ND",2026,May,338138,4254,676261,1018653,485003.0,0.0,0.0,485003.0,2026-05-01,2.100302472355841,1.7991213145968543,1.1674045854025554,False
730630,Canada,"Pembina, ND",2026,June,262377,681,524742,787800,343302.0,0.0,0.0,343302.0,2026-06-01,2.294772532638901,1.8327017868120594,1.2521254407846694,False
730630,Canada,"Portland, ME",2022,April,0,44,4261,4305,1810.0,0.0,0.0,1810.0,2022-04-01,2.3784530386740332,2.0692205567140682,1.1494439444633333,False
730630,Canada,"Portland, ME",2022,June,0,150,51569,51719,37815.0,0.0,0.0,37815.0,2022-06-01,1.3676847811714927,2.0928572278430826,0.6535012340908897,False
730630,Canada,"Portland, ME",2022,October,0,182,11394,11576,7127.0,0.0,0.0,7127.0,2022-10-01,1.6242458257331276,1.7480083269912785,0.929197991023776,False
730630,Canada,"Portland, ME",2023,January,0,345,19377,19722,14489.0,0.0,0.0,14489.0,2023-01-01,1.3611705431706813,1.5386750139023118,0.884638101530321,False
730630,Canada,"Portland, ME",2023,November,0,11,2567,2578,1745.0,0.0,0.0,1745.0,2023-11-01,1.4773638968481375,1.4549868243401942,1.0153795705456583,False
730630,Canada,"Portland, ME",2023,December,0,35,2357,2392,1273.0,0.0,0.0,1273.0,2023-12-01,1.8790259230164965,1.5103135525536862,1.2441296840906841,False
730630,Canada,"Portland, ME",2024,April,0,22,5670,5692,4008.0,0.0,0.0,4008.0,2024-04-01,1.4201596806387227,1.5464711716865769,0.9183227638766138,False
730630,Canada,"Portland, ME",2025,June,0,100,52835,52935,20656.0,0.0,0.0,20656.0,2025-06-01,2.5626936483346245,1.7911549949884793,1.4307492402973803,False
730630,Canada,"Portland, ME",2025,July,2048,950,56438,59436,22734.0,0.0,0.0,22734.0,2025-07-01,2.6144101346001585,1.7911549949884793,1.4596225016344688,False
730630,Canada,"Portland, ME",2025,August,8857,156,40704,49717,12968.0,0.0,0.0,12968.0,2025-08-01,3.8338217149907465,1.7627809468462792,2.1748713144702885,False
730630,Canada,"Portland, ME",2025,October,17557,150,35114,52821,18381.0,0.0,0.0,18381.0,2025-10-01,2.8736739023992164,1.6805848090862066,1.7099249540174855,False
730630,Canada,"Portland, ME",2026,January,2650,251,5299,8200,3626.0,0.0,0.0,3626.0,2026-01-01,2.2614451185879756,1.6652767222315439,1.3579995975428876,False
730630,Canada,"Seattle, WA",2022,January,0,150,49552,49702,48580.0,0.0,0.0,48580.0,2022-01-01,1.023095924248662,2.3092215853094737,0.4430479650620234,False
730630,Canada,"Seattle, WA",2022,February,0,153,107500,107653,60910.0,0.0,0.0,60910.0,2022-02-01,1.7674109341651618,2.2554884047270067,0.7836045312673999,False
730630,Canada,"Seattle, WA",2022,March,0,660,142649,143309,73435.0,0.0,0.0,73435.0,2022-03-01,1.9515081364471982,2.0692205567140682,0.9431126759856872,False
730630,Canada,"Seattle, WA",2022,April,0,346,147551,147897,32607.0,0.0,0.0,32607.0,2022-04-01,4.535743858680651,2.0692205567140682,2.1920059918037125,False
730630,Canada,"Seattle, WA",2022,May,0,852,204356,205208,117681.0,0.0,0.0,117681.0,2022-05-01,1.7437649238194781,2.0928572278430826,0.8331982232809153,False
730630,Canada,"Seattle, WA",2022,June,0,460,108572,109032,76309.0,0.0,0.0,76309.0,2022-06-01,1.4288222883277202,2.0928572278430826,0.6827136936618831,False
730630,Canada,"Seattle, WA",2022,July,0,150,49353,49503,48385.0,0.0,0.0,48385.0,2022-07-01,1.023106334607833,2.0300605599442627,0.5039782333567051,False
730630,Canada,"Seattle, WA",2022,August,0,700,135478,136178,93966.0,0.0,0.0,93966.0,2022-08-01,1.4492263159014962,1.9509885027218397,0.7428164306861209,False
730630,Canada,"Seattle, WA",2022,September,0,152,84639,84791,38768.0,0.0,0.0,38768.0,2022-09-01,2.18713887742468,1.840679964824712,1.1882233300849565,False
730630,Canada,"Seattle, WA",2022,October,0,150,8308,8458,8145.0,0.0,0.0,8145.0,2022-10-01,1.0384284837323512,1.7480083269912785,0.5940638083342107,False
730630,Canada,"Seattle, WA",2022,November,0,250,61522,61772,56049.0,0.0,0.0,56049.0,2022-11-01,1.1021070848721655,1.631324163115417,0.6755904864226491,False
730630,Canada,"Seattle, WA",2022,December,0,350,92627,92977,25996.0,0.0,0.0,25996.0,2022-12-01,3.5765887059547623,1.5386750139023118,2.3244601190240908,False
730630,Canada,"Seattle, WA",2023,February,0,150,24558,24708,24076.0,0.0,0.0,24076.0,2023-02-01,1.0262502076756936,1.5326885713780833,0.6695751680023054,False
730630,Canada,"Seattle, WA",2023,March,0,501,99445,99946,87264.0,0.0,0.0,87264.0,2023-03-01,1.145329116244958,1.5546945678485165,0.7366907558118866,False
730630,Canada,"Seattle, WA",2023,April,0,2123,110611,112734,90060.0,0.0,0.0,90060.0,2023-04-01,1.251765489673551,1.6046845912621401,0.7800694893499251,False
730630,Canada,"Seattle, WA",2023,May,0,150,7270,7420,1237.0,0.0,0.0,1237.0,2023-05-01,5.998383185125303,1.6487233522184714,3.6381987172402592,True
730630,Canada,"Seattle, WA",2023,June,0,834,98934,99768,91831.0,0.0,0.0,91831.0,2023-06-01,1.0864305082161798,1.7004764608050442,0.638897705000773,False
730630,Canada,"Seattle, WA",2023,July,0,300,66225,66525,64926.0,0.0,0.0,64926.0,2023-07-01,1.024628038074115,1.7004764608050442,0.6025534970293166,False
730630,Canada,"Seattle, WA",2023,August,0,280,40460,40740,26648.0,0.0,0.0,26648.0,2023-08-01,1.5288201741218854,1.6446037058432355,0.929597913886504,False
730630,Canada,"Seattle, WA",2023,September,0,803,204086,204889,69155.0,0.0,0.0,69155.0,2023-09-01,2.962750343431422,1.614727384221876,1.8348300600965826,False
730630,Canada,"Seattle, WA",2023,October,0,45,7360,7405,3340.0,0.0,0.0,3340.0,2023-10-01,2.217065868263473,1.4549868243401942,1.5237704088962218,False
730630,Canada,"Seattle, WA",2023,November,0,1345,19114,20459,14551.0,0.0,0.0,14551.0,2023-11-01,1.4060202047969212,1.4549868243401942,0.9663456611949196,False
730630,Canada,"Seattle, WA",2023,December,0,609,58116,58725,37440.0,0.0,0.0,37440.0,2023-12-01,1.5685096153846154,1.5103135525536862,1.0385324376733094,False
730630,Canada,"Seattle, WA",2024,January,0,150,32500,32650,24008.0,0.0,0.0,24008.0,2024-01-01,1.3599633455514828,1.57223457636945,0.8649875571950996,False
730630,Canada,"Seattle, WA",2024,February,0,3278,112922,116200,84613.0,0.0,0.0,84613.0,2024-02-01,1.3733114296857456,1.57223457636945,0.8734774379895327,False
730630,Canada,"Seattle, WA",2024,March,0,1434,145029,146463,97220.0,0.0,0.0,97220.0,2024-03-01,1.5065110059658506,1.5464711716865769,0.974160419895092,False
730630,Canada,"Seattle, WA",2024,April,0,501,19578,20079,11887.0,0.0,0.0,11887.0,2024-04-01,1.689156221081854,1.5464711716865769,1.092264926762046,False
730630,Canada,"Seattle, WA",2024,May,0,6150,106888,113038,59310.0,0.0,0.0,59310.0,2024-05-01,1.9058843365368403,1.5173227007809191,1.2560837161112401,False
730630,Canada,"Seattle, WA",2024,June,0,336,50500,50836,33911.0,0.0,0.0,33911.0,2024-06-01,1.499100586830232,1.493084399640079,1.0040293684614234,False
730630,Canada,"Seattle, WA",2024,July,0,150,36400,36550,26253.0,0.0,0.0,26253.0,2024-07-01,1.3922218413133738,1.4045828490236958,0.9911995168395271,False
730630,Canada,"Seattle, WA",2024,September,0,537,79805,80342,66932.0,0.0,0.0,66932.0,2024-09-01,1.2003525966652722,1.3481841272320496,0.8903476701878328,False
730630,Canada,"Seattle, WA",2024,October,0,200,39274,39474,25534.0,0.0,0.0,25534.0,2024-10-01,1.5459387483355527,1.3120069572435742,1.178300724550616,False
730630,Canada,"Seattle, WA",2024,November,0,150,33200,33350,28029.0,0.0,0.0,28029.0,2024-11-01,1.1898390952228048,1.2716897533661937,0.935636299713253,False
730630,Canada,"Seattle, WA",2024,December,0,281,118827,119108,71953.0,0.0,0.0,71953.0,2024-12-01,1.655358358928745,1.2716897533661937,1.3016998482113826,False
730630,Canada,"Seattle, WA",2025,January,0,6433,111942,118375,85853.0,0.0,0.0,85853.0,2025-01-01,1.3788102920107626,1.262463785063216,1.09215829263706,False
730630,Canada,"Seattle, WA",2025,February,0,2950,123072,126022,92933.0,0.0,0.0,92933.0,2025-02-01,1.3560522096564191,1.255985073353246,1.0796722337121512,False
730630,Canada,"Seattle, WA",2025,March,1783,200,53282,55265,43690.0,0.0,0.0,43690.0,2025-03-01,1.2649347676813916,1.255985073353246,1.0071256374920536,False
730630,Canada,"Seattle, WA",2025,May,0,150,36520,36670,33808.0,0.0,0.0,33808.0,2025-05-01,1.084654519640322,1.7457582398720637,0.6213085494127811,False
730630,Canada,"Seattle, WA",2025,June,10759,350,49518,60627,47584.0,0.0,0.0,47584.0,2025-06-01,1.274104741089442,1.7911549949884793,0.7113313725804266,False
730630,Canada,"Seattle, WA",2025,July,0,150,11700,11850,11002.0,0.0,0.0,11002.0,2025-07-01,1.07707689510998,1.7911549949884793,0.6013309278781359,False
730630,Canada,"Seattle, WA",2025,August,88447,3350,194093,285890,207153.0,0.0,0.0,207153.0,2025-08-01,1.3800910438178544,1.7627809468462792,0.7829055823906652,False
730630,Canada,"Seattle, WA",2025,September,0,150,17625,17775,16650.0,0.0,0.0,16650.0,2025-09-01,1.0675675675675675,1.6989698835963534,0.6283616783764036,False
730630,Canada,"Seattle, WA",2025,October,0,150,27725,27875,28022.0,0.0,0.0,28022.0,2025-10-01,0.9947541217614732,1.6805848090862066,0.5919095045862971,False
730630,Canada,"Seattle, WA",2025,November,20210,601,40419,61230,40640.0,0.0,0.0,40640.0,2025-11-01,1.5066437007874016,1.6652767222315439,0.904740744089927,False
730630,Canada,"Seattle, WA",2025,December,6271,3150,25412,34833,19376.0,0.0,0.0,19376.0,2025-12-01,1.7977394715111479,1.6488830120240787,1.0902771502899657,False
730630,Canada,"Seattle, WA",2026,January,0,150,13405,13555,13549.0,0.0,0.0,13549.0,2026-01-01,1.0004428371097498,1.6652767222315439,0.6007667216828159,False
730630,Canada,"Seattle, WA",2026,February,0,61,3893,3954,1408.0,0.0,0.0,1408.0,2026-02-01,2.8082386363636362,1.6636533784535024,1.6879950311369045,False
730630,Canada,"Seattle, WA",2026,March,3733,1658,63123,68514,72206.0,0.0,0.0,72206.0,2026-03-01,0.9488685150818491,1.7099645860909878,0.5549053604969568,False
730630,Canada,"Seattle, WA",2026,April,0,150,43655,43805,52569.0,0.0,0.0,52569.0,2026-04-01,0.8332857767886016,1.7924561983302096,0.46488487560525155,False
730630,Canada,"Seattle, WA",2026,June,0,150,24750,24900,27774.0,0.0,0.0,27774.0,2026-06-01,0.8965219269820696,1.8327017868120594,0.4891804730225902,False
730630,Canada,"St. Albans, VT",2022,January,0,7459,1635510,1642969,622889.0,0.0,0.0,622889.0,2022-01-01,2.63765935824842,2.3092215853094737,1.1422287817801298,False
730630,Canada,"St. Albans, VT",2022,February,0,6776,1712001,1718777,671063.0,0.0,0.0,671063.0,2022-02-01,2.5612751708855948,2.2554884047270067,1.1355745236897368,False
730630,Canada,"St. Albans, VT",2022,March,0,7844,1833719,1841563,766774.0,0.0,0.0,766774.0,2022-03-01,2.4017024573081507,2.0692205567140682,1.1606797784389236,False
730630,Canada,"St. Albans, VT",2022,April,0,9494,2448251,2457745,989680.0,0.0,0.0,989680.0,2022-04-01,2.4833734136286476,2.0692205567140682,1.2001492086335426,False
730630,Canada,"St. Albans, VT",2022,May,0,7959,2222694,2230653,857077.0,0.0,0.0,857077.0,2022-05-01,2.602628468620672,2.0928572278430826,1.2435766921869604,False
730630,Canada,"St. Albans, VT",2022,June,0,6838,2030272,2037110,787758.0,0.0,0.0,787758.0,2022-06-01,2.5859591397358073,2.0928572278430826,1.235611825466432,False
730630,Canada,"St. Albans, VT",2022,July,0,7043,1913539,1920582,766831.0,0.0,0.0,766831.0,2022-07-01,2.5045701073639433,2.0300605599442627,1.2337415724350158,False
730630,Canada,"St. Albans, VT",2022,August,0,8636,2192623,2201259,927256.0,0.0,0.0,927256.0,2022-08-01,2.3739495888945448,1.9509885027218397,1.216793223323781,False
730630,Canada,"St. Albans, VT",2022,September,0,6542,1438679,1445221,620720.0,0.0,0.0,620720.0,2022-09-01,2.328297783219487,1.840679964824712,1.2649117867924482,False
730630,Canada,"St. Albans, VT",2022,October,0,8755,1925609,1934364,924959.0,0.0,0.0,924959.0,2022-10-01,2.091297019651682,1.7480083269912785,1.1963884767364248,False
730630,Canada,"St. Albans, VT",2022,November,0,7322,1491272,1498594,802739.0,0.0,0.0,802739.0,2022-11-01,1.8668508693361106,1.631324163115417,1.1443776237402732,False
730630,Canada,"St. Albans, VT",2022,December,0,6475,1196024,1202499,697934.0,0.0,0.0,697934.0,2022-12-01,1.7229408511406523,1.5386750139023118,1.119756176953192,False
730630,Canada,"St. Albans, VT",2023,January,0,6712,1192247,1198959,655846.0,0.0,0.0,655846.0,2023-01-01,1.8281105625405965,1.5386750139023118,1.1881070050681024,False
730630,Canada,"St. Albans, VT",2023,February,0,8499,1606095,1614594,958896.0,0.0,0.0,958896.0,2023-02-01,1.683805125894779,1.5326885713780833,1.09859573388795,False
730630,Canada,"St. Albans, VT",2023,March,0,8982,1862170,1871152,1017651.0,0.0,0.0,1017651.0,2023-03-01,1.8386971564907812,1.5546945678485165,1.1826742014254834,False
730630,Canada,"St. Albans, VT",2023,April,0,5589,1358616,1364205,669597.0,0.0,0.0,669597.0,2023-04-01,2.0373523178867288,1.6046845912621401,1.2696278938431635,False
730630,Canada,"St. Albans, VT",2023,May,0,6899,1604530,1611429,863678.0,0.0,0.0,863678.0,2023-05-01,1.8657752078899774,1.6487233522184714,1.1316484390055177,False
730630,Canada,"St. Albans, VT",2023,June,0,7750,1803146,1810896,889476.0,0.0,0.0,889476.0,2023-06-01,2.035913279279036,1.7004764608050442,1.1972604891661884,False
730630,Canada,"St. Albans, VT",2023,July,0,4699,1042954,1047653,536470.0,0.0,0.0,536470.0,2023-07-01,1.9528640930527337,1.7004764608050442,1.1484217147752833,False
730630,Canada,"St. Albans, VT",2023,August,0,4429,866704,871133,535645.0,0.0,0.0,535645.0,2023-08-01,1.626325271401768,1.6446037058432355,0.988885812201125,False
730630,Canada,"St. Albans, VT",2023,September,0,7775,1518039,1525814,959321.0,0.0,0.0,959321.0,2023-09-01,1.5905145410139045,1.614727384221876,0.9850049962336898,False
730630,Canada,"St. Albans, VT",2023,October,0,8445,1539426,1547871,1062130.0,0.0,0.0,1062130.0,2023-10-01,1.4573272574920209,1.4549868243401942,1.0016085596877402,False
730630,Canada,"St. Albans, VT",2023,November,0,9676,1861713,1871389,1217547.0,0.0,0.0,1217547.0,2023-11-01,1.5370158195125116,1.4549868243401942,1.056377826795453,False
730630,Canada,"St. Albans, VT",2023,December,0,7673,1536679,1544352,956848.0,0.0,0.0,956848.0,2023-12-01,1.6139992976940956,1.5103135525536862,1.0686518007900374,False
730630,Canada,"St. Albans, VT",2024,January,0,7442,1686415,1693857,939822.0,0.0,0.0,939822.0,2024-01-01,1.8023168216960233,1.57223457636945,1.1463409142533114,False
730630,Canada,"St. Albans, VT",2024,February,0,7791,1484483,1492274,899390.0,0.0,0.0,899390.0,2024-02-01,1.659206795717097,1.57223457636945,1.055317584700675,False
730630,Canada,"St. Albans, VT",2024,March,0,7159,1431681,1438840,911793.0,0.0,0.0,911793.0,2024-03-01,1.5780336106989197,1.5464711716865769,1.0204093290519738,False
730630,Canada,"St. Albans, VT",2024,April,0,8917,1716212,1725129,1144228.0,0.0,0.0,1144228.0,2024-04-01,1.5076794135434546,1.5464711716865769,0.9749159513262597,False
730630,Canada,"St. Albans, VT",2024,May,0,4942,842426,847368,597899.0,0.0,0.0,597899.0,2024-05-01,1.4172427115616517,1.5173227007809191,0.9340417241712924,False
730630,Canada,"St. Albans, VT",2024,June,0,5013,806216,811229,549802.0,0.0,0.0,549802.0,2024-06-01,1.4754929956602558,1.493084399640079,0.9882180779706332,False
730630,Canada,"St. Albans, VT",2024,July,0,5164,721726,726890,578587.0,0.0,0.0,578587.0,2024-07-01,1.2563192743701466,1.4045828490236958,0.8944429837253067,False
730630,Canada,"St. Albans, VT",2024,August,0,4504,720566,725070,542442.0,0.0,0.0,542442.0,2024-08-01,1.3366774696649595,1.3605216947473917,0.9824742044360716,False
730630,Canada,"St. Albans, VT",2024,September,0,6671,1007398,1014069,798720.0,0.0,0.0,798720.0,2024-09-01,1.269617638221154,1.3481841272320496,0.9417242145016199,False
730630,Canada,"St. Albans, VT",2024,October,0,9432,1488876,1498308,1169105.0,0.0,0.0,1169105.0,2024-10-01,1.281585486333563,1.3120069572435742,0.9768130262251624,False
730630,Canada,"St. Albans, VT",2024,November,0,6884,1061548,1068432,837721.0,0.0,0.0,837721.0,2024-11-01,1.2754031473485803,1.2716897533661937,1.0029200471046944,False
730630,Canada,"St. Albans, VT",2024,December,0,6418,1095688,1102106,830084.0,0.0,0.0,830084.0,2024-12-01,1.3277041841548567,1.2716897533661937,1.0440472455175418,False
730630,Canada,"St. Albans, VT",2025,January,0,10743,1714180,1724923,1336827.0,0.0,0.0,1336827.0,2025-01-01,1.2903113117852947,1.262463785063216,1.0220580796467633,False
730630,Canada,"St. Albans, VT",2025,February,0,5734,1141759,1147493,871506.0,0.0,0.0,871506.0,2025-02-01,1.316678255800878,1.255985073353246,1.0483231717759134,False
730630,Canada,"St. Albans, VT",2025,March,0,8257,1384840,1393097,1127140.0,0.0,0.0,1127140.0,2025-03-01,1.2359573788526714,1.255985073353246,0.9840541938551034,False
730630,Canada,"St. Albans, VT",2025,April,252133,6747,1068222,1327102,768347.0,0.0,0.0,768347.0,2025-04-01,1.7272169996108528,1.6308011492550385,1.0591217699348923,False
730630,Canada,"St. Albans, VT",2025,May,111478,2420,458735,572633,387661.0,0.0,0.0,387661.0,2025-05-01,1.477148849123332,1.7457582398720637,0.8461359742638725,False
730630,Canada,"St. Albans, VT",2025,June,69615,1380,202860,273855,198683.0,0.0,0.0,198683.0,2025-06-01,1.3783514442604552,1.7911549949884793,0.7695322002378252,False
730630,Canada,"St. Albans, VT",2025,July,25270,309,50505,76084,24273.0,0.0,0.0,24273.0,2025-07-01,3.134511597247971,1.7911549949884793,1.7499946157747963,False
730630,Canada,"St. Albans, VT",2025,August,3525,19,7049,10593,4318.0,0.0,0.0,4318.0,2025-08-01,2.453219082908754,1.7627809468462792,1.391675515495961,False
730630,Canada,"St. Albans, VT",2025,September,19015,396,38026,57437,10827.0,0.0,0.0,10827.0,2025-09-01,5.304978295003233,1.6989698835963534,3.122467529426558,True
730630,Canada,"St. Albans, VT",2025,October,22780,394,49450,72624,40015.0,0.0,0.0,40015.0,2025-10-01,1.8149194052230413,1.6805848090862066,1.0799332443150413,False
730630,Canada,"St. Albans, VT",2025,November,15763,207,45434,61404,32725.0,0.0,0.0,32725.0,2025-11-01,1.8763636363636365,1.6652767222315439,1.126757860308782,False
730630,Canada,"St. Albans, VT",2025,December,3900,362,19030,23292,4729.0,0.0,0.0,4729.0,2025-12-01,4.925354197504758,1.6488830120240787,2.98708529446165,False
730630,Canada,"St. Albans, VT",2026,January,7622,96,15241,22959,15378.0,0.0,0.0,15378.0,2026-01-01,1.4929769801014436,1.6652767222315439,0.8965338674168153,False
730630,Canada,"St. Albans, VT",2026,February,23245,393,49276,72914,49599.0,0.0,0.0,49599.0,2026-02-01,1.470069961087925,1.6636533784535024,0.8836395730789016,False
730630,Canada,"St. Albans, VT",2026,March,57515,1446,150445,209406,134959.0,0.0,0.0,134959.0,2026-03-01,1.5516267903585534,1.7099645860909878,0.9074028801412797,False
730630,Canada,"St. Albans, VT",2026,April,92925,1647,217484,312056,245886.0,0.0,0.0,245886.0,2026-04-01,1.2691084486306663,1.7924561983302096,0.7080275935405975,False
730630,Canada,"St. Albans, VT",2026,May,79620,2660,208423,290703,219747.0,0.0,0.0,219747.0,2026-05-01,1.3228986061243158,1.7991213145968543,0.7353026143324581,False
730630,Canada,"St. Albans, VT",2026,June,166837,2414,333651,502902,338353.0,0.0,0.0,338353.0,2026-06-01,1.4863234550898026,1.8327017868120594,0.811001258243561,False
730630,India,"Baltimore, MD",2022,April,32621,2,130484,163107,126684.0,0.0,0.0,126684.0,2022-04-01,1.2875106564364875,2.16626401633449,0.5943461400494798,False
730630,India,"Baltimore, MD",2022,May,63968,3,255871,319842,204621.0,0.0,0.0,204621.0,2022-05-01,1.563094697025232,2.126845907818446,0.7349355641041873,False
730630,India,"Baltimore, MD",2022,June,46269,2,185075,231346,150213.0,0.0,0.0,150213.0,2022-06-01,1.5401196966973565,2.118182766697531,0.7270948101889076,False
730630,India,"Baltimore, MD",2023,September,6060,2330,24238,32628,7359.0,0.0,0.0,7359.0,2023-09-01,4.433754586220954,1.8290539687181095,2.4240698536240273,False
730630,India,"Baltimore, MD",2025,June,42726,36000,106794,185520,99998.0,0.0,0.0,99998.0,2025-06-01,1.8552371047420948,1.9295501251588763,0.9614868670951667,False
730630,India,"Buffalo, NY",2025,November,1102,25,2204,3331,357.0,0.0,0.0,357.0,2025-11-01,9.330532212885155,2.1395674470738277,4.360943248433708,True
730630,India,"Charleston, SC",2022,April,82985,2,331940,414927,308781.0,0.0,0.0,308781.0,2022-04-01,1.3437581975574922,2.16626401633449,0.6203113689859695,False
730630,India,"Charleston, SC",2022,May,147850,4,591400,739254,506024.0,0.0,0.0,506024.0,2022-05-01,1.4609069925537128,2.126845907818446,0.6868889688638506,False
730630,India,"Charleston, SC",2022,September,0,1,142837,142838,103143.0,0.0,0.0,103143.0,2022-09-01,1.3848540375982858,2.2297478884363553,0.6210809952014064,False
730630,India,"Charleston, SC",2023,September,49662,14720,198647,263029,195550.0,0.0,0.0,195550.0,2023-09-01,1.3450728713883917,1.8290539687181095,0.7353926644007582,False
730630,India,"Charleston, SC",2025,February,0,92,8845,8937,8038.0,0.0,0.0,8038.0,2025-02-01,1.1118437422244338,1.7736147984491373,0.6268800549006688,False
730630,India,"Charleston, SC",2025,August,67792,2,135583,203377,163218.0,0.0,0.0,163218.0,2025-08-01,1.2460451665870187,2.019119415866215,0.6171230670140713,False
730630,India,"Chicago, IL",2022,January,854293,325800,3739160,4919253,2082135.0,0.0,0.0,2082135.0,2022-01-01,2.3626004077545404,2.258955478187522,1.0458817938502172,False
730630,India,"Chicago, IL",2022,February,856845,256452,3657222,4770519,1978500.0,0.0,0.0,1978500.0,2022-02-01,2.4111796815769524,2.2820744566386915,1.056573625178042,False
730630,India,"Chicago, IL",2022,March,1299483,384869,5307425,6991777,2941709.0,0.0,0.0,2941709.0,2022-03-01,2.3767738413282893,2.2820744566386915,1.0414970617694403,False
730630,India,"Chicago, IL",2022,April,952456,317968,4324268,5594692,2353542.0,0.0,0.0,2353542.0,2022-04-01,2.377137098042015,2.16626401633449,1.0973441280090783,False
730630,India,"Chicago, IL",2022,May,676103,345315,2932495,3953913,1548750.0,0.0,0.0,1548750.0,2022-05-01,2.552970460048426,2.126845907818446,1.2003551600346383,False
730630,India,"Chicago, IL",2022,June,739048,304056,3333109,4376213,1872367.0,0.0,0.0,1872367.0,2022-06-01,2.337262406355164,2.118182766697531,1.1034281097467342,False
730630,India,"Chicago, IL",2022,July,474052,161251,2152032,2787335,1133962.0,0.0,0.0,1133962.0,2022-07-01,2.458049740643866,2.118182766697531,1.160452147609634,False
730630,India,"Chicago, IL",2022,August,792796,352436,3538936,4684168,1940593.0,0.0,0.0,1940593.0,2022-08-01,2.413781766707393,2.2297478884363553,1.0825357338493071,False
730630,India,"Chicago, IL",2022,September,566133,276151,2595332,3437616,1434800.0,0.0,0.0,1434800.0,2022-09-01,2.3958851407861723,2.2297478884363553,1.0745094336500631,False
730630,India,"Chicago, IL",2022,October,394834,159464,1683696,2237994,969504.0,0.0,0.0,969504.0,2022-10-01,2.3083906822457667,2.204360746730122,1.0471927907761738,False
730630,India,"Chicago, IL",2022,November,360124,317213,1592661,2269998,981195.0,0.0,0.0,981195.0,2022-11-01,2.3135034320395027,2.1184058057421074,1.0920964367490722,False
730630,India,"Chicago, IL",2022,December,356936,291678,1550418,2199032,1049691.0,0.0,0.0,1049691.0,2022-12-01,2.0949326992419675,1.912688456326019,1.0952817184174426,False
730630,India,"Chicago, IL",2023,January,363309,273748,1574034,2211091,968973.0,0.0,0.0,968973.0,2023-01-01,2.281891239487581,1.912688456326019,1.1930281860281335,False
730630,India,"Chicago, IL",2023,February,272443,228923,1294668,1796034,823917.0,0.0,0.0,823917.0,2023-02-01,2.1798724871558663,1.912688456326019,1.139690303429272,False
730630,India,"Chicago, IL",2023,March,181407,103596,831519,1116522,534889.0,0.0,0.0,534889.0,2023-03-01,2.087390094019507,1.8630419526264117,1.120420337865619,False
730630,India,"Chicago, IL",2023,April,389162,240345,1799700,2429207,1193601.0,0.0,0.0,1193601.0,2023-04-01,2.0351918270845952,1.844770504813189,1.1032222283338649,False
730630,India,"Chicago, IL",2023,May,473905,252164,2228417,2954486,1557556.0,0.0,0.0,1557556.0,2023-05-01,1.896873049829348,1.7886137729404068,1.060526916725553,False
730630,India,"Chicago, IL",2023,June,537540,302493,2489491,3329524,1741413.0,0.0,0.0,1741413.0,2023-06-01,1.9119668912544008,1.7886137729404068,1.0689657656561633,False
730630,India,"Chicago, IL",2023,July,428270,230283,1939592,2598145,1293551.0,0.0,0.0,1293551.0,2023-07-01,2.0085369652993967,1.8917352858409489,1.061743141512807,False
730630,India,"Chicago, IL",2023,August,737499,380081,2979393,4096973,1946511.0,0.0,0.0,1946511.0,2023-08-01,2.104777727945026,1.8917352858409489,1.1126174701601401,False
730630,India,"Chicago, IL",2023,September,503420,272199,2108022,2883641,1473451.0,0.0,0.0,1473451.0,2023-09-01,1.9570660985672412,1.8290539687181095,1.0699881643945415,False
730630,India,"Chicago, IL",2023,October,526997,309072,2206275,3042344,1484259.0,0.0,0.0,1484259.0,2023-10-01,2.049739297521524,1.8290539687181095,1.1206554495262278,False
730630,India,"Chicago, IL",2023,November,684454,367903,2868102,3920459,1964902.0,0.0,0.0,1964902.0,2023-11-01,1.9952440376161253,1.8531261832386348,1.0766908673909712,False
730630,India,"Chicago, IL",2023,December,465666,256079,1881537,2603282,1361523.0,0.0,0.0,1361523.0,2023-12-01,1.9120367412081911,1.8531261832386348,1.0317898254864657,False
730630,India,"Chicago, IL",2024,January,500950,272205,2115663,2888818,1485250.0,0.0,0.0,1485250.0,2024-01-01,1.9450045446894462,1.8531261832386348,1.0495801971187084,False
730630,India,"Chicago, IL",2024,February,310643,144360,1274615,1729618,893934.0,0.0,0.0,893934.0,2024-02-01,1.9348385898735254,1.9275339654919132,1.0037896216162125,False
730630,India,"Chicago, IL",2024,March,954469,521328,3935730,5411527,2816694.0,0.0,0.0,2816694.0,2024-03-01,1.9212335454259497,1.9575375138572497,0.9814542668151659,False
730630,India,"Chicago, IL",2024,April,803477,445363,3305223,4554063,2233036.0,0.0,0.0,2233036.0,2024-04-01,2.039404201275752,1.9672527081683555,1.0366762708257111,False
730630,India,"Chicago, IL",2024,May,538253,315076,2191645,3044974,1497081.0,0.0,0.0,1497081.0,2024-05-01,2.033940715298638,1.9672527081683555,1.0338990546834084,False
730630,India,"Chicago, IL",2024,June,510012,269479,2039945,2819436,1339176.0,0.0,0.0,1339176.0,2024-06-01,2.1053513503826236,1.8504735414738116,1.1377365324044646,False
730630,India,"Chicago, IL",2024,July,685205,394547,2782650,3862402,1979072.0,0.0,0.0,1979072.0,2024-07-01,1.9516227807780617,1.8243105300815077,1.0697865021317758,False
730630,India,"Chicago, IL",2024,August,463116,268631,1859671,2591418,1366494.0,0.0,0.0,1366494.0,2024-08-01,1.8963991060333965,1.8504735414738116,1.0248182767979528,False
730630,India,"Chicago, IL",2024,September,740068,412897,3035068,4188033,2211958.0,0.0,0.0,2211958.0,2024-09-01,1.8933600909239687,1.8899895307728454,1.0017833750379268,False
730630,India,"Chicago, IL",2024,October,727760,428673,2947915,4104348,2144088.0,0.0,0.0,2144088.0,2024-10-01,1.9142628474204417,1.8899895307728454,1.01284309582269,False
730630,India,"Chicago, IL",2024,November,749993,411270,3112254,4273517,2323803.0,0.0,0.0,2323803.0,2024-11-01,1.8390186259334376,1.8716388858283621,0.9825712854429783,False
730630,India,"Chicago, IL",2024,December,603140,359493,2412461,3375094,1813984.0,0.0,0.0,1813984.0,2024-12-01,1.860597447386526,1.8628176065916304,0.9988081714510061,False
730630,India,"Chicago, IL",2025,January,839152,527136,3356467,4722755,2540980.0,0.0,0.0,2540980.0,2025-01-01,1.8586352509661626,1.7814906601276939,1.0433033933688651,False
730630,India,"Chicago, IL",2025,February,414659,244169,1661115,2319943,1168926.0,0.0,0.0,1168926.0,2025-02-01,1.9846790985913565,1.7736147984491373,1.1190023337236334,False
730630,India,"Chicago, IL",2025,March,555349,371236,2221317,3147902,1612001.0,0.0,0.0,1612001.0,2025-03-01,1.9527915925610468,1.7814906601276939,1.0961559531393077,False
730630,India,"Chicago, IL",2025,April,459479,346065,1840846,2646390,1424843.0,0.0,0.0,1424843.0,2025-04-01,1.8573204205656342,1.7607456375049886,1.0548487987154658,False
730630,India,"Chicago, IL",2025,May,571735,431475,2286815,3290025,1764800.0,0.0,0.0,1764800.0,2025-05-01,1.8642480734360833,1.7931661444681326,1.0396404589654096,False
730630,India,"Chicago, IL",2025,June,719486,308872,1597018,2625376,1215831.0,0.0,0.0,1215831.0,2025-06-01,2.159326419543506,1.9295501251588763,1.1190828325155378,False
730630,India,"Chicago, IL",2025,July,1172865,497517,2345559,4015941,1904946.0,0.0,0.0,1904946.0,2025-07-01,2.1081652708265746,2.013944339676938,1.0467842776453051,False
730630,India,"Chicago, IL",2025,August,1200062,490952,2399969,4090983,1875250.0,0.0,0.0,1875250.0,2025-08-01,2.181566724436742,2.019119415866215,1.0804545324531167,False
730630,India,"Chicago, IL",2025,September,759990,285000,1519916,2564906,1064597.0,0.0,0.0,1064597.0,2025-09-01,2.4092741196903615,2.1520202444365992,1.119540639043157,False
730630,India,"Chicago, IL",2025,October,942118,375232,1886545,3203895,1376783.0,0.0,0.0,1376783.0,2025-10-01,2.3270878562562145,2.1520202444365992,1.0813503554495827,False
730630,India,"Chicago, IL",2025,November,1094698,447249,2183672,3725619,1669507.0,0.0,0.0,1669507.0,2025-11-01,2.231568361198845,2.1395674470738277,1.0429997728049385,False
730630,India,"Chicago, IL",2025,December,964076,394156,1928078,3286310,1536123.0,0.0,0.0,1536123.0,2025-12-01,2.1393534241724135,2.041961067134251,1.0476955014499103,False
730630,India,"Chicago, IL",2026,January,1097764,427881,2214563,3740208,1714224.0,0.0,0.0,1714224.0,2026-01-01,2.181866547195699,2.017901202219449,1.081255387922812,False
730630,India,"Chicago, IL",2026,February,1119061,498829,2500073,4117963,1927400.0,0.0,0.0,1927400.0,2026-02-01,2.1365378229739544,1.9190246064748433,1.1133457151957382,False
730630,India,"Chicago, IL",2026,March,1272949,552788,2545765,4371502,2081247.0,0.0,0.0,2081247.0,2026-03-01,2.100424409020169,1.9190246064748433,1.0945270852355293,False
730630,India,"Chicago, IL",2026,April,1274483,508506,2573628,4356617,2120322.0,0.0,0.0,2120322.0,2026-04-01,2.0546959376924825,1.9042245101257504,1.079019793499452,False
730630,India,"Chicago, IL",2026,May,1344848,485665,2689482,4519995,2108980.0,0.0,0.0,2108980.0,2026-05-01,2.1432137810695218,1.9641497008294966,1.0911662080361813,False
730630,India,"Chicago, IL",2026,June,1446249,583352,2892318,4921919,2275063.0,0.0,0.0,2275063.0,2026-06-01,2.1634209690017374,1.9536510889113083,1.1073732568118524,False
730630,India,"Cleveland, OH",2022,April,0,108,6040,6148,2096.0,0.0,0.0,2096.0,2022-04-01,2.933206106870229,2.16626401633449,1.354039066684712,False
730630,India,"Cleveland, OH",2022,June,0,65,3920,3985,3639.0,0.0,0.0,3639.0,2022-06-01,1.0950810662269854,2.118182766697531,0.5169908298018738,False
730630,India,"Cleveland, OH",2022,August,25344,6112,101374,132830,41707.0,0.0,0.0,41707.0,2022-08-01,3.184837077708778,2.2297478884363553,1.4283395419839118,False
730630,India,"Cleveland, OH",2022,September,245081,60003,980325,1285409,436872.0,0.0,0.0,436872.0,2022-09-01,2.9423011774615904,2.2297478884363553,1.319566751344666,False
730630,India,"Cleveland, OH",2022,October,192958,68049,776428,1037435,336919.0,0.0,0.0,336919.0,2022-10-01,3.0791822366800328,2.204360746730122,1.3968594937319552,False
730630,India,"Cleveland, OH",2022,November,9073,5000,36293,50366,19006.0,0.0,0.0,19006.0,2022-11-01,2.6500052614963696,2.1184058057421074,1.250943164106386,False
730630,India,"Cleveland, OH",2022,December,10737,2000,42947,55684,19229.0,0.0,0.0,19229.0,2022-12-01,2.8958344167663426,1.912688456326019,1.5140125968704785,False
730630,India,"Cleveland, OH",2023,January,10948,2000,43792,56740,18974.0,0.0,0.0,18974.0,2023-01-01,2.99040792663645,1.912688456326019,1.5634579258038526,False
730630,India,"Cleveland, OH",2023,March,0,65,12446,12511,11554.0,0.0,0.0,11554.0,2023-03-01,1.0828284576769949,1.8630419526264117,0.5812152840415022,False
730630,India,"Cleveland, OH",2023,April,11566,2001,46265,59832,17395.0,0.0,0.0,17395.0,2023-04-01,3.439609083069848,1.844770504813189,1.864518688961888,False
730630,India,"Cleveland, OH",2023,July,0,45,3430,3475,567.0,0.0,0.0,567.0,2023-07-01,6.128747795414462,1.8917352858409489,3.2397491558603555,True
730630,India,"Cleveland, OH",2023,December,4465,2520,17859,24844,17250.0,0.0,0.0,17250.0,2023-12-01,1.440231884057971,1.8531261832386348,0.7771904024047274,False
730630,India,"Cleveland, OH",2024,February,66708,38598,266826,372132,206524.0,0.0,0.0,206524.0,2024-02-01,1.8018825899169104,1.9275339654919132,0.9348123676031119,False
730630,India,"Cleveland, OH",2024,March,33178,17065,140257,190500,78522.0,0.0,0.0,78522.0,2024-03-01,2.4260716741804846,1.9575375138572497,1.2393487516875255,False
730630,India,"Cleveland, OH",2024,May,33938,20000,135754,189692,73414.0,0.0,0.0,73414.0,2024-05-01,2.5838668373879643,1.9672527081683555,1.3134392072047103,False
730630,India,"Cleveland, OH",2024,June,11972,5001,47886,64859,33176.0,0.0,0.0,33176.0,2024-06-01,1.9549975886182782,1.8504735414738116,1.0564850265631025,False
730630,India,"Cleveland, OH",2024,July,26696,5005,106778,138479,88313.0,0.0,0.0,88313.0,2024-07-01,1.568047739290931,1.8243105300815077,0.8595289636468156,False
730630,India,"Cleveland, OH",2024,August,12517,3,50069,62589,53226.0,0.0,0.0,53226.0,2024-08-01,1.1759102694172021,1.8504735414738116,0.6354645138458166,False
730630,India,"Cleveland, OH",2024,September,9569,5450,42359,57378,20213.0,0.0,0.0,20213.0,2024-09-01,2.8386681838420817,1.8899895307728454,1.5019491577190416,False
730630,India,"Cleveland, OH",2024,December,4856,7000,19422,31278,12285.0,0.0,0.0,12285.0,2024-12-01,2.546031746031746,1.8628176065916304,1.3667638404439295,False
730630,India,"Cleveland, OH",2025,March,9519,5000,38075,52594,19274.0,0.0,0.0,19274.0,2025-03-01,2.728753761544049,1.7814906601276939,1.531724988863235,False
730630,India,"Cleveland, OH",2025,June,5540,1,11079,16620,4132.0,0.0,0.0,4132.0,2025-06-01,4.022265246853824,1.9295501251588763,2.084561159831303,False
730630,India,"Cleveland, OH",2025,November,14326,5435,26074,45835,18567.0,0.0,0.0,18567.0,2025-11-01,2.468627134162762,2.1395674470738277,1.153797295588401,False
730630,India,"Cleveland, OH",2025,December,5858,2,11716,17576,19365.0,0.0,0.0,19365.0,2025-12-01,0.9076168344952233,2.041961067134251,0.4444829282514185,False
730630,India,"Cleveland, OH",2026,March,26773,8500,53545,88818,70203.0,0.0,0.0,70203.0,2026-03-01,1.2651596085637367,1.9190246064748433,0.659272217925217,False
730630,India,"Cleveland, OH",2026,May,2533,3000,5066,10599,1800.0,0.0,0.0,1800.0,2026-05-01,5.888333333333334,1.9641497008294966,2.997904554243794,False
730630,India,"Cleveland, OH",2026,June,16885,7465,33769,58119,23056.0,0.0,0.0,23056.0,2026-06-01,2.5207755031228314,1.9536510889113083,1.2902895084134798,False
730630,India,"Columbia-Snake, OR",2023,July,6458,2912,25831,35201,19250.0,0.0,0.0,19250.0,2023-07-01,1.8286233766233766,1.8917352858409489,0.9666380863697235,False
730630,India,"Columbia-Snake, OR",2023,December,6268,2912,25070,34250,18920.0,0.0,0.0,18920.0,2023-12-01,1.8102536997885834,1.8531261832386348,0.9768647791835067,False
730630,India,"Columbia-Snake, OR",2024,January,6017,2911,24069,32997,18740.0,0.0,0.0,18740.0,2024-01-01,1.7607790821771612,1.8531261832386348,0.9501668575530662,False
730630,India,"Columbia-Snake, OR",2024,June,7140,1530,28558,37228,19950.0,0.0,0.0,19950.0,2024-06-01,1.8660651629072682,1.8504735414738116,1.0084257467529305,False
730630,India,"Columbia-Snake, OR",2024,September,12747,23329,50987,87063,43160.0,0.0,0.0,43160.0,2024-09-01,2.017215013901761,1.8899895307728454,1.0673154433172394,False
730630,India,"Columbia-Snake, OR",2024,November,7035,11848,28139,47022,24900.0,0.0,0.0,24900.0,2024-11-01,1.888433734939759,1.8716388858283621,1.0089733384140305,False
730630,India,"Columbia-Snake, OR",2025,April,21671,17514,86680,125865,67460.0,0.0,0.0,67460.0,2025-04-01,1.8657723095167507,1.7607456375049886,1.0596489747153865,False
730630,India,"Columbia-Snake, OR",2025,June,12712,12154,50846,75712,42860.0,0.0,0.0,42860.0,2025-06-01,1.7664955669622024,1.9295501251588763,0.9154960754475098,False
730630,India,"Columbia-Snake, OR",2025,July,15223,5161,30445,50829,24440.0,0.0,0.0,24440.0,2025-07-01,2.079746317512275,2.013944339676938,1.032673185916296,False
730630,India,"Columbia-Snake, OR",2025,September,12439,3575,24877,40891,19950.0,0.0,0.0,19950.0,2025-09-01,2.049674185463659,2.1520202444365992,0.9524418698023287,False
730630,India,"Columbia-Snake, OR",2025,November,16368,2635,32735,51738,24920.0,0.0,0.0,24920.0,2025-11-01,2.0761637239165327,2.1395674470738277,0.9703661021558311,False
730630,India,"Columbia-Snake, OR",2026,January,35752,7952,71502,115206,61200.0,0.0,0.0,61200.0,2026-01-01,1.882450980392157,2.017901202219449,0.9328756919920991,False
730630,India,"Columbia-Snake, OR",2026,February,10186,2715,20371,33272,18270.0,0.0,0.0,18270.0,2026-02-01,1.821127531472359,1.9190246064748433,0.9489860241123658,False
730630,India,"Columbia-Snake, OR",2026,May,14364,4840,28727,47931,25820.0,0.0,0.0,25820.0,2026-05-01,1.8563516653756778,1.9641497008294966,0.945117199871123,False
730630,India,"Columbia-Snake, OR",2026,June,22996,11321,45990,80307,44640.0,0.0,0.0,44640.0,2026-06-01,1.798991935483871,1.9536510889113083,0.9208358369080004,False
730630,India,"Dallas-Fort Worth, TX",2026,April,5893,2500,11785,20178,18130.0,0.0,0.0,18130.0,2026-04-01,1.11296194153337,1.9042245101257504,0.584469917079196,False
730630,India,"Detroit, MI",2022,May,0,100,2565,2665,2515.0,0.0,0.0,2515.0,2022-05-01,1.0596421471172963,2.126845907818446,0.49822234098952434,False
730630,India,"Detroit, MI",2022,August,1540,87,6158,7785,4030.0,0.0,0.0,4030.0,2022-08-01,1.9317617866004964,2.2297478884363553,0.8663588366284647,False
730630,India,"Detroit, MI",2022,November,923,156,3692,4771,355.0,0.0,0.0,355.0,2022-11-01,13.43943661971831,2.1184058057421074,6.344127543122119,True
730630,India,"Detroit, MI",2023,September,31902,20543,127603,180048,64880.0,0.0,0.0,64880.0,2023-09-01,2.7750924784217017,1.8290539687181095,1.5172283190564477,False
730630,India,"Detroit, MI",2023,October,7955,6535,31818,46308,31867.0,0.0,0.0,31867.0,2023-10-01,1.4531647158502525,1.8290539687181095,0.7944897967492459,False
730630,India,"Detroit, MI",2023,December,17355,12000,69419,98774,77400.0,0.0,0.0,77400.0,2023-12-01,1.2761498708010335,1.8531261832386348,0.6886470453786138,False
730630,India,"Detroit, MI",2024,January,7944,2525,31777,42246,18260.0,0.0,0.0,18260.0,2024-01-01,2.3135815991237676,1.8531261832386348,1.248474939294427,False
730630,India,"Detroit, MI",2024,February,24524,7575,98093,130192,54955.0,0.0,0.0,54955.0,2024-02-01,2.369065599126558,1.9275339654919132,1.2290655529496541,False
730630,India,"Detroit, MI",2024,March,7775,2525,31101,41401,17850.0,0.0,0.0,17850.0,2024-03-01,2.3193837535014006,1.9575375138572497,1.1848476655403386,False
730630,India,"Detroit, MI",2024,April,8802,2100,35206,46108,18810.0,0.0,0.0,18810.0,2024-04-01,2.451249335459862,1.9672527081683555,1.2460266671800084,False
730630,India,"Detroit, MI",2024,May,17497,12000,69986,99483,39820.0,0.0,0.0,39820.0,2024-05-01,2.4983174284279257,1.9672527081683555,1.2699524662258705,False
730630,India,"Detroit, MI",2024,June,8679,6000,34715,49394,19620.0,0.0,0.0,19620.0,2024-06-01,2.517533129459735,1.8504735414738116,1.3604804786642035,False
730630,India,"Detroit, MI",2024,July,8748,6200,83953,98901,39424.0,0.0,0.0,39424.0,2024-07-01,2.5086495535714284,1.8243105300815077,1.3751220048372714,False
730630,India,"Detroit, MI",2024,August,8578,6000,34311,48889,17820.0,0.0,0.0,17820.0,2024-08-01,2.7434904601571266,1.8504735414738116,1.4825883205939117,False
730630,India,"Detroit, MI",2024,September,12240,200,48960,61400,20130.0,0.0,0.0,20130.0,2024-09-01,3.050173869846001,1.8899895307728454,1.6138575479826804,False
730630,India,"Detroit, MI",2024,November,24480,6200,97920,128600,40260.0,0.0,0.0,40260.0,2024-11-01,3.1942374565325387,1.8716388858283621,1.7066526458274627,False
730630,India,"Detroit, MI",2025,January,29383,27527,185066,241976,90902.0,0.0,0.0,90902.0,2025-01-01,2.661943631603265,1.7814906601276939,1.49422261434279,False
730630,India,"Detroit, MI",2025,February,8175,6000,32701,46876,18660.0,0.0,0.0,18660.0,2025-02-01,2.5121114683815646,1.7736147984491373,1.4163794024374259,False
730630,India,"Detroit, MI",2025,March,16118,12000,64474,92592,37240.0,0.0,0.0,37240.0,2025-03-01,2.486358754027927,1.7814906601276939,1.395661964261833,False
730630,India,"Detroit, MI",2025,April,12240,6000,48960,67200,20880.0,0.0,0.0,20880.0,2025-04-01,3.218390804597701,1.7607456375049886,1.8278567534367,False
730630,India,"Detroit, MI",2025,May,29075,18000,116300,163375,59800.0,0.0,0.0,59800.0,2025-05-01,2.7320234113712374,1.7931661444681326,1.523575168870689,False
730630,India,"Detroit, MI",2025,July,31792,5152,74409,111353,45252.0,0.0,0.0,45252.0,2025-07-01,2.460731017413595,2.013944339676938,1.2218465867871637,False
730630,India,"Detroit, MI",2025,August,16059,2539,32118,50716,18770.0,0.0,0.0,18770.0,2025-08-01,2.701971230687267,2.019119415866215,1.3381928822313385,False
730630,India,"Detroit, MI",2025,October,52097,10990,104192,167279,59420.0,0.0,0.0,59420.0,2025-10-01,2.8151969033995288,2.1520202444365992,1.3081646934676256,False
730630,India,"Detroit, MI",2025,November,50265,10908,100527,161700,58280.0,0.0,0.0,58280.0,2025-11-01,2.7745367192862047,2.1395674470738277,1.296774599501778,False
730630,India,"Detroit, MI",2025,December,26541,7240,53081,86862,28370.0,0.0,0.0,28370.0,2025-12-01,3.0617553753965456,2.041961067134251,1.499419075454511,False
730630,India,"Detroit, MI",2026,January,63302,14228,126602,204132,79760.0,0.0,0.0,79760.0,2026-01-01,2.5593279839518557,2.017901202219449,1.2683118386256484,False
730630,India,"Detroit, MI",2026,February,46344,6792,92688,145824,59720.0,0.0,0.0,59720.0,2026-02-01,2.4417950435365037,1.9190246064748433,1.272414660707225,False
730630,India,"Detroit, MI",2026,March,30439,5386,60877,96702,39640.0,0.0,0.0,39640.0,2026-03-01,2.439505549949546,1.9190246064748433,1.2712216100401137,False
730630,India,"Detroit, MI",2026,May,130975,16136,261947,409058,263286.0,0.0,0.0,263286.0,2026-05-01,1.5536640763276437,1.9641497008294966,0.7910110291855569,False
730630,India,"Detroit, MI",2026,June,16390,3278,32780,52448,20070.0,0.0,0.0,20070.0,2026-06-01,2.6132536123567514,1.9536510889113083,1.3376255500223497,False
730630,India,"El Paso, TX",2026,June,14104,200,28207,42511,11116.0,0.0,0.0,11116.0,2026-06-01,3.8243073047858944,1.9536510889113083,1.9575180678332016,False
730630,India,"Great Falls, MT",2022,August,12444,3522,49775,65741,26600.0,0.0,0.0,26600.0,2022-08-01,2.471466165413534,2.2297478884363553,1.1084061019771554,False
730630,India,"Great Falls, MT",2022,October,12435,3669,49737,65841,25820.0,0.0,0.0,25820.0,2022-10-01,2.55,2.204360746730122,1.1567979532309256,False
730630,India,"Great Falls, MT",2023,July,3978,114,15912,20004,13516.0,0.0,0.0,13516.0,2023-07-01,1.4800236756436815,1.8917352858409489,0.7823629905945082,False
730630,India,"Great Falls, MT",2023,October,5223,2800,20893,28916,25334.0,0.0,0.0,25334.0,2023-10-01,1.141391016025894,1.8290539687181095,0.624033536214263,False
730630,India,"Great Falls, MT",2024,August,11450,1050,45801,58301,49120.0,0.0,0.0,49120.0,2024-08-01,1.1869096091205211,1.8504735414738116,0.6414085813813937,False
730630,India,"Great Falls, MT",2024,September,1666,2500,6663,10829,6910.0,0.0,0.0,6910.0,2024-09-01,1.567149059334298,1.8899895307728454,0.8291839895501787,False
730630,India,"Great Falls, MT",2025,August,10020,1,20040,30061,20950.0,0.0,0.0,20950.0,2025-08-01,1.434892601431981,2.019119415866215,0.7106526687607543,False
730630,India,"Honolulu, HI",2022,August,25502,10000,102009,137511,54550.0,0.0,0.0,54550.0,2022-08-01,2.5208249312557287,2.2297478884363553,1.1305425803199194,False
730630,India,"Honolulu, HI",2023,February,4292,5000,17167,26459,25560.0,0.0,0.0,25560.0,2023-02-01,1.0351721439749608,1.912688456326019,0.5412131497689737,False
730630,India,"Honolulu, HI",2023,April,10492,5000,41966,57458,28260.0,0.0,0.0,28260.0,2023-04-01,2.0331917905166312,1.844770504813189,1.102138062816937,False
730630,India,"Honolulu, HI",2023,August,7162,5000,28646,40808,19290.0,0.0,0.0,19290.0,2023-08-01,2.1155002592016587,1.8917352858409489,1.1182855630148263,False
730630,India,"Houston-Galveston, TX",2022,January,0,1300,42932,44232,16673.0,0.0,0.0,16673.0,2022-01-01,2.6529118934804776,2.258955478187522,1.174397600615417,False
730630,India,"Houston-Galveston, TX",2022,February,55441,36414,229892,321747,205979.0,0.0,0.0,205979.0,2022-02-01,1.5620378776477213,2.2820744566386915,0.6844815571655252,False
730630,India,"Houston-Galveston, TX",2022,March,13794,24500,55177,93471,50127.0,0.0,0.0,50127.0,2022-03-01,1.8646837033933807,2.2820744566386915,0.817100291346281,False
730630,India,"Houston-Galveston, TX",2022,April,13786,1,55142,68929,51295.0,0.0,0.0,51295.0,2022-04-01,1.3437761965103812,2.16626401633449,0.6203196777390824,False
730630,India,"Houston-Galveston, TX",2022,May,20471,1,81884,102356,77249.0,0.0,0.0,77249.0,2022-05-01,1.325013916037748,2.126845907818446,0.6229947882763377,False
730630,India,"Houston-Galveston, TX",2022,June,310575,11005,1242296,1563876,949110.0,0.0,0.0,949110.0,2022-06-01,1.6477289249928881,2.118182766697531,0.7778974274074897,False
730630,India,"Houston-Galveston, TX",2022,July,180101,30002,720400,930503,580023.0,0.0,0.0,580023.0,2022-07-01,1.6042519003556754,2.118182766697531,0.7573718026499066,False
730630,India,"Houston-Galveston, TX",2022,August,199311,2002,797242,998555,597205.0,0.0,0.0,597205.0,2022-08-01,1.672047286945019,2.2297478884363553,0.7498817671793234,False
730630,India,"Houston-Galveston, TX",2022,September,301597,38502,1206385,1546484,757111.0,0.0,0.0,757111.0,2022-09-01,2.042611981598471,2.2297478884363553,0.9160730646687073,False
730630,India,"Houston-Galveston, TX",2022,October,150030,74827,600110,824967,385138.0,0.0,0.0,385138.0,2022-10-01,2.142003645446567,2.204360746730122,0.9717119344571647,False
730630,India,"Houston-Galveston, TX",2022,November,37061,25000,148246,210307,100100.0,0.0,0.0,100100.0,2022-11-01,2.100969030969031,2.1184058057421074,0.9917689166420274,False
730630,India,"Houston-Galveston, TX",2022,December,299213,118631,1196850,1614694,972360.0,0.0,0.0,972360.0,2022-12-01,1.6605927845653874,1.912688456326019,0.868198257313233,False
730630,India,"Houston-Galveston, TX",2023,January,187836,121652,754507,1063995,674308.0,0.0,0.0,674308.0,2023-01-01,1.5779065352924777,1.912688456326019,0.8249678770600174,False
730630,India,"Houston-Galveston, TX",2023,February,93192,55000,372767,520959,272159.0,0.0,0.0,272159.0,2023-02-01,1.9141714953391216,1.912688456326019,1.0007753688313419,False
730630,India,"Houston-Galveston, TX",2023,March,130876,85276,523502,739654,447811.0,0.0,0.0,447811.0,2023-03-01,1.6517102081011856,1.8630419526264117,0.8865662986132424,False
730630,India,"Houston-Galveston, TX",2023,April,183333,135000,733328,1051661,609201.0,0.0,0.0,609201.0,2023-04-01,1.7262955904537254,1.844770504813189,0.9357779658497624,False
730630,India,"Houston-Galveston, TX",2023,May,154391,125000,617563,896954,568945.0,0.0,0.0,568945.0,2023-05-01,1.5765214563797907,1.7886137729404068,0.8814208412294929,False
730630,India,"Houston-Galveston, TX",2023,June,254844,215012,1022055,1491911,993271.0,0.0,0.0,993271.0,2023-06-01,1.5020180796580187,1.7886137729404068,0.8397665848165551,False
730630,India,"Houston-Galveston, TX",2023,July,34144,17657,136575,188376,116842.0,0.0,0.0,116842.0,2023-07-01,1.6122284794851167,1.8917352858409489,0.8522484575681102,False
730630,India,"Houston-Galveston, TX",2023,August,85993,46876,343972,476841,299753.0,0.0,0.0,299753.0,2023-08-01,1.5907797419875698,1.8917352858409489,0.8409103292062384,False
730630,India,"Houston-Galveston, TX",2023,September,66493,31342,265969,363804,240846.0,0.0,0.0,240846.0,2023-09-01,1.5105253979721482,1.8290539687181095,0.8258506439975625,False
730630,India,"Houston-Galveston, TX",2023,October,217478,138280,869908,1225666,946961.0,0.0,0.0,946961.0,2023-10-01,1.2943151829906405,1.8290539687181095,0.7076418766898168,False
730630,India,"Houston-Galveston, TX",2023,November,9488,5639,37951,53078,19819.0,0.0,0.0,19819.0,2023-11-01,2.678137141127201,1.8531261832386348,1.445199558103878,False
730630,India,"Houston-Galveston, TX",2023,December,21734,8213,92035,121982,65816.0,0.0,0.0,65816.0,2023-12-01,1.853379117539808,1.8531261832386348,1.000136490598137,False
730630,India,"Houston-Galveston, TX",2024,January,77135,28600,308537,414272,343692.0,0.0,0.0,343692.0,2024-01-01,1.2053582859071494,1.8531261832386348,0.6504458772475994,False
730630,India,"Houston-Galveston, TX",2024,February,64197,33503,256784,354484,193522.0,0.0,0.0,193522.0,2024-02-01,1.8317503953038932,1.9275339654919132,0.9503077134292802,False
730630,India,"Houston-Galveston, TX",2024,March,37233,16459,148929,202621,115235.0,0.0,0.0,115235.0,2024-03-01,1.758328632793856,1.9575375138572497,0.8982349611932287,False
730630,India,"Houston-Galveston, TX",2024,April,22256,13831,92062,128149,46927.0,0.0,0.0,46927.0,2024-04-01,2.7308159481748246,1.9672527081683555,1.3881368351081838,False
730630,India,"Houston-Galveston, TX",2024,May,62892,39276,251567,353735,165387.0,0.0,0.0,165387.0,2024-05-01,2.138831951725347,1.9672527081683555,1.0872176934079523,False
730630,India,"Houston-Galveston, TX",2024,June,128441,73220,529591,731252,518221.0,0.0,0.0,518221.0,2024-06-01,1.4110813726190177,1.8504735414738116,0.7625514988423776,False
730630,India,"Houston-Galveston, TX",2024,July,175864,96506,703449,975819,575685.0,0.0,0.0,575685.0,2024-07-01,1.6950571927356106,1.8243105300815077,0.9291494867706968,False
730630,India,"Houston-Galveston, TX",2024,August,29714,14931,118857,163502,115077.0,0.0,0.0,115077.0,2024-08-01,1.420805199996524,1.8504735414738116,0.7678062766922473,False
730630,India,"Houston-Galveston, TX",2024,September,24100,4431,96395,124926,59497.0,0.0,0.0,59497.0,2024-09-01,2.0997025060087062,1.8899895307728454,1.1109598607935707,False
730630,India,"Houston-Galveston, TX",2024,October,66396,45117,265580,377093,210441.0,0.0,0.0,210441.0,2024-10-01,1.7919179247390005,1.8899895307728454,0.9481099739247011,False
730630,India,"Houston-Galveston, TX",2024,November,51525,18819,206098,276442,117195.0,0.0,0.0,117195.0,2024-11-01,2.35882076880413,1.8716388858283621,1.2602969443863352,False
730630,India,"Houston-Galveston, TX",2024,December,98229,23430,392914,514573,214925.0,0.0,0.0,214925.0,2024-12-01,2.3941979760381527,1.8628176065916304,1.2852562524458746,False
730630,India,"Houston-Galveston, TX",2025,January,218746,105446,874975,1199167,888141.0,0.0,0.0,888141.0,2025-01-01,1.3501988985983082,1.7814906601276939,0.7579040007436966,False
730630,India,"Houston-Galveston, TX",2025,February,142481,66519,572847,781847,574957.0,0.0,0.0,574957.0,2025-02-01,1.3598356050974247,1.7736147984491373,0.7667028975437483,False
730630,India,"Houston-Galveston, TX",2025,March,189701,89931,758795,1038427,792278.0,0.0,0.0,792278.0,2025-03-01,1.3106851382974158,1.7814906601276939,0.7357238337715835,False
730630,India,"Houston-Galveston, TX",2025,April,132163,68044,528645,728852,434247.0,0.0,0.0,434247.0,2025-04-01,1.6784272545348615,1.7607456375049886,0.9532479983384915,False
730630,India,"Houston-Galveston, TX",2025,May,96833,55264,387320,539417,268127.0,0.0,0.0,268127.0,2025-05-01,2.011796648603087,1.7931661444681326,1.1219242872777984,False
730630,India,"Houston-Galveston, TX",2025,June,40064,18164,145188,203416,144865.0,0.0,0.0,144865.0,2025-06-01,1.4041763020743452,1.9295501251588763,0.7277221170705412,False
730630,India,"Houston-Galveston, TX",2025,July,123592,32167,247180,402939,161978.0,0.0,0.0,161978.0,2025-07-01,2.4876156021188063,2.013944339676938,1.2351958061154018,False
730630,India,"Houston-Galveston, TX",2025,August,181812,39466,363617,584895,263176.0,0.0,0.0,263176.0,2025-08-01,2.222448095571025,2.019119415866215,1.1007016613812217,False
730630,India,"Houston-Galveston, TX",2025,September,69652,23664,139301,232617,81532.0,0.0,0.0,81532.0,2025-09-01,2.85307609282245,2.1520202444365992,1.325766381704921,False
730630,India,"Houston-Galveston, TX",2025,October,51997,13004,103989,168990,85072.0,0.0,0.0,85072.0,2025-10-01,1.986435019747978,2.1520202444365992,0.9230559168220225,False
730630,India,"Houston-Galveston, TX",2025,November,4899,990,9797,15686,3485.0,0.0,0.0,3485.0,2025-11-01,4.501004304160689,2.1395674470738277,2.1036982546712757,False
730630,India,"Houston-Galveston, TX",2025,December,12115,9,24226,36350,37557.0,0.0,0.0,37557.0,2025-12-01,0.9678621828154539,2.041961067134251,0.47398659964353795,False
730630,India,"Houston-Galveston, TX",2026,January,62880,13349,125759,201988,144418.0,0.0,0.0,144418.0,2026-01-01,1.3986345192427536,2.017901202219449,0.6931134773617379,False
730630,India,"Houston-Galveston, TX",2026,February,113898,28340,227790,370028,213097.0,0.0,0.0,213097.0,2026-02-01,1.7364298887361154,1.9190246064748433,0.9048502467750292,False
730630,India,"Houston-Galveston, TX",2026,March,23727,10020,47451,81198,38227.0,0.0,0.0,38227.0,2026-03-01,2.1241007664739584,1.9190246064748433,1.1068647891784098,False
730630,India,"Houston-Galveston, TX",2026,April,48560,11027,97119,156706,116330.0,0.0,0.0,116330.0,2026-04-01,1.3470815782687182,1.9042245101257504,0.7074174138110217,False
730630,India,"Houston-Galveston, TX",2026,May,124691,40256,249377,414324,296167.0,0.0,0.0,296167.0,2026-05-01,1.3989539685380208,1.9641497008294966,0.7122440656876697,False
730630,India,"Houston-Galveston, TX",2026,June,229035,60998,458067,748100,536597.0,0.0,0.0,536597.0,2026-06-01,1.3941561357965102,1.9536510889113083,0.7136157237643789,False
730630,India,"Laredo, TX",2022,January,4067,68,16257,20392,6086.0,0.0,0.0,6086.0,2022-01-01,3.350640814985212,2.258955478187522,1.4832699658488206,False
730630,India,"Laredo, TX",2022,February,1064,16,4253,5333,1589.0,0.0,0.0,1589.0,2022-02-01,3.356198867212083,2.2820744566386915,1.4706789506576787,False
730630,India,"Laredo, TX",2022,March,543,7,2170,2720,843.0,0.0,0.0,843.0,2022-03-01,3.2265717674970342,2.2820744566386915,1.4138766411020216,False
730630,India,"Laredo, TX",2022,June,2295,40,9179,11514,3562.0,0.0,0.0,3562.0,2022-06-01,3.2324536777091524,2.118182766697531,1.5260504091197413,False
730630,India,"Laredo, TX",2022,July,6576,4057,26300,36933,6855.0,0.0,0.0,6855.0,2022-07-01,5.387746170678337,2.118182766697531,2.5435700145358084,False
730630,India,"Laredo, TX",2022,August,12545,219,50173,62937,20378.0,0.0,0.0,20378.0,2022-08-01,3.0884777701442734,2.2297478884363553,1.3851242044723342,False
730630,India,"Laredo, TX",2022,September,6881,116,27525,34522,11134.0,0.0,0.0,11134.0,2022-09-01,3.1005927788755163,2.2297478884363553,1.3905575580788438,False
730630,India,"Laredo, TX",2022,October,1589,40,6354,7983,2538.0,0.0,0.0,2538.0,2022-10-01,3.145390070921986,2.204360746730122,1.4268944298648742,False
730630,India,"Laredo, TX",2022,November,533,12,2132,2677,806.0,0.0,0.0,806.0,2022-11-01,3.3213399503722085,2.1184058057421074,1.5678487763626083,False
730630,India,"Laredo, TX",2023,May,1095,276,4377,5748,1623.0,0.0,0.0,1623.0,2023-05-01,3.5415896487985212,1.7886137729404068,1.9800751299014627,False
730630,India,"Laredo, TX",2023,June,2477,542,9907,12926,3404.0,0.0,0.0,3404.0,2023-06-01,3.7972972972972974,1.7886137729404068,2.1230392803331144,False
730630,India,"Laredo, TX",2023,July,1461,268,5841,7570,1986.0,0.0,0.0,1986.0,2023-07-01,3.811681772406848,1.8917352858409489,2.014912869118688,False
730630,India,"Laredo, TX",2023,September,0,73,2553,2626,1702.0,0.0,0.0,1702.0,2023-09-01,1.5428907168037602,1.8290539687181095,0.843545758185087,False
730630,India,"Laredo, TX",2023,October,0,141,4920,5061,3280.0,0.0,0.0,3280.0,2023-10-01,1.5429878048780488,1.8290539687181095,0.8435988392182053,False
730630,India,"Laredo, TX",2023,November,2160,186,8640,10986,2603.0,0.0,0.0,2603.0,2023-11-01,4.220514790626201,1.8531261832386348,2.2775107430893753,False
730630,India,"Laredo, TX",2023,December,3248,610,19550,23408,8988.0,0.0,0.0,8988.0,2023-12-01,2.6043613707165107,1.8531261832386348,1.4053880379397437,False
730630,India,"Laredo, TX",2024,January,2555,321,10219,13095,3507.0,0.0,0.0,3507.0,2024-01-01,3.733960650128315,1.8531261832386348,2.0149521839913893,False
730630,India,"Laredo, TX",2024,February,3770,818,15080,19668,4533.0,0.0,0.0,4533.0,2024-02-01,4.338848444738583,1.9275339654919132,2.2509841706635214,False
730630,India,"Laredo, TX",2024,March,1967,416,7866,10249,2354.0,0.0,0.0,2354.0,2024-03-01,4.353865760407817,1.9575375138572497,2.2241544438291236,False
730630,India,"Laredo, TX",2024,August,546,72,2182,2800,699.0,0.0,0.0,699.0,2024-08-01,4.005722460658083,1.8504735414738116,2.164701289091505,False
730630,India,"Laredo, TX",2024,October,1882,166,7524,9572,2676.0,0.0,0.0,2676.0,2024-10-01,3.576980568011958,1.8899895307728454,1.8925927947067922,False
730630,India,"Laredo, TX",2024,November,546,81,2183,2810,699.0,0.0,0.0,699.0,2024-11-01,4.020028612303291,1.8716388858283621,2.1478655112062817,False
730630,India,"Laredo, TX",2024,December,3870,222,15477,19569,3040.0,0.0,0.0,3040.0,2024-12-01,6.437171052631579,1.8628176065916304,3.4556099479914058,True
730630,India,"Laredo, TX",2025,January,916,75,3665,4656,1174.0,0.0,0.0,1174.0,2025-01-01,3.9659284497444633,1.7814906601276939,2.226185373018006,False
730630,India,"Laredo, TX",2025,September,7092,15,8343,15450,6727.0,0.0,0.0,6727.0,2025-09-01,2.2967147316783114,2.1520202444365992,1.0672365827485946,False
730630,India,"Laredo, TX",2026,March,3166,274,6331,9771,1892.0,0.0,0.0,1892.0,2026-03-01,5.164376321353066,1.9190246064748433,2.6911464834418037,False
730630,India,"Los Angeles, CA",2022,January,121628,189577,486504,797709,327350.0,0.0,0.0,327350.0,2022-01-01,2.436868794867878,2.258955478187522,1.0787591072060905,False
730630,India,"Los Angeles, CA",2022,February,58138,93600,232547,384285,164768.0,0.0,0.0,164768.0,2022-02-01,2.3322793260827344,2.2820744566386915,1.021999663200293,False
730630,India,"Los Angeles, CA",2022,March,245041,171596,990215,1406852,619598.0,0.0,0.0,619598.0,2022-03-01,2.2705883492199783,2.2820744566386915,0.9949668130304428,False
730630,India,"Los Angeles, CA",2022,April,103440,98359,425594,627393,279531.0,0.0,0.0,279531.0,2022-04-01,2.244448737349346,2.16626401633449,1.0360919631334462,False
730630,India,"Los Angeles, CA",2022,May,7650,9917,30601,48168,18580.0,0.0,0.0,18580.0,2022-05-01,2.592465016146394,2.126845907818446,1.2189247028269874,False
730630,India,"Los Angeles, CA",2022,June,70134,94880,324308,489322,198817.0,0.0,0.0,198817.0,2022-06-01,2.461167807581847,2.118182766697531,1.161924195719459,False
730630,India,"Los Angeles, CA",2022,July,8636,2500,34543,45679,20820.0,0.0,0.0,20820.0,2022-07-01,2.193996157540826,2.118182766697531,1.0357917135552455,False
730630,India,"Los Angeles, CA",2022,September,45782,15000,183127,243909,125476.0,0.0,0.0,125476.0,2022-09-01,1.9438697440147916,2.2297478884363553,0.8717890278519156,False
730630,India,"Los Angeles, CA",2022,October,14794,5000,59177,78971,16992.0,0.0,0.0,16992.0,2022-10-01,4.647540018832392,2.204360746730122,2.108339129938874,False
730630,India,"Los Angeles, CA",2022,December,70888,19250,283547,373685,154280.0,0.0,0.0,154280.0,2022-12-01,2.4221221156339126,1.912688456326019,1.2663442954460224,False
730630,India,"Los Angeles, CA",2023,January,14075,5000,56298,75373,42422.0,0.0,0.0,42422.0,2023-01-01,1.7767431992833906,1.912688456326019,0.9289245163826846,False
730630,India,"Los Angeles, CA",2023,February,62784,11691,251135,325610,159225.0,0.0,0.0,159225.0,2023-02-01,2.0449678128434603,1.912688456326019,1.0691588617476835,False
730630,India,"Los Angeles, CA",2023,March,139354,47844,557405,744603,348680.0,0.0,0.0,348680.0,2023-03-01,2.135490994608237,1.8630419526264117,1.1462388120663316,False
730630,India,"Los Angeles, CA",2023,April,42782,11671,171124,225577,101325.0,0.0,0.0,101325.0,2023-04-01,2.22627189735998,1.844770504813189,1.2068015460738428,False
730630,India,"Los Angeles, CA",2023,May,67693,25973,272986,366652,167206.0,0.0,0.0,167206.0,2023-05-01,2.1928160472710307,1.7886137729404068,1.2259863367070758,False
730630,India,"Los Angeles, CA",2023,June,67574,19165,270290,357029,166480.0,0.0,0.0,166480.0,2023-06-01,2.1445759250360403,1.7886137729404068,1.1990156608882903,False
730630,India,"Los Angeles, CA",2023,July,37031,10832,148123,195986,93625.0,0.0,0.0,93625.0,2023-07-01,2.093308411214953,1.8917352858409489,1.1065546151635044,False
730630,India,"Los Angeles, CA",2023,August,29966,14500,119862,164328,80465.0,0.0,0.0,80465.0,2023-08-01,2.042229540794134,1.8917352858409489,1.0795535485749979,False
730630,India,"Los Angeles, CA",2023,September,40727,10875,162909,214511,109157.0,0.0,0.0,109157.0,2023-09-01,1.9651602737341627,1.8290539687181095,1.0744134986412912,False
730630,India,"Los Angeles, CA",2023,October,47653,24499,190604,262756,132414.0,0.0,0.0,132414.0,2023-10-01,1.984352107783165,1.8290539687181095,1.0849062639599945,False
730630,India,"Los Angeles, CA",2023,November,110003,46871,488394,645268,310947.0,0.0,0.0,310947.0,2023-11-01,2.0751703666541244,1.8531261832386348,1.1198214052684916,False
730630,India,"Los Angeles, CA",2023,December,102063,46862,408249,557174,245330.0,0.0,0.0,245330.0,2023-12-01,2.271120531528961,1.8531261832386348,1.225561730264808,False
730630,India,"Los Angeles, CA",2024,January,73815,24000,295255,393070,202515.0,0.0,0.0,202515.0,2024-01-01,1.9409426462237365,1.8531261832386348,1.0473882802905674,False
730630,India,"Los Angeles, CA",2024,February,25960,8000,103841,137801,58495.0,0.0,0.0,58495.0,2024-02-01,2.355773997777588,1.9275339654919132,1.2221699020366608,False
730630,India,"Los Angeles, CA",2024,March,147112,66500,588438,802050,360734.0,0.0,0.0,360734.0,2024-03-01,2.223383434885539,1.9575375138572497,1.1358062970167302,False
730630,India,"Los Angeles, CA",2024,April,158198,59061,632787,850046,469299.0,0.0,0.0,469299.0,2024-04-01,1.811310060324015,1.9672527081683555,0.9207307494371003,False
730630,India,"Los Angeles, CA",2024,May,112065,65146,448257,625468,312820.0,0.0,0.0,312820.0,2024-05-01,1.9994501630330541,1.9672527081683555,1.0163667101491383,False
730630,India,"Los Angeles, CA",2024,June,84517,30401,338064,452982,248955.0,0.0,0.0,248955.0,2024-06-01,1.8195336506597577,1.8504735414738116,0.9832800144824487,False
730630,India,"Los Angeles, CA",2024,July,135989,63779,543938,743706,398528.0,0.0,0.0,398528.0,2024-07-01,1.8661323671109684,1.8243105300815077,1.0229247358603977,False
730630,India,"Los Angeles, CA",2024,August,63631,23242,254514,341387,184299.0,0.0,0.0,184299.0,2024-08-01,1.8523540550952529,1.8504735414738116,1.0010162337257433,False
730630,India,"Los Angeles, CA",2024,September,181382,94901,725515,1001798,511416.0,0.0,0.0,511416.0,2024-09-01,1.9588710560483051,1.8899895307728454,1.0364454533498357,False
730630,India,"Los Angeles, CA",2024,October,42120,24898,168476,235494,124051.0,0.0,0.0,124051.0,2024-10-01,1.8983643823911134,1.8899895307728454,1.0044311629677882,False
730630,India,"Los Angeles, CA",2024,November,99682,63337,398716,561735,288400.0,0.0,0.0,288400.0,2024-11-01,1.9477635228848822,1.8716388858283621,1.0406727161061458,False
730630,India,"Los Angeles, CA",2024,December,136430,58500,545708,740638,420555.0,0.0,0.0,420555.0,2024-12-01,1.7610966460986077,1.8628176065916304,0.9453940309920411,False
730630,India,"Los Angeles, CA",2025,January,131902,66952,527584,726438,401178.0,0.0,0.0,401178.0,2025-01-01,1.8107623050117405,1.7814906601276939,1.0164309841972163,False
730630,India,"Los Angeles, CA",2025,February,58625,28664,234490,321779,178680.0,0.0,0.0,178680.0,2025-02-01,1.8008674725766733,1.7736147984491373,1.015365610476055,False
730630,India,"Los Angeles, CA",2025,March,83815,34201,335252,453268,272644.0,0.0,0.0,272644.0,2025-03-01,1.662490280365605,1.7814906601276939,0.9332017941909618,False
730630,India,"Los Angeles, CA",2025,April,31531,19580,126110,177221,84702.0,0.0,0.0,84702.0,2025-04-01,2.0922882576562536,1.7607456375049886,1.1882967153739863,False
730630,India,"Los Angeles, CA",2025,May,45031,23801,180110,248942,146608.0,0.0,0.0,146608.0,2025-05-01,1.6980110225908545,1.7931661444681326,0.9469345759338424,False
730630,India,"Los Angeles, CA",2025,June,160677,55939,378086,594702,306550.0,0.0,0.0,306550.0,2025-06-01,1.9399836894470723,1.9295501251588763,1.0054072522668138,False
730630,India,"Los Angeles, CA",2025,July,89153,22520,178304,289977,138761.0,0.0,0.0,138761.0,2025-07-01,2.089758649764703,2.013944339676938,1.0376446898725744,False
730630,India,"Los Angeles, CA",2025,August,97181,27799,194347,319327,174760.0,0.0,0.0,174760.0,2025-08-01,1.8272316319523918,2.019119415866215,0.9049646185332222,False
730630,India,"Los Angeles, CA",2025,September,47347,10600,94692,152639,82522.0,0.0,0.0,82522.0,2025-09-01,1.849676449916386,2.1520202444365992,0.8595069933464464,False
730630,India,"Los Angeles, CA",2025,October,138113,28799,251161,418073,212300.0,0.0,0.0,212300.0,2025-10-01,1.9692557701365991,2.1520202444365992,0.9150730692369262,False
730630,India,"Los Angeles, CA",2025,November,50851,16146,101692,168689,86328.0,0.0,0.0,86328.0,2025-11-01,1.954047354276712,2.1395674470738277,0.9132908415433028,False
730630,India,"Los Angeles, CA",2025,December,58563,20667,117117,196347,97283.0,0.0,0.0,97283.0,2025-12-01,2.018307412394766,2.041961067134251,0.9884162067924823,False
730630,India,"Los Angeles, CA",2026,January,109028,26019,218047,353094,190717.0,0.0,0.0,190717.0,2026-01-01,1.8514028639292774,2.017901202219449,0.9174893507635342,False
730630,India,"Los Angeles, CA",2026,February,128439,21180,256861,406480,217984.0,0.0,0.0,217984.0,2026-02-01,1.8647240164415737,1.9190246064748433,0.9717040678634042,False
730630,India,"Los Angeles, CA",2026,March,92554,15000,185106,292660,157601.0,0.0,0.0,157601.0,2026-03-01,1.8569679126401482,1.9190246064748433,0.9676623772174082,False
730630,India,"Los Angeles, CA",2026,April,167318,43802,334623,545743,306912.0,0.0,0.0,306912.0,2026-04-01,1.7781741997706182,1.9042245101257504,0.9338049112986114,False
730630,India,"Los Angeles, CA",2026,May,190841,48650,381671,621162,326698.0,0.0,0.0,326698.0,2026-05-01,1.9013339536819938,1.9641497008294966,0.9680188597025091,False
730630,India,"Los Angeles, CA",2026,June,76625,15000,153246,244871,134468.0,0.0,0.0,134468.0,2026-06-01,1.8210354879971442,1.9536510889113083,0.9321190965639287,False
730630,India,"Miami, FL",2022,March,256922,283883,1027687,1568492,818764.0,0.0,0.0,818764.0,2022-03-01,1.9156826631361419,2.2820744566386915,0.8394479231662693,False
730630,India,"Miami, FL",2022,April,168311,77261,673240,918812,611520.0,0.0,0.0,611520.0,2022-04-01,1.5025052328623758,2.16626401633449,0.6935928499632964,False
730630,India,"Miami, FL",2022,May,302875,53530,1211497,1567902,939392.0,0.0,0.0,939392.0,2022-05-01,1.6690604135440796,2.126845907818446,0.7847585043225217,False
730630,India,"Miami, FL",2022,June,40605,1,162420,203026,128905.0,0.0,0.0,128905.0,2022-06-01,1.5750048485318646,2.118182766697531,0.7435641878002164,False
730630,India,"Miami, FL",2022,August,86724,20001,346897,453622,237332.0,0.0,0.0,237332.0,2022-08-01,1.9113393895471322,2.2297478884363553,0.8571997755708104,False
730630,India,"Miami, FL",2022,September,45952,25000,183808,254760,127223.0,0.0,0.0,127223.0,2022-09-01,2.0024681071818775,2.2297478884363553,0.8980692918543983,False
730630,India,"Miami, FL",2022,October,106720,4,460078,566802,298630.0,0.0,0.0,298630.0,2022-10-01,1.8980075678933799,2.204360746730122,0.8610240273552427,False
730630,India,"Miami, FL",2022,November,26572,15001,119610,161183,88172.0,0.0,0.0,88172.0,2022-11-01,1.8280519892936533,2.1184058057421074,0.8629375846396252,False
730630,India,"Miami, FL",2023,January,6667,8590,26668,41925,25563.0,0.0,0.0,25563.0,2023-01-01,1.6400657199859172,1.912688456326019,0.8574662091787973,False
730630,India,"Miami, FL",2023,March,0,2,24218,24220,16728.0,0.0,0.0,16728.0,2023-03-01,1.447871831659493,1.8630419526264117,0.7771547117435358,False
730630,India,"Miami, FL",2024,August,7336,2045,29343,38724,12854.0,0.0,0.0,12854.0,2024-08-01,3.012603080753073,1.8504735414738116,1.628017376759509,False
730630,India,"Miami, FL",2025,March,6151,2421,24604,33176,28900.0,0.0,0.0,28900.0,2025-03-01,1.1479584775086504,1.7814906601276939,0.6443808565498552,False
730630,India,"Miami, FL",2025,October,12404,5000,24807,42211,18500.0,0.0,0.0,18500.0,2025-10-01,2.2816756756756758,2.1520202444365992,1.0602482395666406,False
730630,India,"Miami, FL",2026,February,6726,5000,29736,41462,43041.0,0.0,0.0,43041.0,2026-02-01,0.9633140493947632,1.9190246064748433,0.5019810825481416,False
730630,India,"Miami, FL",2026,March,9024,3014,18047,30085,24820.0,0.0,0.0,24820.0,2026-03-01,1.2121273166800968,1.9190246064748433,0.6316371934942079,False
730630,India,"Miami, FL",2026,May,13495,5000,26990,45485,20781.0,0.0,0.0,20781.0,2026-05-01,2.188778210865695,1.9641497008294966,1.114364251330402,False
730630,India,"Minneapolis, MN",2024,February,6866,3000,27462,37328,19900.0,0.0,0.0,19900.0,2024-02-01,1.875778894472362,1.9275339654919132,0.9731495932387665,False
730630,India,"Minneapolis, MN",2025,May,18068,2,72270,90340,81460.0,0.0,0.0,81460.0,2025-05-01,1.1090105573287503,1.7931661444681326,0.6184650322280604,False
730630,India,"Minneapolis, MN",2025,October,4954,1239,9908,16101,4916.0,0.0,0.0,4916.0,2025-10-01,3.2752237591537834,2.1520202444365992,1.5219298088021658,False
730630,India,"Minneapolis, MN",2025,November,12038,2,24075,36115,12942.0,0.0,0.0,12942.0,2025-11-01,2.7905269664657704,2.1395674470738277,1.3042481882411443,False
730630,India,"Minneapolis, MN",2025,December,22626,2564,45252,70442,23547.0,0.0,0.0,23547.0,2025-12-01,2.991548817259099,2.041961067134251,1.4650371475777093,False
730630,India,"Minneapolis, MN",2026,January,59449,11889,118896,190234,60602.0,0.0,0.0,60602.0,2026-01-01,3.139071317778291,2.017901202219449,1.5556119964276198,False
730630,India,"Minneapolis, MN",2026,February,70539,13960,141075,225574,43748.0,0.0,0.0,43748.0,2026-02-01,5.156212855444821,1.9190246064748433,2.686892517192126,False
730630,India,"Minneapolis, MN",2026,March,23950,1,47899,71850,17550.0,0.0,0.0,17550.0,2026-03-01,4.094017094017094,1.9190246064748433,2.1333843663097203,False
730630,India,"Mobile, AL",2025,June,0,197,15477,15674,1717.0,0.0,0.0,1717.0,2025-06-01,9.128712871287128,1.9295501251588763,4.731005819574386,True
730630,India,"Mobile, AL",2026,February,0,219,9941,10160,1023.0,0.0,0.0,1023.0,2026-02-01,9.931573802541545,1.9190246064748433,5.175323843702751,True
730630,India,"New Orleans, LA",2022,September,0,650,3236,3886,3173.0,0.0,0.0,3173.0,2022-09-01,1.2247084777812796,2.2297478884363553,0.5492587229851017,False
730630,India,"New Orleans, LA",2023,July,0,500,2730,3230,2676.0,0.0,0.0,2676.0,2023-07-01,1.2070254110612855,1.8917352858409489,0.6380519621828148,False
730630,India,"New Orleans, LA",2024,February,18292,1,73168,91461,14486.0,0.0,0.0,14486.0,2024-02-01,6.313751208062957,1.9275339654919132,3.275558989411461,True
730630,India,"New Orleans, LA",2025,May,19821,6480,68606,94907,30435.0,0.0,0.0,30435.0,2025-05-01,3.1183505832101197,1.7931661444681326,1.7390193278130663,False
730630,India,"New Orleans, LA",2025,June,25832,3414,51664,80910,29959.0,0.0,0.0,29959.0,2025-06-01,2.7006909442905305,1.9295501251588763,1.3996479848214152,False
730630,India,"New Orleans, LA",2025,November,30145,6000,60289,96434,36936.0,0.0,0.0,36936.0,2025-11-01,2.6108403725362788,2.1395674470738277,1.2202655149324626,False
730630,India,"New Orleans, LA",2025,December,7360,900,14720,22980,4363.0,0.0,0.0,4363.0,2025-12-01,5.267018106807242,2.041961067134251,2.5793920322874384,False
730630,India,"New York, NY",2022,January,102928,33500,411704,548132,240286.0,0.0,0.0,240286.0,2022-01-01,2.2811649451070806,2.258955478187522,1.0098317417647287,False
730630,India,"New York, NY",2022,February,94416,33800,377658,505874,218269.0,0.0,0.0,218269.0,2022-02-01,2.317663067132758,2.2820744566386915,1.0155948507247592,False
730630,India,"New York, NY",2022,March,182181,30416,728711,941308,328439.0,0.0,0.0,328439.0,2022-03-01,2.866005559632078,2.2820744566386915,1.2558773230622233,False
730630,India,"New York, NY",2022,April,157473,119501,629882,906856,341239.0,0.0,0.0,341239.0,2022-04-01,2.6575391441189313,2.16626401633449,1.2267845119893197,False
730630,India,"New York, NY",2022,May,355182,145382,1420728,1921292,680008.0,0.0,0.0,680008.0,2022-05-01,2.8253961718097433,2.126845907818446,1.3284442288100768,False
730630,India,"New York, NY",2022,June,117936,56299,471732,645967,264764.0,0.0,0.0,264764.0,2022-06-01,2.439784109622154,2.118182766697531,1.1518288921904665,False
730630,India,"New York, NY",2022,July,99243,38773,396961,534977,201925.0,0.0,0.0,201925.0,2022-07-01,2.6493846725269283,2.118182766697531,1.250781903328199,False
730630,India,"New York, NY",2022,August,69202,57000,276806,403008,154555.0,0.0,0.0,154555.0,2022-08-01,2.6075377697259876,2.2297478884363553,1.1694316578339998,False
730630,India,"New York, NY",2022,September,113752,59500,454999,628251,242659.0,0.0,0.0,242659.0,2022-09-01,2.5890282247928162,2.2297478884363553,1.161130474983166,False
730630,India,"New York, NY",2022,October,38159,17950,152634,208743,84832.0,0.0,0.0,84832.0,2022-10-01,2.460663428894757,2.204360746730122,1.1162707522100572,False
730630,India,"New York, NY",2022,November,8416,5000,33659,47075,22566.0,0.0,0.0,22566.0,2022-11-01,2.0861029867942924,2.1184058057421074,0.9847513545987008,False
730630,India,"New York, NY",2022,December,36337,28000,145347,209684,111518.0,0.0,0.0,111518.0,2022-12-01,1.8802704496135154,1.912688456326019,0.9830510783890161,False
730630,India,"New York, NY",2023,January,20138,30027,84086,134251,68287.0,0.0,0.0,68287.0,2023-01-01,1.965981812057932,1.912688456326019,1.0278630613133315,False
730630,India,"New York, NY",2023,February,131161,59999,524632,715792,266708.0,0.0,0.0,266708.0,2023-02-01,2.6838040103783913,1.912688456326019,1.4031579484374403,False
730630,India,"New York, NY",2023,March,9393,10850,37567,57810,25229.0,0.0,0.0,25229.0,2023-03-01,2.2914106781877996,1.8630419526264117,1.2299297259288755,False
730630,India,"New York, NY",2023,April,30243,14540,164532,209315,111445.0,0.0,0.0,111445.0,2023-04-01,1.8781910359370093,1.844770504813189,1.0181163624616845,False
730630,India,"New York, NY",2023,May,124871,73372,499476,697719,387821.0,0.0,0.0,387821.0,2023-05-01,1.799074830914262,1.7886137729404068,1.0058486958627504,False
730630,India,"New York, NY",2023,June,61385,43701,298960,404046,217356.0,0.0,0.0,217356.0,2023-06-01,1.858913487550378,1.7886137729404068,1.039304021736566,False
730630,India,"New York, NY",2023,July,56093,27930,224369,308392,167455.0,0.0,0.0,167455.0,2023-07-01,1.8416410378907766,1.8917352858409489,0.9735194198019606,False
730630,India,"New York, NY",2023,August,70090,40428,280357,390875,221462.0,0.0,0.0,221462.0,2023-08-01,1.7649754811209146,1.8917352858409489,0.932992842249763,False
730630,India,"New York, NY",2023,September,96991,56245,489089,642325,356745.0,0.0,0.0,356745.0,2023-09-01,1.8005157745728742,1.8290539687181095,0.9843972924619406,False
730630,India,"New York, NY",2023,October,61115,44555,482213,587883,320310.0,0.0,0.0,320310.0,2023-10-01,1.835356373513159,1.8290539687181095,1.0034457183346353,False
730630,India,"New York, NY",2023,November,139920,93762,796751,1030433,529969.0,0.0,0.0,529969.0,2023-11-01,1.9443269323300043,1.8531261832386348,1.049214538068844,False
730630,India,"New York, NY",2023,December,114863,90840,819495,1025198,508761.0,0.0,0.0,508761.0,2023-12-01,2.015087634468837,1.8531261832386348,1.0873990409801175,False
730630,India,"New York, NY",2024,January,95617,58828,747007,901452,439252.0,0.0,0.0,439252.0,2024-01-01,2.0522433591651263,1.8531261832386348,1.1074493349279122,False
730630,India,"New York, NY",2024,February,123820,40959,527809,692588,303804.0,0.0,0.0,303804.0,2024-02-01,2.2797198193572172,1.9275339654919132,1.1827131766134273,False
730630,India,"New York, NY",2024,March,242230,121796,968910,1332936,614487.0,0.0,0.0,614487.0,2024-03-01,2.169185027510753,1.9575375138572497,1.1081192631841115,False
730630,India,"New York, NY",2024,April,116834,57562,467326,641722,293678.0,0.0,0.0,293678.0,2024-04-01,2.185121119048754,1.9672527081683555,1.1107475465535126,False
730630,India,"New York, NY",2024,May,57735,25844,230936,314515,146575.0,0.0,0.0,146575.0,2024-05-01,2.145761555517653,1.9672527081683555,1.0907401711066909,False
730630,India,"New York, NY",2024,June,229023,128704,916072,1273799,651729.0,0.0,0.0,651729.0,2024-06-01,1.954491820986944,1.8504735414738116,1.0562117086150213,False
730630,India,"New York, NY",2024,July,143914,80649,575643,800206,399386.0,0.0,0.0,399386.0,2024-07-01,2.003590511435053,1.8243105300815077,1.0982727328474804,False
730630,India,"New York, NY",2024,August,200447,96595,801776,1098818,551972.0,0.0,0.0,551972.0,2024-08-01,1.9907132970512997,1.8504735414738116,1.075785874498802,False
730630,India,"New York, NY",2024,September,253454,148717,1013797,1415968,699682.0,0.0,0.0,699682.0,2024-09-01,2.0237307805545948,1.8899895307728454,1.0707629579974767,False
730630,India,"New York, NY",2024,October,281928,163629,1127692,1573249,717395.0,0.0,0.0,717395.0,2024-10-01,2.193002460290356,1.8899895307728454,1.1603251894171096,False
730630,India,"New York, NY",2024,November,177093,109316,708372,994781,489775.0,0.0,0.0,489775.0,2024-11-01,2.0310979531417486,1.8716388858283621,1.0851975605554978,False
730630,India,"New York, NY",2024,December,162453,91526,652782,906761,465512.0,0.0,0.0,465512.0,2024-12-01,1.9478788946364434,1.8628176065916304,1.045662703500236,False
730630,India,"New York, NY",2025,January,246256,87626,985006,1318888,570541.0,0.0,0.0,570541.0,2025-01-01,2.311644561915796,1.7814906601276939,1.2975900540225687,False
730630,India,"New York, NY",2025,February,177348,112584,709360,999292,521370.0,0.0,0.0,521370.0,2025-02-01,1.9166657076548324,1.7736147984491373,1.0806550043057714,False
730630,India,"New York, NY",2025,March,83331,37087,333318,453736,219917.0,0.0,0.0,219917.0,2025-03-01,2.063214758295175,1.7814906601276939,1.1581395313895655,False
730630,India,"New York, NY",2025,April,127007,67609,507998,702614,366806.0,0.0,0.0,366806.0,2025-04-01,1.915492112997061,1.7607456375049886,1.087886899842814,False
730630,India,"New York, NY",2025,May,141469,62158,565845,769472,423129.0,0.0,0.0,423129.0,2025-05-01,1.8185281557161055,1.7931661444681326,1.0141437040433838,False
730630,India,"New York, NY",2025,June,217394,46769,462785,726948,374361.0,0.0,0.0,374361.0,2025-06-01,1.9418368900606633,1.9295501251588763,1.0063676837111322,False
730630,India,"New York, NY",2025,July,325807,84393,655503,1065703,556771.0,0.0,0.0,556771.0,2025-07-01,1.9140777806315343,2.013944339676938,0.9504124532749383,False
730630,India,"New York, NY",2025,August,381245,78854,822970,1283069,700888.0,0.0,0.0,700888.0,2025-08-01,1.8306334250265377,2.019119415866215,0.9066494089658309,False
730630,India,"New York, NY",2025,September,342330,73046,728148,1143524,579929.0,0.0,0.0,579929.0,2025-09-01,1.971834483186735,2.1520202444365992,0.9162713446977646,False
730630,India,"New York, NY",2025,October,144523,34613,287857,466993,150177.0,0.0,0.0,150177.0,2025-10-01,3.109617318231154,2.1520202444365992,1.4449758668721326,False
730630,India,"New York, NY",2025,November,261611,57263,523208,842082,341229.0,0.0,0.0,341229.0,2025-11-01,2.4677914245272237,2.1395674470738277,1.1534066981166171,False
730630,India,"New York, NY",2025,December,306400,75703,612788,994891,396327.0,0.0,0.0,396327.0,2025-12-01,2.510278128918797,2.041961067134251,1.2293467144512191,False
730630,India,"New York, NY",2026,January,295727,61714,591441,948882,333573.0,0.0,0.0,333573.0,2026-01-01,2.844600732073639,2.017901202219449,1.4096828570917743,False
730630,India,"New York, NY",2026,February,233214,63288,506625,803127,413534.0,0.0,0.0,413534.0,2026-02-01,1.9421063322483763,1.9190246064748433,1.0120278425277376,False
730630,India,"New York, NY",2026,March,281221,89462,684704,1055387,722800.0,0.0,0.0,722800.0,2026-03-01,1.4601369673491975,1.9190246064748433,0.7608745413803731,False
730630,India,"New York, NY",2026,April,237820,58265,475624,771709,344523.0,0.0,0.0,344523.0,2026-04-01,2.239934634262444,1.9042245101257504,1.1762975543858136,False
730630,India,"New York, NY",2026,May,313619,74179,627231,1015029,398397.0,0.0,0.0,398397.0,2026-05-01,2.5477827393278565,1.9641497008294966,1.2971428492705424,False
730630,India,"New York, NY",2026,June,478031,145574,956036,1579641,645253.0,0.0,0.0,645253.0,2026-06-01,2.4480955532171103,1.9536510889113083,1.2530873947309271,False
730630,India,"Norfolk, VA",2022,May,95283,45000,381128,521411,186513.0,0.0,0.0,186513.0,2022-05-01,2.7955745712095137,2.126845907818446,1.314422714373792,False
730630,India,"Norfolk, VA",2022,September,8975,3500,35899,48374,19099.0,0.0,0.0,19099.0,2022-09-01,2.5328027645426463,2.2297478884363553,1.1359144133190828,False
730630,India,"Norfolk, VA",2023,January,4580,1500,18320,24400,11459.0,0.0,0.0,11459.0,2023-01-01,2.129330657125404,1.912688456326019,1.113265806609991,False
730630,India,"Norfolk, VA",2023,March,4580,2500,18320,25400,11459.0,0.0,0.0,11459.0,2023-03-01,2.216598307007592,1.8630419526264117,1.1897736945122233,False
730630,India,"Norfolk, VA",2023,May,8372,2500,33488,44360,24852.0,0.0,0.0,24852.0,2023-05-01,1.7849670046676325,1.7886137729404068,0.9979611203223717,False
730630,India,"Norfolk, VA",2024,November,7257,2525,29029,38811,16040.0,0.0,0.0,16040.0,2024-11-01,2.419638403990025,1.8716388858283621,1.2927912656180605,False
730630,India,"Norfolk, VA",2025,March,14579,18000,58315,90894,39420.0,0.0,0.0,39420.0,2025-03-01,2.3057838660578387,1.7814906601276939,1.2943002832765704,False
730630,India,"Norfolk, VA",2025,December,11832,2500,23664,37996,21223.0,0.0,0.0,21223.0,2025-12-01,1.7903218206662583,2.041961067134251,0.8767658940622454,False
730630,India,"Norfolk, VA",2026,May,48857,1,97713,146571,157010.0,0.0,0.0,157010.0,2026-05-01,0.9335137889306414,1.9641497008294966,0.47527629311370784,False
730630,India,"Norfolk, VA",2026,June,12500,1566,25000,39066,8200.0,0.0,0.0,8200.0,2026-06-01,4.764146341463414,1.9536510889113083,2.438586075325396,False
730630,India,"Ogdensburg, NY",2025,September,2517,114,5034,7665,2538.0,0.0,0.0,2538.0,2025-09-01,3.020094562647754,2.1520202444365992,1.4033764647220675,False
730630,India,"Ogdensburg, NY",2025,October,1900,80,3799,5779,1869.0,0.0,0.0,1869.0,2025-10-01,3.092027822364901,2.1520202444365992,1.4368023862035724,False
730630,India,"Ogdensburg, NY",2026,February,4610,137,6147,10894,4206.0,0.0,0.0,4206.0,2026-02-01,2.590109367570138,1.9190246064748433,1.3497009672679734,False
730630,India,"Ogdensburg, NY",2026,May,15511,126,27970,43607,15954.0,0.0,0.0,15954.0,2026-05-01,2.7332957252099788,1.9641497008294966,1.391592363889401,False
730630,India,"Ogdensburg, NY",2026,June,6357,96,12713,19166,7252.0,0.0,0.0,7252.0,2026-06-01,2.642857142857143,1.9536510889113083,1.3527784760839263,False
730630,India,"Pembina, ND",2022,July,4104,54,16416,20574,3569.0,0.0,0.0,3569.0,2022-07-01,5.764639955169515,2.118182766697531,2.7215026228153074,False
730630,India,"Pembina, ND",2024,February,1593,3,6368,7964,1384.0,0.0,0.0,1384.0,2024-02-01,5.754335260115607,1.9275339654919132,2.9853353368261297,False
730630,India,"Pembina, ND",2024,March,1420,1,5678,7099,997.0,0.0,0.0,997.0,2024-03-01,7.120361083249749,1.9575375138572497,3.6374072184289132,True
730630,India,"Pembina, ND",2024,June,633,1,2530,3164,437.0,0.0,0.0,437.0,2024-06-01,7.240274599542334,1.8504735414738116,3.912660428408941,True
730630,India,"Pembina, ND",2024,August,849,250,3396,4495,933.0,0.0,0.0,933.0,2024-08-01,4.817792068595927,1.8504735414738116,2.603545503687014,False
730630,India,"Pembina, ND",2026,March,7526,350,15051,22927,20819.0,0.0,0.0,20819.0,2026-03-01,1.1012536625198137,1.9190246064748433,0.5738611473788052,False
730630,India,"Philadelphia, PA",2022,December,9562,5000,38248,52810,22795.0,0.0,0.0,22795.0,2022-12-01,2.3167361263434962,1.912688456326019,1.2112459395470974,False
730630,India,"Philadelphia, PA",2023,January,9269,7000,37076,53345,23154.0,0.0,0.0,23154.0,2023-01-01,2.303921568627451,1.912688456326019,1.2045461774014836,False
730630,India,"Philadelphia, PA",2024,April,0,82,13174,13256,11242.0,0.0,0.0,11242.0,2024-04-01,1.1791496175057818,1.9672527081683555,0.5993889918716387,False
730630,India,"Philadelphia, PA",2025,February,40146,5398,160582,206126,31050.0,0.0,0.0,31050.0,2025-02-01,6.638518518518518,1.7736147984491373,3.7429313988151716,True
730630,India,"Philadelphia, PA",2025,March,9630,2020,77652,89302,45937.0,0.0,0.0,45937.0,2025-03-01,1.944010274941768,1.7814906601276939,1.0912267565873317,False
730630,India,"Philadelphia, PA",2025,April,37348,4581,163219,205148,52159.0,0.0,0.0,52159.0,2025-04-01,3.93312755229203,1.7607456375049886,2.233785203560322,False
730630,India,"Portland, ME",2025,November,2169,523,4337,7029,5337.0,0.0,0.0,5337.0,2025-11-01,1.3170320404721754,2.1395674470738277,0.6155599545475464,False
730630,India,"Portland, ME",2026,March,3513,40,7025,10578,4807.0,0.0,0.0,4807.0,2026-03-01,2.2005408778864157,1.9190246064748433,1.146697582960494,False
730630,India,"San Francisco, CA",2022,March,6131,12515,24523,43169,17800.0,0.0,0.0,17800.0,2022-03-01,2.4252247191011236,2.2820744566386915,1.0627281296830606,False
730630,India,"San Francisco, CA",2022,April,14152,21732,56605,92489,37400.0,0.0,0.0,37400.0,2022-04-01,2.472967914438503,2.16626401633449,1.141581956673491,False
730630,India,"San Francisco, CA",2022,May,7682,8916,30726,47324,18230.0,0.0,0.0,18230.0,2022-05-01,2.595940756993966,2.126845907818446,1.2205589259904028,False
730630,India,"San Francisco, CA",2022,June,9079,8919,36317,54315,19950.0,0.0,0.0,19950.0,2022-06-01,2.7225563909774437,2.118182766697531,1.2853264759689245,False
730630,India,"San Francisco, CA",2022,August,8327,8917,33308,50552,18850.0,0.0,0.0,18850.0,2022-08-01,2.6818037135278514,2.2297478884363553,1.2027385371395092,False
730630,India,"San Francisco, CA",2023,January,8550,4116,34200,46866,18160.0,0.0,0.0,18160.0,2023-01-01,2.580726872246696,1.912688456326019,1.3492667160253984,False
730630,India,"San Francisco, CA",2023,June,6268,1361,25071,32700,19100.0,0.0,0.0,19100.0,2023-06-01,1.712041884816754,1.7886137729404068,0.9571892550073727,False
730630,India,"San Francisco, CA",2023,July,7411,1113,29643,38167,19870.0,0.0,0.0,19870.0,2023-07-01,1.92083543029693,1.8917352858409489,1.0153827782744165,False
730630,India,"San Francisco, CA",2023,September,30306,16000,121222,167528,114160.0,0.0,0.0,114160.0,2023-09-01,1.4674842326559214,1.8290539687181095,0.8023187165354154,False
730630,India,"San Francisco, CA",2023,October,6898,1372,27593,35863,18300.0,0.0,0.0,18300.0,2023-10-01,1.9597267759562842,1.8290539687181095,1.07144283846898,False
730630,India,"San Francisco, CA",2023,December,6438,3000,25753,35191,19740.0,0.0,0.0,19740.0,2023-12-01,1.782725430597771,1.8531261832386348,0.9620097361541635,False
730630,India,"San Francisco, CA",2024,January,12755,4529,51018,68302,37650.0,0.0,0.0,37650.0,2024-01-01,1.8141301460823374,1.8531261832386348,0.9789566207045083,False
730630,India,"San Francisco, CA",2024,April,6875,2262,27500,36637,19990.0,0.0,0.0,19990.0,2024-04-01,1.832766383191596,1.9672527081683555,0.931637494045198,False
730630,India,"San Francisco, CA",2024,May,13358,4530,53431,71319,39020.0,0.0,0.0,39020.0,2024-05-01,1.8277549974372116,1.9672527081683555,0.92909009089075,False
730630,India,"San Francisco, CA",2024,June,20466,7531,81865,109862,58960.0,0.0,0.0,58960.0,2024-06-01,1.8633310719131615,1.8504735414738116,1.0069482379246069,False
730630,India,"San Francisco, CA",2024,August,6688,1530,26751,34969,18180.0,0.0,0.0,18180.0,2024-08-01,1.9234873487348736,1.8504735414738116,1.0394568231453394,False
730630,India,"San Francisco, CA",2024,September,7100,1530,28399,37029,19200.0,0.0,0.0,19200.0,2024-09-01,1.92859375,1.8899895307728454,1.0204256259617317,False
730630,India,"San Francisco, CA",2024,October,5748,6812,22990,35550,19060.0,0.0,0.0,19060.0,2024-10-01,1.8651626442812173,1.8899895307728454,0.9868640084575093,False
730630,India,"San Francisco, CA",2024,December,5704,4596,22815,33115,19100.0,0.0,0.0,19100.0,2024-12-01,1.7337696335078534,1.8628176065916304,0.9307243110505627,False
730630,India,"San Francisco, CA",2025,February,8755,6527,35022,50304,24503.0,0.0,0.0,24503.0,2025-02-01,2.0529731053340408,1.7736147984491373,1.1575078800251197,False
730630,India,"San Francisco, CA",2025,May,12857,7209,51429,71495,38140.0,0.0,0.0,38140.0,2025-05-01,1.8745411641321448,1.7931661444681326,1.0453806357626436,False
730630,India,"San Francisco, CA",2025,June,11283,3561,22566,37410,17960.0,0.0,0.0,17960.0,2025-06-01,2.0829621380846324,1.9295501251588763,1.0795066222563792,False
730630,India,"San Francisco, CA",2025,July,24380,7123,48760,80263,37970.0,0.0,0.0,37970.0,2025-07-01,2.1138530418751644,2.013944339676938,1.0496084724040848,False
730630,India,"San Francisco, CA",2025,September,12036,3561,24072,39669,19360.0,0.0,0.0,19360.0,2025-09-01,2.049018595041322,2.1520202444365992,0.9521372302785921,False
730630,India,"San Francisco, CA",2025,December,36104,6532,72206,114842,56670.0,0.0,0.0,56670.0,2025-12-01,2.0265043232751014,2.041961067134251,0.9924304414477195,False
730630,India,"San Francisco, CA",2026,January,11510,1789,23019,36318,19840.0,0.0,0.0,19840.0,2026-01-01,1.8305443548387097,2.017901202219449,0.9071526162060515,False
730630,India,"San Francisco, CA",2026,February,31920,1,63840,95761,95320.0,0.0,0.0,95320.0,2026-02-01,1.004626521191775,1.9190246064748433,0.5235089314655669,False
730630,India,"San Francisco, CA",2026,March,26022,2,52043,78067,71710.0,0.0,0.0,71710.0,2026-03-01,1.0886487240273324,1.9190246064748433,0.5672927383808424,False
730630,India,"San Francisco, CA",2026,May,11177,1,22354,33532,34890.0,0.0,0.0,34890.0,2026-05-01,0.9610776726855833,1.9641497008294966,0.4893097874768418,False
730630,India,"San Francisco, CA",2026,June,30745,10986,61487,103218,56330.0,0.0,0.0,56330.0,2026-06-01,1.8323806142375287,1.9536510889113083,0.9379262370020438,False
730630,India,"San Juan, PR",2022,January,18687,33976,78872,131535,76575.0,0.0,0.0,76575.0,2022-01-01,1.7177277179236043,2.258955478187522,0.7604079560265735,False
730630,India,"San Juan, PR",2022,April,23009,108621,230784,362414,203774.0,0.0,0.0,203774.0,2022-04-01,1.7785095252583745,2.16626401633449,0.8210031242026397,False
730630,India,"San Juan, PR",2022,July,55006,170901,494644,720551,370648.0,0.0,0.0,370648.0,2022-07-01,1.9440304547711036,2.118182766697531,0.9177822071520537,False
730630,India,"San Juan, PR",2022,October,14985,89499,234254,338738,169359.0,0.0,0.0,169359.0,2022-10-01,2.0001180923363977,2.204360746730122,0.9073460844842699,False
730630,India,"San Juan, PR",2022,November,42008,138204,249587,429799,256974.0,0.0,0.0,256974.0,2022-11-01,1.6725388560710421,2.1184058057421074,0.7895271300416061,False
730630,India,"San Juan, PR",2023,April,31481,18425,125923,175829,114526.0,0.0,0.0,114526.0,2023-04-01,1.5352758325620384,1.844770504813189,0.8322313418153378,False
730630,India,"San Juan, PR",2023,May,38398,21565,153590,213553,159153.0,0.0,0.0,159153.0,2023-05-01,1.3418094537960328,1.7886137729404068,0.7501951925541498,False
730630,India,"San Juan, PR",2023,June,27300,19187,109201,155688,98395.0,0.0,0.0,98395.0,2023-06-01,1.5822755221301896,1.7886137729404068,0.8846378944790269,False
730630,India,"San Juan, PR",2023,July,24215,18050,100446,142711,93913.0,0.0,0.0,93913.0,2023-07-01,1.5196085738928582,1.8917352858409489,0.8032881689455478,False
730630,India,"San Juan, PR",2023,October,23118,10456,92471,126045,92101.0,0.0,0.0,92101.0,2023-10-01,1.3685519158315327,1.8290539687181095,0.7482293793608948,False
730630,India,"San Juan, PR",2024,May,22888,7500,91550,121938,57101.0,0.0,0.0,57101.0,2024-05-01,2.1354792385422323,1.9672527081683555,1.085513431840949,False
730630,India,"San Juan, PR",2024,October,9739,13038,38957,61734,44256.0,0.0,0.0,44256.0,2024-10-01,1.3949295010845988,1.8899895307728454,0.7380620254093105,False
730630,India,"San Juan, PR",2025,December,51167,27018,102334,180519,110388.0,0.0,0.0,110388.0,2025-12-01,1.635313621045766,2.041961067134251,0.8008544567114659,False
730630,India,"San Juan, PR",2026,January,120991,40154,241980,403125,254852.0,0.0,0.0,254852.0,2026-01-01,1.581800417497214,2.017901202219449,0.7838839759634533,False
730630,India,"San Juan, PR",2026,February,9044,2185,18087,29316,22169.0,0.0,0.0,22169.0,2026-02-01,1.3223871171455637,1.9190246064748433,0.6890933616399666,False
730630,India,"San Juan, PR",2026,March,6020,1,12040,18061,17970.0,0.0,0.0,17970.0,2026-03-01,1.0050639955481357,1.9190246064748433,0.5237368985040741,False
730630,India,"San Juan, PR",2026,May,5395,1,10790,16186,16620.0,0.0,0.0,16620.0,2026-05-01,0.9738868832731649,1.9641497008294966,0.4958312917095242,False
730630,India,"Savannah, GA",2022,January,21308,6000,85230,112538,36340.0,0.0,0.0,36340.0,2022-01-01,3.0968079251513485,2.258955478187522,1.3709025941653703,False
730630,India,"Savannah, GA",2022,March,9637,3500,38549,51686,17620.0,0.0,0.0,17620.0,2022-03-01,2.9333711691259934,2.2820744566386915,1.2853967847511025,False
730630,India,"Savannah, GA",2022,May,25699,1,102795,128495,77581.0,0.0,0.0,77581.0,2022-05-01,1.6562689318260915,2.126845907818446,0.7787442079078328,False
730630,India,"Savannah, GA",2022,June,207956,50001,831821,1089778,682453.0,0.0,0.0,682453.0,2022-06-01,1.5968542888667792,2.118182766697531,0.7538793696053162,False
730630,India,"Savannah, GA",2022,July,310045,130003,1240182,1680230,909645.0,0.0,0.0,909645.0,2022-07-01,1.8471271759862364,2.118182766697531,0.8720338985979484,False
730630,India,"Savannah, GA",2022,August,16739,8500,66954,92193,51149.0,0.0,0.0,51149.0,2022-08-01,1.8024399303994214,2.2297478884363553,0.8083604158779627,False
730630,India,"Savannah, GA",2022,September,50145,28500,200582,279227,153264.0,0.0,0.0,153264.0,2022-09-01,1.821869454013989,2.2297478884363553,0.8170741918682128,False
730630,India,"Savannah, GA",2022,October,32966,23500,131860,188326,100840.0,0.0,0.0,100840.0,2022-10-01,1.867572391907973,2.204360746730122,0.8472172237136185,False
730630,India,"Savannah, GA",2022,November,6397,3500,25586,35483,16300.0,0.0,0.0,16300.0,2022-11-01,2.176871165644172,2.1184058057421074,1.0275987536210436,False
730630,India,"Savannah, GA",2023,February,11583,2000,46332,59915,19107.0,0.0,0.0,19107.0,2023-02-01,3.135761762704768,1.912688456326019,1.639452443148052,False
730630,India,"Savannah, GA",2023,April,833,2494,7821,11148,5408.0,0.0,0.0,5408.0,2023-04-01,2.0613905325443787,1.844770504813189,1.1174238351957637,False
730630,India,"Savannah, GA",2023,May,3818,5291,15262,24371,4561.0,0.0,0.0,4561.0,2023-05-01,5.343345757509318,1.7886137729404068,2.987422907252402,False
730630,India,"Savannah, GA",2023,June,3865,2288,15445,21598,4603.0,0.0,0.0,4603.0,2023-06-01,4.6921572887247445,1.7886137729404068,2.623348516997626,False
730630,India,"Savannah, GA",2023,August,4888,3596,26791,35275,10525.0,0.0,0.0,10525.0,2023-08-01,3.351543942992874,1.8917352858409489,1.771677024834362,False
730630,India,"Savannah, GA",2023,October,12318,5390,49228,66936,14973.0,0.0,0.0,14973.0,2023-10-01,4.470446804247646,1.8290539687181095,2.4441306165398466,False
730630,India,"Savannah, GA",2023,November,13817,3350,55266,72433,54290.0,0.0,0.0,54290.0,2023-11-01,1.334186774728311,1.8531261832386348,0.7199654221045033,False
730630,India,"Savannah, GA",2023,December,33047,9016,132151,174214,118792.0,0.0,0.0,118792.0,2023-12-01,1.4665465687925112,1.8531261832386348,0.7913905604795277,False
730630,India,"Savannah, GA",2024,March,56974,9264,227896,294134,70479.0,0.0,0.0,70479.0,2024-03-01,4.173356602675974,1.9575375138572497,2.1319420818927455,False
730630,India,"Savannah, GA",2024,April,2634,1693,10528,14855,3125.0,0.0,0.0,3125.0,2024-04-01,4.7536,1.9672527081683555,2.4163647000013135,False
730630,India,"Savannah, GA",2024,May,29620,16010,118451,164081,73546.0,0.0,0.0,73546.0,2024-05-01,2.230998286786501,1.9672527081683555,1.134067970791465,False
730630,India,"Savannah, GA",2024,June,82334,32500,329330,444164,368660.0,0.0,0.0,368660.0,2024-06-01,1.2048065968643193,1.8504735414738116,0.6510801531940574,False
730630,India,"Savannah, GA",2024,August,25611,18859,102440,146910,115942.0,0.0,0.0,115942.0,2024-08-01,1.2670990667747668,1.8504735414738116,0.6847431418909046,False
730630,India,"Savannah, GA",2024,November,22990,17600,91958,132548,110190.0,0.0,0.0,110190.0,2024-11-01,1.2029040747799256,1.8716388858283621,0.6427009418793607,False
730630,India,"Savannah, GA",2025,February,1009,470,4036,5515,1198.0,0.0,0.0,1198.0,2025-02-01,4.603505843071786,1.7736147984491373,2.5955499734762744,False
730630,India,"Savannah, GA",2025,March,9394,3956,37564,50914,22674.0,0.0,0.0,22674.0,2025-03-01,2.2454794037223254,1.7814906601276939,1.2604497199897606,False
730630,India,"Savannah, GA",2025,April,7350,1547,29400,38297,25090.0,0.0,0.0,25090.0,2025-04-01,1.5263850139497808,1.7607456375049886,0.8668969449287965,False
730630,India,"Savannah, GA",2025,June,6052,2964,22281,31297,16359.0,0.0,0.0,16359.0,2025-06-01,1.9131364997860505,1.9295501251588763,0.9914935480769258,False
730630,India,"Savannah, GA",2025,September,8677,6000,17353,32030,18778.0,0.0,0.0,18778.0,2025-09-01,1.7057194589413143,2.1520202444365992,0.7926131101001204,False
730630,India,"Savannah, GA",2025,October,16758,12000,33515,62273,36064.0,0.0,0.0,36064.0,2025-10-01,1.726735803016859,2.1520202444365992,0.8023789773729196,False
730630,India,"Savannah, GA",2025,December,17824,2465,35646,55935,27866.0,0.0,0.0,27866.0,2025-12-01,2.007284863274241,2.041961067134251,0.9830181855971054,False
730630,India,"Savannah, GA",2026,March,48337,14943,96666,159946,113626.0,0.0,0.0,113626.0,2026-03-01,1.407653177969831,1.9190246064748433,0.7335253405403814,False
730630,India,"Savannah, GA",2026,May,142266,34862,284525,461653,348853.0,0.0,0.0,348853.0,2026-05-01,1.3233453632332244,1.9641497008294966,0.6737497466075785,False
730630,India,"Seattle, WA",2022,April,7500,9966,30000,47466,19380.0,0.0,0.0,19380.0,2022-04-01,2.4492260061919504,2.16626401633449,1.1306221161057999,False
730630,India,"Seattle, WA",2022,May,17596,19887,70385,107868,39530.0,0.0,0.0,39530.0,2022-05-01,2.728762964836833,2.126845907818446,1.2830092461356482,False
730630,India,"Seattle, WA",2022,June,9453,9920,37812,57185,21060.0,0.0,0.0,21060.0,2022-06-01,2.715337132003799,2.118182766697531,1.2819182436449024,False
730630,India,"Seattle, WA",2022,August,8526,8918,34102,51546,19200.0,0.0,0.0,19200.0,2022-08-01,2.6846875,2.2297478884363553,1.2040318611458258,False
730630,India,"Seattle, WA",2022,December,27931,6000,111724,145655,45696.0,0.0,0.0,45696.0,2022-12-01,3.1874781162464987,1.912688456326019,1.666491009397921,False
730630,India,"Seattle, WA",2023,March,5712,2300,22848,30860,13170.0,0.0,0.0,13170.0,2023-03-01,2.343204252088079,1.8630419526264117,1.2577302667740582,False
730630,India,"Seattle, WA",2023,April,31373,8262,125491,165126,67631.0,0.0,0.0,67631.0,2023-04-01,2.441572651594683,1.844770504813189,1.3235102389291122,False
730630,India,"Seattle, WA",2023,May,61288,16400,245146,322834,130671.0,0.0,0.0,130671.0,2023-05-01,2.470586434633545,1.7886137729404068,1.3812855922338134,False
730630,India,"Seattle, WA",2023,July,19839,10500,79355,109694,37925.0,0.0,0.0,37925.0,2023-07-01,2.8923928806855637,1.8917352858409489,1.5289628006276703,False
730630,India,"Seattle, WA",2023,August,16857,14000,67426,98283,42138.0,0.0,0.0,42138.0,2023-08-01,2.3324078029332194,1.8917352858409489,1.2329461845907128,False
730630,India,"Seattle, WA",2023,October,10287,5000,41149,56436,19128.0,0.0,0.0,19128.0,2023-10-01,2.950439146800502,1.8290539687181095,1.6130957299572268,False
730630,India,"Seattle, WA",2023,November,30248,8124,120991,159363,82411.0,0.0,0.0,82411.0,2023-11-01,1.9337588428729175,1.8531261832386348,1.0435116941110638,False
730630,India,"Seattle, WA",2023,December,6877,2863,27507,37247,19931.0,0.0,0.0,19931.0,2023-12-01,1.8687973508604687,1.8531261832386348,1.0084566111922535,False
730630,India,"Seattle, WA",2024,February,82720,40700,330867,454287,179054.0,0.0,0.0,179054.0,2024-02-01,2.537150803668167,1.9275339654919132,1.3162677540785528,False
730630,India,"Seattle, WA",2024,March,36289,20000,145155,201444,75576.0,0.0,0.0,75576.0,2024-03-01,2.665449348999682,1.9575375138572497,1.3616338538246047,False
730630,India,"Seattle, WA",2024,May,105785,39000,423130,567915,229120.0,0.0,0.0,229120.0,2024-05-01,2.4786792946927374,1.9672527081683555,1.259969949158466,False
730630,India,"Seattle, WA",2024,June,27051,20000,108199,155250,57923.0,0.0,0.0,57923.0,2024-06-01,2.6802824439341886,1.8504735414738116,1.4484305686421621,False
730630,India,"Seattle, WA",2024,July,18464,10000,73855,102319,38203.0,0.0,0.0,38203.0,2024-07-01,2.6782975159018925,1.8243105300815077,1.4681149243721296,False
730630,India,"Seattle, WA",2024,August,31206,15175,124820,171201,81828.0,0.0,0.0,81828.0,2024-08-01,2.0922056019944275,1.8504735414738116,1.1306325408619937,False
730630,India,"Seattle, WA",2024,September,37721,25000,150888,213609,92068.0,0.0,0.0,92068.0,2024-09-01,2.320122083677282,1.8899895307728454,1.227584621978593,False
730630,India,"Seattle, WA",2024,October,13634,10000,65063,88697,31228.0,0.0,0.0,31228.0,2024-10-01,2.840303573715896,1.8899895307728454,1.502814448159643,False
730630,India,"Seattle, WA",2024,November,24828,15000,99310,139138,57857.0,0.0,0.0,57857.0,2024-11-01,2.4048602589142196,1.8716388858283621,1.2848954342225374,False
730630,India,"Seattle, WA",2024,December,20043,13000,80171,113214,53185.0,0.0,0.0,53185.0,2024-12-01,2.1286828993137163,1.8628176065916304,1.1427221279105986,False
730630,India,"Seattle, WA",2025,January,30874,12710,123498,167082,82523.0,0.0,0.0,82523.0,2025-01-01,2.024671909649431,1.7814906601276939,1.1365043639938626,False
730630,India,"Seattle, WA",2025,February,34082,20000,136322,190404,78072.0,0.0,0.0,78072.0,2025-02-01,2.438825699354442,1.7736147984491373,1.375059399305289,False
730630,India,"Seattle, WA",2025,March,32827,20000,131304,184131,76250.0,0.0,0.0,76250.0,2025-03-01,2.414832786885246,1.7814906601276939,1.3555124598363908,False
730630,India,"Seattle, WA",2025,April,6262,5000,25047,36309,15488.0,0.0,0.0,15488.0,2025-04-01,2.3443310950413223,1.7607456375049886,1.3314422282841978,False
730630,India,"Seattle, WA",2025,May,14587,10000,58348,82935,35808.0,0.0,0.0,35808.0,2025-05-01,2.31610254691689,1.7931661444681326,1.291627412251788,False
730630,India,"Seattle, WA",2025,June,34917,16500,85617,137034,57808.0,0.0,0.0,57808.0,2025-06-01,2.370502352615555,1.9295501251588763,1.2285259251403855,False
730630,India,"Seattle, WA",2025,July,29378,9583,58754,97715,36848.0,0.0,0.0,36848.0,2025-07-01,2.651839991315675,2.013944339676938,1.316739464478479,False
730630,India,"Seattle, WA",2025,August,129273,39887,258542,427702,151433.0,0.0,0.0,151433.0,2025-08-01,2.824364570470109,2.019119415866215,1.3988100695165862,False
730630,India,"Seattle, WA",2025,September,32438,10000,64874,107312,37775.0,0.0,0.0,37775.0,2025-09-01,2.8408206485771013,2.1520202444365992,1.320071526241999,False
730630,India,"Seattle, WA",2025,October,42407,15000,84811,142218,58879.0,0.0,0.0,58879.0,2025-10-01,2.415428251159157,2.1520202444365992,1.1224003386601589,False
730630,India,"Seattle, WA",2025,November,82792,31739,165576,280107,135247.0,0.0,0.0,135247.0,2025-11-01,2.0710773621596044,2.1395674470738277,0.9679888170817453,False
730630,India,"Seattle, WA",2026,January,69222,30000,138436,237658,108313.0,0.0,0.0,108313.0,2026-01-01,2.1941779841754916,2.017901202219449,1.0873564978117658,False
730630,India,"Seattle, WA",2026,February,52105,20319,104207,176631,93926.0,0.0,0.0,93926.0,2026-02-01,1.8805336115665523,1.9190246064748433,0.9799424172163185,False
730630,India,"Seattle, WA",2026,March,127869,55500,255729,439098,207087.0,0.0,0.0,207087.0,2026-03-01,2.1203552130264094,1.9190246064748433,1.1049129885423412,False
730630,India,"Seattle, WA",2026,April,125588,40500,251170,417258,203441.0,0.0,0.0,203441.0,2026-04-01,2.0510025019538833,1.9042245101257504,1.077080192512825,False
730630,India,"Seattle, WA",2026,May,85349,30300,170695,286344,133852.0,0.0,0.0,133852.0,2026-05-01,2.1392582852702984,1.9641497008294966,1.0891523616386523,False
730630,India,"St. Louis, MO",2022,January,1046328,284891,4185252,5516471,2554975.0,0.0,0.0,2554975.0,2022-01-01,2.1591095803285745,2.258955478187522,0.9557999709055537,False
730630,India,"St. Louis, MO",2022,February,469501,157760,1877984,2505245,1125651.0,0.0,0.0,1125651.0,2022-02-01,2.2255965658983112,2.2820744566386915,0.9752515126857133,False
730630,India,"St. Louis, MO",2022,March,323642,99002,1294543,1717187,786509.0,0.0,0.0,786509.0,2022-03-01,2.183302416119841,2.2820744566386915,0.9567183094173302,False
730630,India,"St. Louis, MO",2022,April,316582,110921,1266293,1693796,788321.0,0.0,0.0,788321.0,2022-04-01,2.148612050167381,2.16626401633449,0.9918514243720957,False
730630,India,"St. Louis, MO",2022,May,157471,52500,629868,839839,389053.0,0.0,0.0,389053.0,2022-05-01,2.1586750391334855,2.126845907818446,1.0149654148417773,False
730630,India,"St. Louis, MO",2022,June,381598,106501,1526352,2014451,941972.0,0.0,0.0,941972.0,2022-06-01,2.138546581002408,2.118182766697531,1.0096138136071358,False
730630,India,"St. Louis, MO",2022,July,310604,95000,1242398,1648002,740475.0,0.0,0.0,740475.0,2022-07-01,2.2256011344069684,2.118182766697531,1.0507125114028353,False
730630,India,"St. Louis, MO",2022,August,392118,125000,1568444,2085562,971543.0,0.0,0.0,971543.0,2022-08-01,2.1466491961755683,2.2297478884363553,0.9627317991008116,False
730630,India,"St. Louis, MO",2022,September,470010,145000,1880015,2495025,1198031.0,0.0,0.0,1198031.0,2022-09-01,2.0826047072237697,2.2297478884363553,0.934009050092308,False
730630,India,"St. Louis, MO",2022,October,330056,102499,1320212,1752767,881056.0,0.0,0.0,881056.0,2022-10-01,1.98939340972651,2.204360746730122,0.9024808723696938,False
730630,India,"St. Louis, MO",2022,November,69905,27500,279615,377020,208573.0,0.0,0.0,208573.0,2022-11-01,1.8076165179577415,2.1184058057421074,0.8532909573123587,False
730630,India,"St. Louis, MO",2022,December,283720,113182,1134870,1531772,875035.0,0.0,0.0,875035.0,2022-12-01,1.7505265503665568,1.912688456326019,0.9152178153095825,False
730630,India,"St. Louis, MO",2023,January,230773,75000,923085,1228858,729802.0,0.0,0.0,729802.0,2023-01-01,1.6838238316694116,1.912688456326019,0.8803440132136202,False
730630,India,"St. Louis, MO",2023,February,149118,57501,596460,803079,480420.0,0.0,0.0,480420.0,2023-02-01,1.6716185837392281,1.912688456326019,0.8739628130292326,False
730630,India,"St. Louis, MO",2023,March,252578,100000,1010289,1362867,820810.0,0.0,0.0,820810.0,2023-03-01,1.6603927827390017,1.8630419526264117,0.8912267275561204,False
730630,India,"St. Louis, MO",2023,April,300229,116000,1200879,1617108,972961.0,0.0,0.0,972961.0,2023-04-01,1.6620481190921321,1.844770504813189,0.9009511561225008,False
730630,India,"St. Louis, MO",2023,May,377669,143498,1510650,2031817,1223507.0,0.0,0.0,1223507.0,2023-05-01,1.6606500821000616,1.7886137729404068,0.9284564992306985,False
730630,India,"St. Louis, MO",2023,June,559517,201499,2238026,2999042,1756994.0,0.0,0.0,1756994.0,2023-06-01,1.7069164721108894,1.7886137729404068,0.9543236767682883,False
730630,India,"St. Louis, MO",2023,July,250264,92500,1001028,1343792,779121.0,0.0,0.0,779121.0,2023-07-01,1.7247539214063028,1.8917352858409489,0.9117311149797491,False
730630,India,"St. Louis, MO",2023,August,172451,62500,689794,924745,545597.0,0.0,0.0,545597.0,2023-08-01,1.694923175897228,1.8917352858409489,0.895962129893755,False
730630,India,"St. Louis, MO",2023,September,154800,80459,619190,854449,500351.0,0.0,0.0,500351.0,2023-09-01,1.7076991951649942,1.8290539687181095,0.9336516168310951,False
730630,India,"St. Louis, MO",2023,October,148816,57500,595242,801558,484672.0,0.0,0.0,484672.0,2023-10-01,1.6538153637924204,1.8290539687181095,0.9041916707091454,False
730630,India,"St. Louis, MO",2023,November,253188,99665,1017490,1370343,822673.0,0.0,0.0,822673.0,2023-11-01,1.6657201585563157,1.8531261832386348,0.8988703379309028,False
730630,India,"St. Louis, MO",2023,December,279533,111817,1118099,1509449,907537.0,0.0,0.0,907537.0,2023-12-01,1.6632368707832297,1.8531261832386348,0.8975302846762744,False
730630,India,"St. Louis, MO",2024,January,285029,120000,1140099,1545128,920323.0,0.0,0.0,920323.0,2024-01-01,1.6788975175020076,1.8531261832386348,0.9059812184877045,False
730630,India,"St. Louis, MO",2024,February,385562,146002,1542223,2073787,1234754.0,0.0,0.0,1234754.0,2024-02-01,1.679514300014416,1.9275339654919132,0.8713279921818644,False
730630,India,"St. Louis, MO",2024,March,457700,185000,1830762,2473462,1449735.0,0.0,0.0,1449735.0,2024-03-01,1.7061476752647897,1.9575375138572497,0.8715785333293019,False
730630,India,"St. Louis, MO",2024,April,211213,80001,844831,1136045,673898.0,0.0,0.0,673898.0,2024-04-01,1.6857818245491158,1.9672527081683555,0.8569218471777792,False
730630,India,"St. Louis, MO",2024,May,411530,154999,1646085,2212614,1313618.0,0.0,0.0,1313618.0,2024-05-01,1.6843663835300673,1.9672527081683555,0.8562023458075834,False
730630,India,"St. Louis, MO",2024,June,216371,82700,897715,1196786,705631.0,0.0,0.0,705631.0,2024-06-01,1.6960507687445705,1.8504735414738116,0.9165495916216932,False
730630,India,"St. Louis, MO",2024,July,328645,127700,1347519,1803864,1088694.0,0.0,0.0,1088694.0,2024-07-01,1.656906348340305,1.8243105300815077,0.9082370139398783,False
730630,India,"St. Louis, MO",2024,August,480810,182699,1929503,2593012,1549712.0,0.0,0.0,1549712.0,2024-08-01,1.6732218631590903,1.8504735414738116,0.9042128004848159,False
730630,India,"St. Louis, MO",2024,September,317711,122499,1270818,1711028,1029581.0,0.0,0.0,1029581.0,2024-09-01,1.6618682745699465,1.8899895307728454,0.8793002540550493,False
730630,India,"St. Louis, MO",2024,October,175257,67500,701007,943764,572159.0,0.0,0.0,572159.0,2024-10-01,1.6494785540383006,1.8899895307728454,0.8727448100539498,False
730630,India,"St. Louis, MO",2024,November,179465,67500,717839,964804,589361.0,0.0,0.0,589361.0,2024-11-01,1.6370340080188543,1.8716388858283621,0.8746527016584853,False
730630,India,"St. Louis, MO",2024,December,127150,51199,508594,686943,428196.0,0.0,0.0,428196.0,2024-12-01,1.604272342572093,1.8628176065916304,0.8612074187485302,False
730630,India,"St. Louis, MO",2025,January,431075,172665,1724260,2328000,1462491.0,0.0,0.0,1462491.0,2025-01-01,1.5918046675159028,1.7814906601276939,0.8935240038821226,False
730630,India,"St. Louis, MO",2025,February,347940,149802,1391729,1889471,1223078.0,0.0,0.0,1223078.0,2025-02-01,1.5448491429001256,1.7736147984491373,0.8710172830374182,False
730630,India,"St. Louis, MO",2025,March,184943,67900,739761,992604,627051.0,0.0,0.0,627051.0,2025-03-01,1.5829717200036362,1.7814906601276939,0.8885658260426534,False
730630,India,"St. Louis, MO",2025,April,279114,115002,1116442,1510558,976017.0,0.0,0.0,976017.0,2025-04-01,1.547675911382691,1.7607456375049886,0.8789889228837042,False
730630,India,"St. Louis, MO",2025,May,372779,160002,1491069,2023850,1357699.0,0.0,0.0,1357699.0,2025-05-01,1.4906470432695318,1.7931661444681326,0.8312933231915717,False
730630,India,"St. Louis, MO",2025,June,810615,187504,1772309,2770428,1575059.0,0.0,0.0,1575059.0,2025-06-01,1.7589360144604107,1.9295501251588763,0.9115782956483613,False
730630,India,"St. Louis, MO",2025,July,699458,149999,1398890,2248347,1245615.0,0.0,0.0,1245615.0,2025-07-01,1.8050095735841332,2.013944339676938,0.8962559381723922,False
730630,India,"St. Louis, MO",2025,August,540529,112499,1081035,1734063,952346.0,0.0,0.0,952346.0,2025-08-01,1.8208329745701668,2.019119415866215,0.9017955848782812,False
730630,India,"St. Louis, MO",2025,September,413471,85807,826929,1326207,717731.0,0.0,0.0,717731.0,2025-09-01,1.8477772313025354,2.1520202444365992,0.8586244651180245,False
730630,India,"St. Louis, MO",2025,October,591604,114499,1183186,1889289,1040713.0,0.0,0.0,1040713.0,2025-10-01,1.81537945619974,2.1520202444365992,0.8435698785329075,False
730630,India,"St. Louis, MO",2025,November,423028,82500,846034,1351562,778500.0,0.0,0.0,778500.0,2025-11-01,1.7361104688503533,2.1395674470738277,0.8114305866939315,False
730630,India,"St. Louis, MO",2025,December,618515,133182,1236999,1988696,1112946.0,0.0,0.0,1112946.0,2025-12-01,1.7868755537106022,2.041961067134251,0.8750781699370774,False
730630,India,"St. Louis, MO",2026,January,906500,206715,1812962,2926177,1669508.0,0.0,0.0,1669508.0,2026-01-01,1.7527181660704831,2.017901202219449,0.86858472760842,False
730630,India,"St. Louis, MO",2026,February,1458406,352110,2918334,4728850,2680433.0,0.0,0.0,2680433.0,2026-02-01,1.764211230051264,1.9190246064748433,0.9193270498454087,False
730630,India,"St. Louis, MO",2026,March,845747,186024,1693668,2725439,1570830.0,0.0,0.0,1570830.0,2026-03-01,1.7350311618698395,1.9190246064748433,0.9041213729181977,False
730630,India,"St. Louis, MO",2026,April,412736,90002,825453,1328191,757869.0,0.0,0.0,757869.0,2026-04-01,1.7525337492363455,1.9042245101257504,0.9203398758482593,False
730630,India,"St. Louis, MO",2026,May,615484,135000,1230942,1981426,1130155.0,0.0,0.0,1130155.0,2026-05-01,1.7532338484544157,1.9641497008294966,0.8926172214439626,False
730630,India,"St. Louis, MO",2026,June,919570,195000,1839104,2953674,1651145.0,0.0,0.0,1651145.0,2026-06-01,1.7888640912821103,1.9536510889113083,0.9156517770422213,False
730630,India,"Tampa, FL",2022,January,110652,119460,442608,672720,367950.0,0.0,0.0,367950.0,2022-01-01,1.8282918874847125,2.258955478187522,0.8093527761563706,False
730630,India,"Tampa, FL",2022,February,50576,56100,202305,308981,162254.0,0.0,0.0,162254.0,2022-02-01,1.9043043622961529,2.2820744566386915,0.8344619768020352,False
730630,India,"Tampa, FL",2022,May,85537,42773,342147,470457,284010.0,0.0,0.0,284010.0,2022-05-01,1.6564804056195204,2.126845907818446,0.7788436386153662,False
730630,India,"Tampa, FL",2022,June,40226,1,160905,201132,153243.0,0.0,0.0,153243.0,2022-06-01,1.3125036706407471,2.118182766697531,0.6196366485820665,False
730630,India,"Tampa, FL",2022,October,152167,8504,608664,769335,392882.0,0.0,0.0,392882.0,2022-10-01,1.958183373124755,2.204360746730122,0.8883225561104104,False
730630,India,"Wilmington, NC",2025,April,11193,9610,44771,65574,47893.0,0.0,0.0,47893.0,2025-04-01,1.3691771240055959,1.7607456375049886,0.7776121063947357,False
730630,India,"Wilmington, NC",2026,March,71300,2,142600,213902,175700.0,0.0,0.0,175700.0,2026-03-01,1.2174274331246442,1.9190246064748433,0.6343990738925439,False
730630,Mexico,"Buffalo, NY",2022,September,0,200,2154,2354,1064.0,0.0,0.0,1064.0,2022-09-01,2.212406015037594,1.8920887170732563,1.1692929591905261,False
730630,Mexico,"Buffalo, NY",2024,June,0,89,3722,3811,1391.0,0.0,0.0,1391.0,2024-06-01,2.7397555715312722,2.3817194896971134,1.1503267212545214,False
730630,Mexico,"Cleveland, OH",2022,July,0,320,8254,8574,8092.0,0.0,0.0,8092.0,2022-07-01,1.0595650024715768,2.1505152984297395,0.4927028434744215,False
730630,Mexico,"Cleveland, OH",2024,July,0,145,6902,7047,2783.0,0.0,0.0,2783.0,2024-07-01,2.5321595400646784,2.3817194896971134,1.0631644704669636,False
730630,Mexico,"Cleveland, OH",2024,September,0,329,25402,25731,10585.0,0.0,0.0,10585.0,2024-09-01,2.4308927727916863,2.077715133644512,1.1699836678417348,False
730630,Mexico,"Cleveland, OH",2026,April,1560,3997,5362,10919,3194.0,0.0,0.0,3194.0,2026-04-01,3.418597370068879,2.318434177676622,1.4745285430077493,False
730630,Mexico,"Cleveland, OH",2026,June,1004,550,2008,3562,314.0,0.0,0.0,314.0,2026-06-01,11.343949044585987,2.5018094719500077,4.534297744002092,True
730630,Mexico,"Detroit, MI",2022,November,0,3687,34480,38167,8731.0,0.0,0.0,8731.0,2022-11-01,4.371435116252433,1.6789687866615626,2.6036428735191275,False
730630,Mexico,"Detroit, MI",2022,December,0,504,3755,4259,913.0,0.0,0.0,913.0,2022-12-01,4.664841182913472,1.7621730874890233,2.647209412079124,False
730630,Mexico,"Detroit, MI",2023,January,0,10000,136770,146770,36343.0,0.0,0.0,36343.0,2023-01-01,4.038466829925983,1.7621730874890233,2.2917537775364183,False
730630,Mexico,"Detroit, MI",2023,February,0,6843,64492,71335,16305.0,0.0,0.0,16305.0,2023-02-01,4.375038331800061,1.8533270027162407,2.36064025689368,False
730630,Mexico,"Detroit, MI",2023,March,0,5596,102883,108479,27302.0,0.0,0.0,27302.0,2023-03-01,3.973298659438869,1.9206012502338323,2.0687785447162037,False
730630,Mexico,"Detroit, MI",2023,April,0,4927,69106,74033,18770.0,0.0,0.0,18770.0,2023-04-01,3.9442194992008526,2.1244525338339755,1.8565816069718273,False
730630,Mexico,"Detroit, MI",2023,May,0,4927,85076,90003,24786.0,0.0,0.0,24786.0,2023-05-01,3.63120309852336,2.1244525338339755,1.709241812040003,False
730630,Mexico,"Detroit, MI",2023,June,0,4509,122327,126836,36360.0,0.0,0.0,36360.0,2023-06-01,3.4883388338833883,2.1950719045275697,1.5891683669625207,False
730630,Mexico,"Detroit, MI",2023,July,0,2009,67979,69988,16489.0,0.0,0.0,16489.0,2023-07-01,4.244526654133058,2.132164643545295,1.9907124278523802,False
730630,Mexico,"Detroit, MI",2023,August,0,3800,83640,87440,25265.0,0.0,0.0,25265.0,2023-08-01,3.460914308331684,2.145194076878648,1.613333891620411,False
730630,Mexico,"Detroit, MI",2023,September,0,3222,117475,120697,34773.0,0.0,0.0,34773.0,2023-09-01,3.470997613090616,2.132164643545295,1.6279219447702467,False
730630,Mexico,"Detroit, MI",2023,October,0,3800,84933,88733,25768.0,0.0,0.0,25768.0,2023-10-01,3.4435346165787024,2.145194076878648,1.6052322042531448,False
730630,Mexico,"Detroit, MI",2023,November,0,3533,89638,93171,28187.0,0.0,0.0,28187.0,2023-11-01,3.3054599638131053,2.1796979983821,1.5164761202086765,False
730630,Mexico,"Detroit, MI",2023,December,0,1801,70054,71855,20622.0,0.0,0.0,20622.0,2023-12-01,3.48438560760353,2.2198345146398215,1.569660073588363,False
730630,Mexico,"Detroit, MI",2024,January,0,5650,150145,155795,47080.0,0.0,0.0,47080.0,2024-01-01,3.309154630416313,2.371049465747154,1.3956497653133304,False
730630,Mexico,"Detroit, MI",2024,February,0,3199,92105,95304,25161.0,0.0,0.0,25161.0,2024-02-01,3.787766781924407,2.371049465747154,1.5975064361345257,False
730630,Mexico,"Detroit, MI",2024,March,0,3197,123783,126980,33421.0,0.0,0.0,33421.0,2024-03-01,3.7994075581221387,2.3534724602985286,1.6143836914242875,False
730630,Mexico,"Detroit, MI",2024,April,0,3201,138412,141613,33954.0,0.0,0.0,33954.0,2024-04-01,4.170730988985097,2.3041222409175646,1.8101170653707148,False
730630,Mexico,"Detroit, MI",2024,May,0,4003,148822,152825,36730.0,0.0,0.0,36730.0,2024-05-01,4.160767764769943,2.3041222409175646,1.8057929787236513,False
730630,Mexico,"Detroit, MI",2024,June,0,3245,61416,64661,15442.0,0.0,0.0,15442.0,2024-06-01,4.187346198678927,2.3817194896971134,1.75811896270431,False
730630,Mexico,"Detroit, MI",2024,July,0,4900,101698,106598,27040.0,0.0,0.0,27040.0,2024-07-01,3.9422337278106507,2.3817194896971134,1.6552048823818417,False
730630,Mexico,"Detroit, MI",2024,August,0,999,82144,83143,36988.0,0.0,0.0,36988.0,2024-08-01,2.247837136368552,2.1658482771019636,1.0378553106112745,False
730630,Mexico,"Detroit, MI",2024,September,0,10000,71377,81377,19116.0,0.0,0.0,19116.0,2024-09-01,4.25700983469345,2.077715133644512,2.048890035866585,False
730630,Mexico,"Detroit, MI",2024,October,0,12498,120792,133290,65929.0,0.0,0.0,65929.0,2024-10-01,2.021720335512445,2.0062831257764353,1.0076944323249668,False
730630,Mexico,"Detroit, MI",2024,November,0,7500,89177,96677,24603.0,0.0,0.0,24603.0,2024-11-01,3.929480144697801,2.0062831257764353,1.958587047965668,False
730630,Mexico,"Detroit, MI",2024,December,13951,5249,55798,74998,24173.0,0.0,0.0,24173.0,2024-12-01,3.102552434534398,2.0494032259878634,1.513880916742917,False
730630,Mexico,"Detroit, MI",2025,January,27305,9975,109213,146493,31099.0,0.0,0.0,31099.0,2025-01-01,4.710537316312422,2.0494032259878634,2.298492193522251,False
730630,Mexico,"Detroit, MI",2025,February,23694,9764,94763,128221,26828.0,0.0,0.0,26828.0,2025-02-01,4.779372297599523,1.8992980203639482,2.516388816476357,False
730630,Mexico,"Detroit, MI",2025,March,28919,6242,75705,110866,43819.0,0.0,0.0,43819.0,2025-03-01,2.530089687122025,1.8992980203639482,1.3321183195026987,False
730630,Mexico,"Detroit, MI",2025,April,22821,18175,45637,86633,14707.0,0.0,0.0,14707.0,2025-04-01,5.890596314680084,1.9568917593762734,3.0101799378814973,True
730630,Mexico,"Detroit, MI",2025,May,37692,11395,107996,157083,60448.0,0.0,0.0,60448.0,2025-05-01,2.5986467707781897,2.1797050082045897,1.192201128591561,False
730630,Mexico,"Detroit, MI",2025,June,78408,5183,122809,206400,132062.0,0.0,0.0,132062.0,2025-06-01,1.5629022731747209,2.5369086770577054,0.616065642137094,False
730630,Mexico,"Detroit, MI",2025,July,56993,67710,94966,219669,27252.0,0.0,0.0,27252.0,2025-07-01,8.060656098634963,2.5369086770577054,3.1773536712341075,True
730630,Mexico,"Detroit, MI",2025,August,53128,7352,93968,154448,54870.0,0.0,0.0,54870.0,2025-08-01,2.8147986149079642,2.5018842142419064,1.1250714956690646,False
730630,Mexico,"Detroit, MI",2025,September,56371,72011,112737,241119,45714.0,0.0,0.0,45714.0,2025-09-01,5.2745110906943165,2.332526432245779,2.261286739467285,False
730630,Mexico,"Detroit, MI",2025,October,54911,100344,109816,265071,66918.0,0.0,0.0,66918.0,2025-10-01,3.9611315341163813,2.3239537021005034,1.7044795386999818,False
730630,Mexico,"Detroit, MI",2025,November,49524,5152,99045,153721,28360.0,0.0,0.0,28360.0,2025-11-01,5.420345557122708,2.3065112660250113,2.350019111965582,False
730630,Mexico,"Detroit, MI",2025,December,30002,1901,46515,78418,20335.0,0.0,0.0,20335.0,2025-12-01,3.856306860093435,2.2746262681357043,1.6953584481612818,False
730630,Mexico,"Detroit, MI",2026,January,47416,7151,94824,149391,38501.0,0.0,0.0,38501.0,2026-01-01,3.8801849302615516,2.2746262681357043,1.7058560276989025,False
730630,Mexico,"Detroit, MI",2026,February,52264,5899,104521,162684,41564.0,0.0,0.0,41564.0,2026-02-01,3.914060244442306,2.224960238170234,1.7591596367857596,False
730630,Mexico,"Detroit, MI",2026,March,47530,6102,95053,148685,54469.0,0.0,0.0,54469.0,2026-03-01,2.729717821145973,2.318434177676622,1.1773971620283443,False
730630,Mexico,"Detroit, MI",2026,April,54013,5550,108020,167583,50905.0,0.0,0.0,50905.0,2026-04-01,3.292073470189569,2.318434177676622,1.4199555466736011,False
730630,Mexico,"Detroit, MI",2026,May,52935,6098,105864,164897,36368.0,0.0,0.0,36368.0,2026-05-01,4.5341234051913775,2.362559886984825,1.9191570254661232,False
730630,Mexico,"Detroit, MI",2026,June,32490,2851,64977,100318,24698.0,0.0,0.0,24698.0,2026-06-01,4.061786379463924,2.5018094719500077,1.6235394521462139,False
730630,Mexico,"El Paso, TX",2022,January,0,726,304661,305387,90090.0,0.0,0.0,90090.0,2022-01-01,3.38979908979909,2.3751404857606593,1.4271994057284059,False
730630,Mexico,"El Paso, TX",2022,February,0,235,160798,161033,59308.0,0.0,0.0,59308.0,2022-02-01,2.7151986241316517,2.2848304957006373,1.1883588866836456,False
730630,Mexico,"El Paso, TX",2022,March,0,557,179307,179864,69468.0,0.0,0.0,69468.0,2022-03-01,2.589163355789716,2.073389626110023,1.2487587104635796,False
730630,Mexico,"El Paso, TX",2022,April,0,619,191064,191683,81257.0,0.0,0.0,81257.0,2022-04-01,2.3589721500916845,2.073389626110023,1.1377370275154002,False
730630,Mexico,"El Paso, TX",2022,May,0,683,184038,184721,58205.0,0.0,0.0,58205.0,2022-05-01,3.173627695215188,2.328394864178388,1.3630109497493048,False
730630,Mexico,"El Paso, TX",2022,June,0,361,190096,190457,63890.0,0.0,0.0,63890.0,2022-06-01,2.9810142432305526,2.328394864178388,1.280287243840169,False
730630,Mexico,"El Paso, TX",2022,July,0,655,455969,456624,170431.0,0.0,0.0,170431.0,2022-07-01,2.6792308910937566,2.1505152984297395,1.2458553040985452,False
730630,Mexico,"El Paso, TX",2022,August,0,607,445034,445641,189080.0,0.0,0.0,189080.0,2022-08-01,2.3568912629574785,1.9460728124963287,1.2111012742293912,False
730630,Mexico,"El Paso, TX",2022,September,0,457,388635,389092,148733.0,0.0,0.0,148733.0,2022-09-01,2.616043514216751,1.8920887170732563,1.382622014819332,False
730630,Mexico,"El Paso, TX",2022,October,0,553,296324,296877,127013.0,0.0,0.0,127013.0,2022-10-01,2.337374914378843,1.8500704138522526,1.2633978127956305,False
730630,Mexico,"El Paso, TX",2022,November,0,334,53123,53457,47184.0,0.0,0.0,47184.0,2022-11-01,1.1329476093591049,1.6789687866615626,0.674787773518912,False
730630,Mexico,"El Paso, TX",2022,December,0,3,158486,158489,37249.0,0.0,0.0,37249.0,2022-12-01,4.254852479261189,1.7621730874890233,2.4145485534137077,False
730630,Mexico,"El Paso, TX",2023,January,0,8,71543,71551,21028.0,0.0,0.0,21028.0,2023-01-01,3.4026536047175195,1.7621730874890233,1.9309417609856188,False
730630,Mexico,"El Paso, TX",2023,February,0,4,171663,171667,43182.0,0.0,0.0,43182.0,2023-02-01,3.9754295771386228,1.8533270027162407,2.1450232858595504,False
730630,Mexico,"El Paso, TX",2023,March,0,1,72468,72469,9858.0,0.0,0.0,9858.0,2023-03-01,7.351288293771556,1.9206012502338323,3.827597369769774,True
730630,Mexico,"El Paso, TX",2023,April,0,2,119346,119348,39109.0,0.0,0.0,39109.0,2023-04-01,3.0516760847886677,2.1244525338339755,1.436452938433669,False
730630,Mexico,"El Paso, TX",2023,May,0,8653,226051,234704,54179.0,0.0,0.0,54179.0,2023-05-01,4.332010557596116,2.1244525338339755,2.0391185440035158,False
730630,Mexico,"El Paso, TX",2023,June,0,305,192353,192658,58678.0,0.0,0.0,58678.0,2023-06-01,3.283308906234023,2.1950719045275697,1.4957637148294998,False
730630,Mexico,"El Paso, TX",2023,August,0,2,82308,82310,22266.0,0.0,0.0,22266.0,2023-08-01,3.6966675648971528,2.145194076878648,1.7232322262776183,False
730630,Mexico,"El Paso, TX",2023,September,0,138,141982,142120,42970.0,0.0,0.0,42970.0,2023-09-01,3.3074237840353735,2.132164643545295,1.5512046848952037,False
730630,Mexico,"El Paso, TX",2023,October,0,1,21698,21699,6363.0,0.0,0.0,6363.0,2023-10-01,3.4101838755304104,2.145194076878648,1.5896854798761977,False
730630,Mexico,"El Paso, TX",2023,November,0,98,187970,188068,49163.0,0.0,0.0,49163.0,2023-11-01,3.8253971482619042,2.1796979983821,1.7550124609470388,False
730630,Mexico,"El Paso, TX",2023,December,0,62,119639,119701,15328.0,0.0,0.0,15328.0,2023-12-01,7.809303235908142,2.2198345146398215,3.5179663999301485,True
730630,Mexico,"El Paso, TX",2024,January,0,215,371562,371777,61923.0,0.0,0.0,61923.0,2024-01-01,6.003859632123767,2.371049465747154,2.5321528373225477,False
730630,Mexico,"El Paso, TX",2024,February,0,381,311222,311603,66971.0,0.0,0.0,66971.0,2024-02-01,4.652804945424139,2.371049465747154,1.9623398889984645,False
730630,Mexico,"El Paso, TX",2024,March,0,337,283152,283489,54515.0,0.0,0.0,54515.0,2024-03-01,5.2002017793267905,2.3534724602985286,2.2095868411679502,False
730630,Mexico,"El Paso, TX",2024,April,0,391,261081,261472,61946.0,0.0,0.0,61946.0,2024-04-01,4.220966648371162,2.3041222409175646,1.8319195802260289,False
730630,Mexico,"El Paso, TX",2024,May,0,152,231544,231696,39675.0,0.0,0.0,39675.0,2024-05-01,5.83984877126654,2.3041222409175646,2.534522113262946,False
730630,Mexico,"El Paso, TX",2024,June,0,5,199241,199246,48343.0,0.0,0.0,48343.0,2024-06-01,4.1215067331361315,2.3817194896971134,1.730475293570474,False
730630,Mexico,"El Paso, TX",2024,July,0,1,61057,61058,20522.0,0.0,0.0,20522.0,2024-07-01,2.975246077380372,2.3817194896971134,1.2492008778744714,False
730630,Mexico,"El Paso, TX",2024,August,0,47,5939,5986,4540.0,0.0,0.0,4540.0,2024-08-01,1.3185022026431719,2.1658482771019636,0.6087694214700061,False
730630,Mexico,"El Paso, TX",2024,September,0,314,268414,268728,63471.0,0.0,0.0,63471.0,2024-09-01,4.233870586567094,2.077715133644512,2.037753163563129,False
730630,Mexico,"El Paso, TX",2024,October,0,382,287745,288127,77987.0,0.0,0.0,77987.0,2024-10-01,3.6945516560452383,2.0062831257764353,1.8414906692770194,False
730630,Mexico,"El Paso, TX",2024,November,0,260,98868,99128,36595.0,0.0,0.0,36595.0,2024-11-01,2.7087853531903265,2.0062831257764353,1.3501510920309523,False
730630,Mexico,"El Paso, TX",2025,January,0,81,26458,26539,7841.0,0.0,0.0,7841.0,2025-01-01,3.3846448157122815,2.0494032259878634,1.6515270264009654,False
730630,Mexico,"El Paso, TX",2025,February,0,32,159620,159652,58971.0,0.0,0.0,58971.0,2025-02-01,2.707296806905089,1.8992980203639482,1.4254196960550245,False
730630,Mexico,"El Paso, TX",2025,March,0,2799,75647,78446,23418.0,0.0,0.0,23418.0,2025-03-01,3.3498163805619607,1.8992980203639482,1.7637128795195924,False
730630,Mexico,"El Paso, TX",2025,April,11734,837,46935,59506,8947.0,0.0,0.0,8947.0,2025-04-01,6.65094445065385,1.9568917593762734,3.398728835555896,True
730630,Mexico,"El Paso, TX",2025,May,22509,22186,90032,134727,33332.0,0.0,0.0,33332.0,2025-05-01,4.041971678867155,2.1797050082045897,1.854366376942219,False
730630,Mexico,"El Paso, TX",2025,June,42499,7251,122147,171897,47471.0,0.0,0.0,47471.0,2025-06-01,3.621094984306208,2.5369086770577054,1.4273651302678882,False
730630,Mexico,"El Paso, TX",2025,July,37150,30,74300,111480,29190.0,0.0,0.0,29190.0,2025-07-01,3.8191161356628984,2.5369086770577054,1.5054212121235246,False
730630,Mexico,"El Paso, TX",2025,September,29760,8001,127228,164989,46955.0,0.0,0.0,46955.0,2025-09-01,3.5137685017570015,2.332526432245779,1.5064217293237323,False
730630,Mexico,"El Paso, TX",2025,October,43310,32,160919,204261,54097.0,0.0,0.0,54097.0,2025-10-01,3.775828604173984,2.3239537021005034,1.624743470905296,False
730630,Mexico,"El Paso, TX",2025,November,16091,1,32182,48274,9124.0,0.0,0.0,9124.0,2025-11-01,5.290881192459447,2.3065112660250113,2.293889160826702,False
730630,Mexico,"El Paso, TX",2026,January,60296,4,120589,180889,38351.0,0.0,0.0,38351.0,2026-01-01,4.716669708742927,2.2746262681357043,2.073602057101334,False
730630,Mexico,"El Paso, TX",2026,April,53903,3,107805,161711,47863.0,0.0,0.0,47863.0,2026-04-01,3.3786223178655748,2.318434177676622,1.4572862798509127,False
730630,Mexico,"El Paso, TX",2026,May,5708,45,21021,26774,5849.0,0.0,0.0,5849.0,2026-05-01,4.577534621302787,2.362559886984825,1.9375316776180365,False
730630,Mexico,"El Paso, TX",2026,June,24012,264,66706,90982,24072.0,0.0,0.0,24072.0,2026-06-01,3.7795779328680625,2.5018094719500077,1.5107377181373098,False
730630,Mexico,"Laredo, TX",2022,January,0,103975,11891233,11995208,4917319.0,0.0,0.0,4917319.0,2022-01-01,2.4393796701007195,2.3751404857606593,1.0270464777663402,False
730630,Mexico,"Laredo, TX",2022,February,0,78179,13884271,13962450,6137149.0,0.0,0.0,6137149.0,2022-02-01,2.275071046832984,2.2848304957006373,0.9957285895448184,False
730630,Mexico,"Laredo, TX",2022,March,0,116255,20492234,20608489,10422603.0,0.0,0.0,10422603.0,2022-03-01,1.9772881112328657,2.073389626110023,0.9536500454777245,False
730630,Mexico,"Laredo, TX",2022,April,0,100507,17476708,17577215,8384571.0,0.0,0.0,8384571.0,2022-04-01,2.096376189073955,2.073389626110023,1.0110864656958172,False
730630,Mexico,"Laredo, TX",2022,May,0,104938,26138685,26243623,10963544.0,0.0,0.0,10963544.0,2022-05-01,2.3937171228573533,2.328394864178388,1.0280546309751526,False
730630,Mexico,"Laredo, TX",2022,June,0,133458,19999027,20132485,8661137.0,0.0,0.0,8661137.0,2022-06-01,2.3244621347058705,2.328394864178388,0.9983109697014793,False
730630,Mexico,"Laredo, TX",2022,July,0,161768,16868289,17030057,8028121.0,0.0,0.0,8028121.0,2022-07-01,2.12130048861994,2.1505152984297395,0.986414972341219,False
730630,Mexico,"Laredo, TX",2022,August,0,139579,15013882,15153461,7925789.0,0.0,0.0,7925789.0,2022-08-01,1.9119182960838348,1.9460728124963287,0.9824495177193899,False
730630,Mexico,"Laredo, TX",2022,September,0,192637,11301640,11494277,6246090.0,0.0,0.0,6246090.0,2022-09-01,1.8402355713734513,1.8920887170732563,0.9725947598376818,False
730630,Mexico,"Laredo, TX",2022,October,0,182663,12217909,12400572,7479990.0,0.0,0.0,7479990.0,2022-10-01,1.6578326976372963,1.8500704138522526,0.8960916758759062,False
730630,Mexico,"Laredo, TX",2022,November,0,88568,11078810,11167378,6065877.0,0.0,0.0,6065877.0,2022-11-01,1.8410162289805745,1.6789687866615626,1.0965160541437013,False
730630,Mexico,"Laredo, TX",2022,December,0,118918,11605115,11724033,7202799.0,0.0,0.0,7202799.0,2022-12-01,1.6277051462910461,1.7621730874890233,0.9236919788682139,False
730630,Mexico,"Laredo, TX",2023,January,0,113897,11883985,11997882,6898347.0,0.0,0.0,6898347.0,2023-01-01,1.7392401397030333,1.7621730874890233,0.9869859845500943,False
730630,Mexico,"Laredo, TX",2023,February,0,114093,11476215,11590308,6278361.0,0.0,0.0,6278361.0,2023-02-01,1.8460722471995479,1.8533270027162407,0.9960855501991498,False
730630,Mexico,"Laredo, TX",2023,March,0,144219,14262224,14406443,7683674.0,0.0,0.0,7683674.0,2023-03-01,1.8749419873878044,1.9206012502338323,0.9762265786089284,False
730630,Mexico,"Laredo, TX",2023,April,0,103870,11490741,11594611,5670593.0,0.0,0.0,5670593.0,2023-04-01,2.0446910931537494,2.1244525338339755,0.9624555317617375,False
730630,Mexico,"Laredo, TX",2023,May,0,92652,13335234,13427886,6071855.0,0.0,0.0,6071855.0,2023-05-01,2.2114964866585254,2.1244525338339755,1.0409724159228273,False
730630,Mexico,"Laredo, TX",2023,June,0,172391,17335571,17507962,8379332.0,0.0,0.0,8379332.0,2023-06-01,2.0894221639624733,2.1950719045275697,0.951869576414703,False
730630,Mexico,"Laredo, TX",2023,July,0,122812,22885271,23008083,10431752.0,0.0,0.0,10431752.0,2023-07-01,2.2055818619921177,2.132164643545295,1.034433184448996,False
730630,Mexico,"Laredo, TX",2023,August,0,151866,26017249,26169115,12287047.0,0.0,0.0,12287047.0,2023-08-01,2.1298132089834114,2.145194076878648,0.9928300809418529,False
730630,Mexico,"Laredo, TX",2023,September,0,155516,21555017,21710533,10143028.0,0.0,0.0,10143028.0,2023-09-01,2.1404390286608694,2.132164643545295,1.00388074398505,False
730630,Mexico,"Laredo, TX",2023,October,0,125509,27414707,27540216,12978511.0,0.0,0.0,12978511.0,2023-10-01,2.1219857963675492,2.145194076878648,0.9891812676711901,False
730630,Mexico,"Laredo, TX",2023,November,0,125460,26718998,26844458,12308255.0,0.0,0.0,12308255.0,2023-11-01,2.181012499334796,2.1796979983821,1.0006030656327949,False
730630,Mexico,"Laredo, TX",2023,December,0,138412,23371186,23509598,10630416.0,0.0,0.0,10630416.0,2023-12-01,2.211540733683423,2.2198345146398215,0.9962637841236809,False
730630,Mexico,"Laredo, TX",2024,January,0,119182,25282404,25401586,10816708.0,0.0,0.0,10816708.0,2024-01-01,2.348365694997036,2.371049465747154,0.9904330250896011,False
730630,Mexico,"Laredo, TX",2024,February,0,127876,27383913,27511789,10956592.0,0.0,0.0,10956592.0,2024-02-01,2.5109805129186156,2.371049465747154,1.0590165026891867,False
730630,Mexico,"Laredo, TX",2024,March,0,102993,27763942,27866935,11859051.0,0.0,0.0,11859051.0,2024-03-01,2.3498452785134325,2.3534724602985286,0.9984587957385165,False
730630,Mexico,"Laredo, TX",2024,April,0,156581,29891916,30048497,13786566.0,0.0,0.0,13786566.0,2024-04-01,2.1795490624713945,2.3041222409175646,0.9459346486770764,False
730630,Mexico,"Laredo, TX",2024,May,0,140008,32474574,32614582,14081845.0,0.0,0.0,14081845.0,2024-05-01,2.3160730713908584,2.3041222409175646,1.0051867172066942,False
730630,Mexico,"Laredo, TX",2024,June,0,143022,29029652,29172674,12220063.0,0.0,0.0,12220063.0,2024-06-01,2.387276890471023,2.3817194896971134,1.0023333565509918,False
730630,Mexico,"Laredo, TX",2024,July,36785,119542,30550973,30707300,12818509.0,0.0,0.0,12818509.0,2024-07-01,2.395543818707776,2.3817194896971134,1.0058043481066785,False
730630,Mexico,"Laredo, TX",2024,August,92110,155667,31179450,31427227,14400176.0,0.0,0.0,14400176.0,2024-08-01,2.182419645426556,2.1658482771019636,1.007651213845305,False
730630,Mexico,"Laredo, TX",2024,September,51958,134912,22704680,22891550,11033315.0,0.0,0.0,11033315.0,2024-09-01,2.0747662873760064,2.077715133644512,0.9985807263850782,False
730630,Mexico,"Laredo, TX",2024,October,46018,172605,24483055,24701678,12252993.0,0.0,0.0,12252993.0,2024-10-01,2.015970955014828,2.0062831257764353,1.004828744813693,False
730630,Mexico,"Laredo, TX",2024,November,86830,165855,19790979,20043664,10437340.0,0.0,0.0,10437340.0,2024-11-01,1.920380480084006,2.0062831257764353,0.9571831888586588,False
730630,Mexico,"Laredo, TX",2024,December,272954,130948,27315469,27719371,12858309.0,0.0,0.0,12858309.0,2024-12-01,2.155755550749325,2.0494032259878634,1.051894289719485,False
730630,Mexico,"Laredo, TX",2025,January,257707,149325,29907949,30314981,14799688.0,0.0,0.0,14799688.0,2025-01-01,2.048352708516558,2.0494032259878634,0.9994874032313484,False
730630,Mexico,"Laredo, TX",2025,February,260963,258241,25222519,25741723,14223451.0,0.0,0.0,14223451.0,2025-02-01,1.8098085338080048,1.8992980203639482,0.9528828621962154,False
730630,Mexico,"Laredo, TX",2025,March,264427,229864,15935666,16429957,8587642.0,0.0,0.0,8587642.0,2025-03-01,1.913209353626991,1.8992980203639482,1.0073244604658604,False
730630,Mexico,"Laredo, TX",2025,April,2997068,256469,14612142,17865679,9188702.0,0.0,0.0,9188702.0,2025-04-01,1.9443093268233098,1.9568917593762734,0.9935701949314897,False
730630,Mexico,"Laredo, TX",2025,May,3376276,400042,15609418,19385736,8895205.0,0.0,0.0,8895205.0,2025-05-01,2.179346737933527,2.1797050082045897,0.9998356335973381,False
730630,Mexico,"Laredo, TX",2025,June,4484503,185563,10894203,15564269,6080797.0,0.0,0.0,6080797.0,2025-06-01,2.559577140957016,2.5369086770577054,1.0089354670526025,False
730630,Mexico,"Laredo, TX",2025,July,7155701,408327,15808354,23372382,9310485.0,0.0,0.0,9310485.0,2025-07-01,2.510329161155407,2.5369086770577054,0.9895228724066152,False
730630,Mexico,"Laredo, TX",2025,August,6414490,427835,14147881,20990206,8497674.0,0.0,0.0,8497674.0,2025-08-01,2.470111938867036,2.5018842142419064,0.9873006611600937,False
730630,Mexico,"Laredo, TX",2025,September,5940047,438279,13356860,19735186,8680265.0,0.0,0.0,8680265.0,2025-09-01,2.2735695281192454,2.332526432245779,0.9747240145657131,False
730630,Mexico,"Laredo, TX",2025,October,7282020,533181,16469909,24285110,10591500.0,0.0,0.0,10591500.0,2025-10-01,2.2928867488080065,2.3239537021005034,0.9866318536103292,False
730630,Mexico,"Laredo, TX",2025,November,6004226,287871,14091237,20383334,8841862.0,0.0,0.0,8841862.0,2025-11-01,2.3053214356885463,2.3065112660250113,0.9994841428463883,False
730630,Mexico,"Laredo, TX",2025,December,6085909,316934,14065291,20468134,8931082.0,0.0,0.0,8931082.0,2025-12-01,2.2917865942782742,2.2746262681357043,1.0075442398529209,False
730630,Mexico,"Laredo, TX",2026,January,6308062,401709,15337982,22047753,10001375.0,0.0,0.0,10001375.0,2026-01-01,2.204472185074552,2.2746262681357043,0.9691579737542331,False
730630,Mexico,"Laredo, TX",2026,February,6640645,422464,14548063,21611172,9254562.0,0.0,0.0,9254562.0,2026-02-01,2.3351912278506535,2.224960238170234,1.0495429031896188,False
730630,Mexico,"Laredo, TX",2026,March,7902130,475558,19612855,27990543,13005052.0,0.0,0.0,13005052.0,2026-03-01,2.1522822823007552,2.318434177676622,0.9283344349493791,False
730630,Mexico,"Laredo, TX",2026,April,8714043,583475,20461862,29759380,12921223.0,0.0,0.0,12921223.0,2026-04-01,2.3031395712309894,2.318434177676622,0.9934030447821641,False
730630,Mexico,"Laredo, TX",2026,May,7214249,367572,16826914,24408735,10409806.0,0.0,0.0,10409806.0,2026-05-01,2.344782890286332,2.362559886984825,0.9924755360503557,False
730630,Mexico,"Laredo, TX",2026,June,7586793,374321,15862528,23823642,9067175.0,0.0,0.0,9067175.0,2026-06-01,2.6274602618786997,2.5018094719500077,1.0502239644295355,False
730630,Mexico,"Miami, FL",2022,March,0,5000,52676,57676,21892.0,0.0,0.0,21892.0,2022-03-01,2.6345697058286133,2.073389626110023,1.270658284700423,False
730630,Mexico,"Miami, FL",2022,April,0,2500,60721,63221,166260.0,0.0,0.0,166260.0,2022-04-01,0.3802538193191387,2.073389626110023,0.1833971842680382,True
730630,Mexico,"Miami, FL",2022,September,0,14075,147094,161169,57833.0,0.0,0.0,57833.0,2022-09-01,2.7867999239188697,1.8920887170732563,1.472869585221977,False
730630,Mexico,"Miami, FL",2023,April,0,11755,617686,629441,118969.0,0.0,0.0,118969.0,2023-04-01,5.29079844329195,2.1244525338339755,2.4904291148099724,False
730630,Mexico,"Miami, FL",2023,May,0,3424,269460,272884,49159.0,0.0,0.0,49159.0,2023-05-01,5.55104863809272,2.1244525338339755,2.612931355107664,False
730630,Mexico,"New Orleans, LA",2023,November,0,650,4740,5390,3030.0,0.0,0.0,3030.0,2023-11-01,1.778877887788779,2.1796979983821,0.8161120894312729,False
730630,Mexico,"New Orleans, LA",2025,December,2093,650,4185,6928,544.0,0.0,0.0,544.0,2025-12-01,12.735294117647058,2.2746262681357043,5.598851246928126,True
730630,Mexico,"New Orleans, LA",2026,March,0,650,48688,49338,4730.0,0.0,0.0,4730.0,2026-03-01,10.430866807610993,2.318434177676622,4.49909982696343,True
730630,Mexico,"Nogales, AZ",2022,May,0,1,2178,2179,2135.0,0.0,0.0,2135.0,2022-05-01,1.0206088992974238,2.328394864178388,0.4383315368879936,False
730630,Mexico,"Nogales, AZ",2022,June,0,9,2356,2365,494.0,0.0,0.0,494.0,2022-06-01,4.787449392712551,2.328394864178388,2.056115767289274,False
730630,Mexico,"Nogales, AZ",2022,August,0,2,2276,2278,2231.0,0.0,0.0,2231.0,2022-08-01,1.0210667861945315,1.9460728124963287,0.5246806695196343,False
730630,Mexico,"Nogales, AZ",2022,October,0,3,4755,4758,4661.0,0.0,0.0,4661.0,2022-10-01,1.0208109847672173,1.8500704138522526,0.5517687203276036,False
730630,Mexico,"Nogales, AZ",2023,January,0,9,6430,6439,1281.0,0.0,0.0,1281.0,2023-01-01,5.026541764246682,1.7621730874890233,2.8524676718387303,False
730630,Mexico,"Nogales, AZ",2023,February,0,44,11486,11530,4879.0,0.0,0.0,4879.0,2023-02-01,2.3631891781102685,1.8533270027162407,1.2751064300292245,False
730630,Mexico,"Nogales, AZ",2023,April,0,10,2930,2940,2123.0,0.0,0.0,2123.0,2023-04-01,1.3848327837965144,2.1244525338339755,0.6518539537794814,False
730630,Mexico,"Nogales, AZ",2023,June,0,3,2991,2994,2932.0,0.0,0.0,2932.0,2023-06-01,1.0211459754433834,2.1950719045275697,0.4651993282485011,False
730630,Mexico,"Nogales, AZ",2023,August,0,3,5178,5181,5076.0,0.0,0.0,5076.0,2023-08-01,1.0206855791962175,2.145194076878648,0.47580104299064635,False
730630,Mexico,"Nogales, AZ",2023,October,0,4,37356,37360,22222.0,0.0,0.0,22222.0,2023-10-01,1.6812168121681217,2.145194076878648,0.7837131522451183,False
730630,Mexico,"Nogales, AZ",2023,November,0,1,4234,4235,425.0,0.0,0.0,425.0,2023-11-01,9.964705882352941,2.1796979983821,4.571599317772155,True
730630,Mexico,"Nogales, AZ",2023,December,0,11,40281,40292,23003.0,0.0,0.0,23003.0,2023-12-01,1.751597617702039,2.2198345146398215,0.7890667552694772,False
730630,Mexico,"Nogales, AZ",2024,January,0,4,39374,39378,29086.0,0.0,0.0,29086.0,2024-01-01,1.3538472117169773,2.371049465747154,0.5709907073956213,False
730630,Mexico,"Nogales, AZ",2024,February,0,57,33388,33445,27684.0,0.0,0.0,27684.0,2024-02-01,1.2080985406733131,2.371049465747154,0.5095205975775047,False
730630,Mexico,"Nogales, AZ",2024,March,0,62,40295,40357,29338.0,0.0,0.0,29338.0,2024-03-01,1.375587974640398,2.3534724602985286,0.5844929132784117,False
730630,Mexico,"Nogales, AZ",2024,April,0,312,108773,109085,69646.0,0.0,0.0,69646.0,2024-04-01,1.5662780346322833,2.3041222409175646,0.6797721087959936,False
730630,Mexico,"Nogales, AZ",2024,May,0,262,224872,225134,158181.0,0.0,0.0,158181.0,2024-05-01,1.4232682812727193,2.3041222409175646,0.6177051963640328,False
730630,Mexico,"Nogales, AZ",2024,June,0,213,189617,189830,134115.0,0.0,0.0,134115.0,2024-06-01,1.4154270588673898,2.3817194896971134,0.5942878936794491,False
730630,Mexico,"Nogales, AZ",2024,July,0,224,184656,184880,133179.0,0.0,0.0,133179.0,2024-07-01,1.3882068494282132,2.3817194896971134,0.5828590879124701,False
730630,Mexico,"Nogales, AZ",2024,August,0,275,355466,355741,271736.0,0.0,0.0,271736.0,2024-08-01,1.3091419613153943,2.1658482771019636,0.6044476776864101,False
730630,Mexico,"Nogales, AZ",2024,September,0,334,245654,245988,198556.0,0.0,0.0,198556.0,2024-09-01,1.2388847478796914,2.077715133644512,0.5962726688651339,False
730630,Mexico,"Nogales, AZ",2024,October,0,258,351058,351316,296378.0,0.0,0.0,296378.0,2024-10-01,1.1853646357017054,2.0062831257764353,0.5908262001869586,False
730630,Mexico,"Nogales, AZ",2025,July,1243,3,2485,3731,2337.0,0.0,0.0,2337.0,2025-07-01,1.5964912280701755,2.5369086770577054,0.6293057540887828,False
730630,Mexico,"Nogales, AZ",2025,August,0,83,2211,2294,2089.0,0.0,0.0,2089.0,2025-08-01,1.0981330780277645,2.5018842142419064,0.43892242165991235,False
730630,Mexico,"Nogales, AZ",2026,June,2556,3,5112,7671,5736.0,0.0,0.0,5736.0,2026-06-01,1.3373430962343096,2.5018094719500077,0.5345503369574871,False
730630,Mexico,"San Diego, CA",2022,January,0,2,61858,61860,33007.0,0.0,0.0,33007.0,2022-01-01,1.874147908019511,2.3751404857606593,0.7890682337551493,False
730630,Mexico,"San Diego, CA",2022,February,0,4,130366,130370,73533.0,0.0,0.0,73533.0,2022-02-01,1.7729454802605633,2.2848304957006373,0.7759636802803151,False
730630,Mexico,"San Diego, CA",2022,March,0,6,86029,86035,46250.0,0.0,0.0,46250.0,2022-03-01,1.8602162162162161,2.073389626110023,0.8971860343037643,False
730630,Mexico,"San Diego, CA",2022,April,0,4,64582,64586,37927.0,0.0,0.0,37927.0,2022-04-01,1.7029029451314368,2.073389626110023,0.8213135262600534,False
730630,Mexico,"San Diego, CA",2022,May,0,4,87022,87026,46518.0,0.0,0.0,46518.0,2022-05-01,1.870802700030096,2.328394864178388,0.8034731259769546,False
730630,Mexico,"San Diego, CA",2022,June,0,4,127842,127846,70092.0,0.0,0.0,70092.0,2022-06-01,1.8239742053301375,2.328394864178388,0.7833612044895816,False
730630,Mexico,"San Diego, CA",2022,July,0,1,25875,25876,14187.0,0.0,0.0,14187.0,2022-07-01,1.8239233100726018,2.1505152984297395,0.8481331480898516,False
730630,Mexico,"San Diego, CA",2022,August,0,379,210330,210709,118253.0,0.0,0.0,118253.0,2022-08-01,1.7818490862811092,1.9460728124963287,0.9156127534588178,False
730630,Mexico,"San Diego, CA",2022,September,0,1630,49718,51348,41721.0,0.0,0.0,41721.0,2022-09-01,1.2307471057740706,1.8920887170732563,0.6504700834947263,False
730630,Mexico,"San Diego, CA",2022,October,0,1355,79780,81135,60867.0,0.0,0.0,60867.0,2022-10-01,1.3329883187934348,1.8500704138522526,0.7205068027750687,False
730630,Mexico,"San Diego, CA",2022,November,0,2232,97139,99371,61071.0,0.0,0.0,61071.0,2022-11-01,1.6271389038987407,1.6789687866615626,0.9691299307202252,False
730630,Mexico,"San Diego, CA",2022,December,0,109,32127,32236,16150.0,0.0,0.0,16150.0,2022-12-01,1.9960371517027864,1.7621730874890233,1.1327134467517055,False
730630,Mexico,"San Diego, CA",2023,January,0,1613,79191,80804,57235.0,0.0,0.0,57235.0,2023-01-01,1.4117934830086485,1.7621730874890233,0.8011661811385158,False
730630,Mexico,"San Diego, CA",2023,February,0,5382,203524,208906,161115.0,0.0,0.0,161115.0,2023-02-01,1.2966266331502343,1.8533270027162407,0.6996210767176516,False
730630,Mexico,"San Diego, CA",2023,March,0,3056,141195,144251,99093.0,0.0,0.0,99093.0,2023-03-01,1.4557133198106829,1.9206012502338323,0.7579466688535428,False
730630,Mexico,"San Diego, CA",2023,April,0,2940,118223,121163,75340.0,0.0,0.0,75340.0,2023-04-01,1.6082160870719406,2.1244525338339755,0.7570025978267498,False
730630,Mexico,"San Diego, CA",2023,May,0,281,111526,111807,69517.0,0.0,0.0,69517.0,2023-05-01,1.60834040594387,2.1244525338339755,0.7570611159013829,False
730630,Mexico,"San Diego, CA",2023,June,0,1680,215649,217329,117633.0,0.0,0.0,117633.0,2023-06-01,1.8475172783147586,2.1950719045275697,0.8416659493040102,False
730630,Mexico,"San Diego, CA",2023,July,0,6752,364487,371239,234466.0,0.0,0.0,234466.0,2023-07-01,1.583338309179156,2.132164643545295,0.742596644200249,False
730630,Mexico,"San Diego, CA",2023,August,0,2364,136592,138956,83177.0,0.0,0.0,83177.0,2023-08-01,1.6706060569628622,2.145194076878648,0.7787668607558659,False
730630,Mexico,"San Diego, CA",2023,September,0,2524,204656,207180,138236.0,0.0,0.0,138236.0,2023-09-01,1.4987412830232356,2.132164643545295,0.7029200524267099,False
730630,Mexico,"San Diego, CA",2023,October,0,1161,227050,228211,148098.0,0.0,0.0,148098.0,2023-10-01,1.5409458601736687,2.145194076878648,0.7183246852964525,False
730630,Mexico,"San Diego, CA",2023,November,0,3793,247561,251354,175376.0,0.0,0.0,175376.0,2023-11-01,1.4332291761700575,2.1796979983821,0.657535666516134,False
730630,Mexico,"San Diego, CA",2023,December,0,1587,183914,185501,124124.0,0.0,0.0,124124.0,2023-12-01,1.4944813251264863,2.2198345146398215,0.6732399713899272,False
730630,Mexico,"San Diego, CA",2024,January,0,3050,184321,187371,118206.0,0.0,0.0,118206.0,2024-01-01,1.5851225826100197,2.371049465747154,0.6685320595412054,False
730630,Mexico,"San Diego, CA",2024,February,0,2711,242153,244864,165441.0,0.0,0.0,165441.0,2024-02-01,1.480068423184096,2.371049465747154,0.6242250297033359,False
730630,Mexico,"San Diego, CA",2024,March,0,3126,203026,206152,159293.0,0.0,0.0,159293.0,2024-03-01,1.2941686075345433,2.3534724602985286,0.5498974937528621,False
730630,Mexico,"San Diego, CA",2024,April,0,3711,243719,247430,179775.0,0.0,0.0,179775.0,2024-04-01,1.3763315255180086,2.3041222409175646,0.5973344213586149,False
730630,Mexico,"San Diego, CA",2024,May,0,9787,335559,345346,264632.0,0.0,0.0,264632.0,2024-05-01,1.30500468575229,2.3041222409175646,0.5663782340092344,False
730630,Mexico,"San Diego, CA",2024,June,0,3855,165183,169038,124721.0,0.0,0.0,124721.0,2024-06-01,1.355329094539011,2.3817194896971134,0.5690548783775415,False
730630,Mexico,"San Diego, CA",2024,July,0,314,109130,109444,45407.0,0.0,0.0,45407.0,2024-07-01,2.410289162463937,2.3817194896971134,1.01199539781675,False
730630,Mexico,"San Diego, CA",2024,August,0,3968,154300,158268,99178.0,0.0,0.0,99178.0,2024-08-01,1.5957974550807639,2.1658482771019636,0.7368002052369235,False
730630,Mexico,"San Diego, CA",2024,September,0,4925,171848,176773,139389.0,0.0,0.0,139389.0,2024-09-01,1.2681990687930897,2.077715133644512,0.6103815909395369,False
730630,Mexico,"San Diego, CA",2024,October,0,3136,107279,110415,94659.0,0.0,0.0,94659.0,2024-10-01,1.1664500998320286,2.0062831257764353,0.5813985498086718,False
730630,Mexico,"San Diego, CA",2024,November,0,3210,175036,178246,108909.0,0.0,0.0,108909.0,2024-11-01,1.636650781845394,2.0062831257764353,0.8157626213458816,False
730630,Mexico,"San Diego, CA",2024,December,0,987,140788,141775,73832.0,0.0,0.0,73832.0,2024-12-01,1.92023783725214,2.0494032259878634,0.9369741458890002,False
730630,Mexico,"San Diego, CA",2025,January,0,4950,180662,185612,149320.0,0.0,0.0,149320.0,2025-01-01,1.2430484864720064,2.0494032259878634,0.6065416852619747,False
730630,Mexico,"San Diego, CA",2025,February,0,7432,273074,280506,227573.0,0.0,0.0,227573.0,2025-02-01,1.2325978916655316,1.8992980203639482,0.6489755048706564,False
730630,Mexico,"San Diego, CA",2025,March,0,7436,278620,286056,245949.0,0.0,0.0,245949.0,2025-03-01,1.163070392642377,1.8992980203639482,0.6123685594214997,False
730630,Mexico,"San Diego, CA",2025,April,24534,1301,98131,123966,55292.0,0.0,0.0,55292.0,2025-04-01,2.242024162627505,1.9568917593762734,1.1457067831601033,False
730630,Mexico,"San Diego, CA",2025,May,13439,1095,82437,96971,42577.0,0.0,0.0,42577.0,2025-05-01,2.27754421401226,2.1797050082045897,1.0448864435505703,False
730630,Mexico,"San Diego, CA",2025,June,29303,677,61940,91920,42429.0,0.0,0.0,42429.0,2025-06-01,2.166442763204412,2.5369086770577054,0.853969550735678,False
730630,Mexico,"San Diego, CA",2025,July,36073,963,72139,109175,34463.0,0.0,0.0,34463.0,2025-07-01,3.1678902010852217,2.5369086770577054,1.2487206298491302,False
730630,Mexico,"San Diego, CA",2025,August,45389,3206,90774,139369,84888.0,0.0,0.0,84888.0,2025-08-01,1.6417986052209972,2.5018842142419064,0.6562248548014749,False
730630,Mexico,"San Diego, CA",2025,September,91493,5090,192386,288969,168948.0,0.0,0.0,168948.0,2025-09-01,1.7104020171887209,2.332526432245779,0.7332830160222148,False
730630,Mexico,"San Diego, CA",2025,October,27300,1350,54596,83246,38796.0,0.0,0.0,38796.0,2025-10-01,2.1457366738839054,2.3239537021005034,0.9233130040174566,False
730630,Mexico,"San Diego, CA",2025,November,65776,4360,131548,201684,132972.0,0.0,0.0,132972.0,2025-11-01,1.5167403663929249,2.3065112660250113,0.6575907036460483,False
730630,Mexico,"San Diego, CA",2025,December,70605,4665,141202,216472,139854.0,0.0,0.0,139854.0,2025-12-01,1.547842750296738,2.2746262681357043,0.6804822277750965,False
730630,Mexico,"San Diego, CA",2026,January,48495,2029,96982,147506,59669.0,0.0,0.0,59669.0,2026-01-01,2.4720709246007138,2.2746262681357043,1.0868031198051873,False
730630,Mexico,"San Diego, CA",2026,February,27501,512,54996,83009,21764.0,0.0,0.0,21764.0,2026-02-01,3.8140507259694907,2.224960238170234,1.7142107353370482,False
730630,Mexico,"San Diego, CA",2026,March,73317,2590,146617,222524,81106.0,0.0,0.0,81106.0,2026-03-01,2.743619460952334,2.318434177676622,1.1833932950823747,False
730630,Mexico,"San Diego, CA",2026,April,28742,1301,57479,87522,38520.0,0.0,0.0,38520.0,2026-04-01,2.2721183800623055,2.318434177676622,0.980022811059173,False
730630,Mexico,"San Diego, CA",2026,May,70665,2483,141313,214461,106974.0,0.0,0.0,106974.0,2026-05-01,2.0047955577990915,2.362559886984825,0.8485692019251524,False
730630,Mexico,"San Diego, CA",2026,June,32961,1623,65919,100503,46047.0,0.0,0.0,46047.0,2026-06-01,2.1826177601146655,2.5018094719500077,0.8724156593801079,False
730630,Mexico,"San Juan, PR",2022,January,0,25000,127608,152608,35761.0,0.0,0.0,35761.0,2022-01-01,4.267442185621207,2.3751404857606593,1.7967114834702176,False
730630,Mexico,"San Juan, PR",2022,February,0,25000,136579,161579,39201.0,0.0,0.0,39201.0,2022-02-01,4.121808117139869,2.2848304957006373,1.8039885781005944,False
730630,Mexico,"San Juan, PR",2022,March,0,2510,583011,585521,219275.0,0.0,0.0,219275.0,2022-03-01,2.670258807433588,2.073389626110023,1.2878712104118015,False
730630,Mexico,"San Juan, PR",2022,April,0,8,448203,448211,177775.0,0.0,0.0,177775.0,2022-04-01,2.5212262691604557,2.073389626110023,1.2159925165105792,False
730630,Mexico,"San Juan, PR",2022,May,0,15,806469,806484,272415.0,0.0,0.0,272415.0,2022-05-01,2.960497769946589,2.328394864178388,1.2714758203142014,False
730630,Mexico,"San Juan, PR",2022,June,0,7,209342,209349,78527.0,0.0,0.0,78527.0,2022-06-01,2.66594929132655,2.328394864178388,1.1449730165365546,False
730630,Mexico,"San Juan, PR",2022,July,0,3504,420964,424468,135645.0,0.0,0.0,135645.0,2022-07-01,3.12925651516827,2.1505152984297395,1.4551193927581851,False
730630,Mexico,"San Juan, PR",2022,August,0,15008,571686,586694,191250.0,0.0,0.0,191250.0,2022-08-01,3.067681045751634,1.9460728124963287,1.5763444338018164,False
730630,Mexico,"San Juan, PR",2022,September,0,14,623178,623192,228045.0,0.0,0.0,228045.0,2022-09-01,2.7327588853077245,1.8920887170732563,1.4443080076788597,False
730630,Mexico,"San Juan, PR",2022,October,0,4,234290,234294,80821.0,0.0,0.0,80821.0,2022-10-01,2.898924784400094,1.8500704138522526,1.5669267302988195,False
730630,Mexico,"San Juan, PR",2022,November,0,5,240385,240390,86500.0,0.0,0.0,86500.0,2022-11-01,2.7790751445086705,1.6789687866615626,1.6552274030266778,False
730630,Mexico,"San Juan, PR",2023,January,0,2,134382,134384,44000.0,0.0,0.0,44000.0,2023-01-01,3.054181818181818,1.7621730874890233,1.7331905928343392,False
730630,Mexico,"San Juan, PR",2023,March,0,1325,780438,781763,257442.0,0.0,0.0,257442.0,2023-03-01,3.0366568003666847,1.9206012502338323,1.58109696117139,False
730630,Mexico,"San Juan, PR",2023,April,0,6,213722,213728,79120.0,0.0,0.0,79120.0,2023-04-01,2.701314459049545,2.1244525338339755,1.2715343911094654,False
730630,Mexico,"San Juan, PR",2023,May,0,8,333193,333201,129180.0,0.0,0.0,129180.0,2023-05-01,2.579354389224338,2.1244525338339755,1.2141266270465485,False
730630,Mexico,"San Juan, PR",2023,September,0,11,226807,226818,86364.0,0.0,0.0,86364.0,2023-09-01,2.6263026260942057,2.132164643545295,1.2317541396462115,False
730630,Mexico,"San Juan, PR",2023,October,0,5009,518042,523051,187696.0,0.0,0.0,187696.0,2023-10-01,2.7866923109709316,2.145194076878648,1.2990397190662077,False
730630,Mexico,"San Juan, PR",2023,December,0,7,340197,340204,118471.0,0.0,0.0,118471.0,2023-12-01,2.8716225911826525,2.2198345146398215,1.2936201199883526,False
730630,Mexico,"San Juan, PR",2024,January,0,2510,407625,410135,131336.0,0.0,0.0,131336.0,2024-01-01,3.1227919230066394,2.371049465747154,1.3170505162879846,False
730630,Mexico,"San Juan, PR",2024,February,0,6800,117488,124288,36780.0,0.0,0.0,36780.0,2024-02-01,3.379227841218053,2.371049465747154,1.4252034341903563,False
730630,Mexico,"San Juan, PR",2024,March,0,8,315274,315282,118273.0,0.0,0.0,118273.0,2024-03-01,2.665714068299612,2.3534724602985286,1.132672726479016,False
730630,Mexico,"San Juan, PR",2024,April,0,2410,390250,392660,147569.0,0.0,0.0,147569.0,2024-04-01,2.660856955051535,2.3041222409175646,1.154824560867009,False
730630,Mexico,"San Juan, PR",2024,May,0,4202,124353,128555,44089.0,0.0,0.0,44089.0,2024-05-01,2.91580666379369,2.3041222409175646,1.2654739457888033,False
730630,Mexico,"San Juan, PR",2024,June,0,6813,490273,497086,176292.0,0.0,0.0,176292.0,2024-06-01,2.8196741769337237,2.3817194896971134,1.1838817245822284,False
730630,Mexico,"San Juan, PR",2024,July,0,12,402812,402824,131874.0,0.0,0.0,131874.0,2024-07-01,3.0546127363998967,2.3817194896971134,1.2825241383855646,False
730630,Mexico,"San Juan, PR",2024,August,0,9,255309,255318,94097.0,0.0,0.0,94097.0,2024-08-01,2.7133489909348865,2.1658482771019636,1.252788119842592,False
730630,Mexico,"San Juan, PR",2024,September,0,17425,767798,785223,315513.0,0.0,0.0,315513.0,2024-09-01,2.488718372935505,2.077715133644512,1.1978150096880962,False
730630,Mexico,"San Juan, PR",2024,October,0,15,374340,374355,150996.0,0.0,0.0,150996.0,2024-10-01,2.479237860605579,2.0062831257764353,1.2357367854779266,False
730630,Mexico,"San Juan, PR",2024,November,0,8202,215670,223872,98825.0,0.0,0.0,98825.0,2024-11-01,2.2653377181887175,2.0062831257764353,1.1291216524148493,False
730630,Mexico,"San Juan, PR",2025,January,0,3,119756,119759,37589.0,0.0,0.0,37589.0,2025-01-01,3.186011865173322,2.0494032259878634,1.5546046891955998,False
730630,Mexico,"San Juan, PR",2025,February,0,8,283298,283306,115114.0,0.0,0.0,115114.0,2025-02-01,2.4610907448268673,1.8992980203639482,1.2957896646231786,False
730630,Mexico,"San Juan, PR",2025,May,14192,4,56760,70956,73098.0,0.0,0.0,73098.0,2025-05-01,0.9706968726914553,2.1797050082045897,0.4453340562313121,False
730630,Mexico,"San Juan, PR",2025,June,265297,14,530592,795903,220612.0,0.0,0.0,220612.0,2025-06-01,3.6077049299222166,2.5369086770577054,1.4220870315704133,False
730630,Mexico,"San Juan, PR",2025,July,329251,21,658497,987769,373608.0,0.0,0.0,373608.0,2025-07-01,2.6438646924048737,2.5369086770577054,1.042159978525997,False
730630,Mexico,"San Juan, PR",2025,August,234471,18112,468937,721520,156984.0,0.0,0.0,156984.0,2025-08-01,4.596137185955256,2.5018842142419064,1.837070300772463,False
730630,Mexico,"San Juan, PR",2025,September,283058,12663,566108,861829,186457.0,0.0,0.0,186457.0,2025-09-01,4.622132716926691,2.332526432245779,1.981599287805908,False
730630,Mexico,"San Juan, PR",2025,October,62538,18688,193574,274800,54622.0,0.0,0.0,54622.0,2025-10-01,5.030939914320237,2.3239537021005034,2.16481933774026,False
730630,Mexico,"San Juan, PR",2025,December,0,9024,72523,81547,75185.0,0.0,0.0,75185.0,2025-12-01,1.0846179424087252,2.2746262681357043,0.4768334726467763,False
730630,Mexico,"San Juan, PR",2026,January,0,6502,64871,71373,18201.0,0.0,0.0,18201.0,2026-01-01,3.9213779462666887,2.2746262681357043,1.723965822957224,False
730630,Mexico,"San Juan, PR",2026,February,118102,8,236202,354312,74465.0,0.0,0.0,74465.0,2026-02-01,4.758101121332169,2.224960238170234,2.138510630304631,False
730630,Mexico,"San Juan, PR",2026,April,84005,5,168010,252020,67473.0,0.0,0.0,67473.0,2026-04-01,3.73512367910127,2.318434177676622,1.611054441426652,False
730630,Mexico,"San Juan, PR",2026,May,103676,6,207351,311033,76035.0,0.0,0.0,76035.0,2026-05-01,4.0906556191227725,2.362559886984825,1.7314505514369833,False
730630,Mexico,"San Juan, PR",2026,June,62006,2,124011,186019,37620.0,0.0,0.0,37620.0,2026-06-01,4.944683678894205,2.5018094719500077,1.9764429443302596,False
730630,Mexico,"Savannah, GA",2023,August,0,3700,2335,6035,711.0,0.0,0.0,711.0,2023-08-01,8.48804500703235,2.145194076878648,3.956772535649935,True
730630,Mexico,"Tampa, FL",2022,July,0,2500,57357,59857,16148.0,0.0,0.0,16148.0,2022-07-01,3.706774832796631,2.1505152984297395,1.7236681996650938,False
848210,Brazil,"Baltimore, MD",2025,November,1281,19,2172,3472,0.0,6.0,4.0,4.0,2025-11-01,868.0,25.11935766817354,34.555023717814414,True
848210,Brazil,"Charleston, SC",2022,April,2840,88,31542,34470,0.0,9025.0,2544.0,2544.0,2022-04-01,13.549528301886792,17.953450387913435,0.7547033026592238,False
848210,Brazil,"Charleston, SC",2022,May,8510,626,94530,103666,0.0,17582.0,6542.0,6542.0,2022-05-01,15.846224396209111,18.678315976726086,0.8483754325579527,False
848210,Brazil,"Charleston, SC",2022,June,3251,922,36147,40320,0.0,13251.0,2012.0,2012.0,2022-06-01,20.03976143141153,18.80487023389939,1.06566869019314,False
848210,Brazil,"Charleston, SC",2022,August,5101,1526,56683,63310,0.0,7326.0,3050.0,3050.0,2022-08-01,20.757377049180327,18.61143196594172,1.1153025241241843,False
848210,Brazil,"Charleston, SC",2022,September,1112,333,12343,13788,0.0,2816.0,1165.0,1165.0,2022-09-01,11.83519313304721,18.61143196594172,0.6359098619980025,False
848210,Brazil,"Charleston, SC",2022,October,35511,8724,394538,438773,0.0,62584.0,23510.0,23510.0,2022-10-01,18.663249680986816,21.061641165578404,0.8861251378400966,False
848210,Brazil,"Charleston, SC",2022,November,21300,3846,236666,261812,0.0,57156.0,13984.0,13984.0,2022-11-01,18.72225400457666,21.061641165578404,0.8889266442908985,False
848210,Brazil,"Charleston, SC",2022,December,13801,24,153357,167182,0.0,20346.0,9005.0,9005.0,2022-12-01,18.565463631315936,19.97984886649874,0.9292094127121061,False
848210,Brazil,"Charleston, SC",2023,January,25189,12560,281417,319166,0.0,54198.0,15919.0,15919.0,2023-01-01,20.04937496073874,19.97984886649874,1.003479810818618,False
848210,Brazil,"Charleston, SC",2023,February,23757,15009,263911,302677,0.0,51118.0,16420.0,16420.0,2023-02-01,18.433434835566384,20.260488552963086,0.9098218331398777,False
848210,Brazil,"Charleston, SC",2023,March,12786,8208,142070,163064,0.0,15925.0,5602.0,5602.0,2023-03-01,29.108175651553015,21.19617049180328,1.3732752179366252,False
848210,Brazil,"Charleston, SC",2023,April,31029,5279,344749,381057,0.0,60227.0,17912.0,17912.0,2023-04-01,21.273838767306835,24.127911792110986,0.8817107319773385,False
848210,Brazil,"Charleston, SC",2023,May,22192,3297,246625,272114,0.0,42088.0,12088.0,12088.0,2023-05-01,22.511085373924555,21.19617049180328,1.0620354928089375,False
848210,Brazil,"Charleston, SC",2023,June,20172,5628,224149,249949,0.0,39096.0,10546.0,10546.0,2023-06-01,23.70083443959795,24.5421247251649,0.9657205602616667,False
848210,Brazil,"Charleston, SC",2023,July,28007,4519,311192,343718,0.0,34452.0,14504.0,14504.0,2023-07-01,23.69815223386652,16.70404753063498,1.4187071840165955,False
848210,Brazil,"Charleston, SC",2023,August,25282,5056,280893,311231,0.0,33306.0,13745.0,13745.0,2023-08-01,22.643215714805383,18.91936535535753,1.1968274458209214,False
848210,Brazil,"Charleston, SC",2023,September,8573,4914,95192,108679,0.0,11363.0,2809.0,2809.0,2023-09-01,38.689569241723035,18.91936535535753,2.0449718325655692,False
848210,Brazil,"Charleston, SC",2023,October,33866,5183,376254,415303,0.0,43209.0,19303.0,19303.0,2023-10-01,21.514945863337307,21.297129147690306,1.010227515367752,False
848210,Brazil,"Charleston, SC",2023,November,27062,6365,300624,334051,0.0,48722.0,13340.0,13340.0,2023-11-01,25.041304347826088,21.411691976032717,1.1695154393149405,False
848210,Brazil,"Charleston, SC",2023,December,13856,5174,153886,172916,0.0,14153.0,4652.0,4652.0,2023-12-01,37.17024935511608,21.407119168693345,1.7363499059450924,False
848210,Brazil,"Charleston, SC",2024,January,26630,15223,295886,337739,0.0,42803.0,17395.0,17395.0,2024-01-01,19.415866628341476,21.407119168693345,0.9069817603825946,False
848210,Brazil,"Charleston, SC",2024,February,7811,3168,86777,97756,0.0,10653.0,5659.0,5659.0,2024-02-01,17.27443011132709,21.407119168693345,0.8069479118231812,False
848210,Brazil,"Charleston, SC",2024,March,23582,8221,279433,311236,0.0,32765.0,12300.0,12300.0,2024-03-01,25.303739837398375,21.40046210032049,1.1823922174568104,False
848210,Brazil,"Charleston, SC",2024,April,9553,1743,106158,117454,0.0,13544.0,4944.0,4944.0,2024-04-01,23.756877022653722,22.704400495571974,1.0463556184752383,False
848210,Brazil,"Charleston, SC",2024,May,9038,53,100466,109557,0.0,10174.0,4116.0,4116.0,2024-05-01,26.617346938775512,23.260694822888283,1.1443057544688784,False
848210,Brazil,"Charleston, SC",2024,June,23231,247,258096,281574,0.0,32161.0,13496.0,13496.0,2024-06-01,20.863515115589806,23.260694822888283,0.8969429019403291,False
848210,Brazil,"Charleston, SC",2024,July,14674,2242,163062,179978,0.0,23192.0,9754.0,9754.0,2024-07-01,18.45171211810539,23.260694822888283,0.7932571343461803,False
848210,Brazil,"Charleston, SC",2024,August,1846,16,20503,22365,0.0,2502.0,1187.0,1187.0,2024-08-01,18.84161752316765,23.05727136431784,0.8171659701384221,False
848210,Brazil,"Charleston, SC",2024,October,5006,1323,55613,61942,0.0,6920.0,2314.0,2314.0,2024-10-01,26.76836646499568,23.05727136431784,1.1609511829062706,False
848210,Brazil,"Charleston, SC",2024,November,14092,156,156593,170841,0.0,18473.0,8702.0,8702.0,2024-11-01,19.63238336014709,23.582357385719682,0.8325030037936538,False
848210,Brazil,"Charleston, SC",2024,December,23117,3195,256761,283073,0.0,29993.0,12895.0,12895.0,2024-12-01,21.95215199689802,22.786921068059478,0.9633663069851259,False
848210,Brazil,"Charleston, SC",2025,January,3281,1761,36467,41509,0.0,6282.0,1141.0,1141.0,2025-01-01,36.3794916739702,21.719877414849872,1.674940009058134,False
848210,Brazil,"Charleston, SC",2025,February,38508,263,427991,466762,0.0,46328.0,21268.0,21268.0,2025-02-01,21.946680458905398,20.345509063649992,1.078699008722083,False
848210,Brazil,"Charleston, SC",2025,March,16720,177,185720,202617,0.0,27684.0,12236.0,12236.0,2025-03-01,16.55908793723439,20.345509063649992,0.8138940090134901,False
848210,Brazil,"Charleston, SC",2025,April,14596,886,162168,177650,0.0,25883.0,10618.0,10618.0,2025-04-01,16.731022791486154,20.345509063649992,0.8223447611531329,False
848210,Brazil,"Charleston, SC",2025,May,39926,97,194187,234210,0.0,26398.0,10567.0,10567.0,2025-05-01,22.164285038326867,22.863147037968155,0.9694328169923104,False
848210,Brazil,"Charleston, SC",2025,June,44164,4022,232541,280727,0.0,48120.0,12849.0,12849.0,2025-06-01,21.848159389835786,23.04578613937416,0.9480327231062772,False
848210,Brazil,"Charleston, SC",2025,July,49719,1175,261682,312576,0.0,49178.0,10724.0,10724.0,2025-07-01,29.1473330846699,22.863147037968155,1.2748609382717866,False
848210,Brazil,"Charleston, SC",2025,August,48483,240,95166,143889,0.0,34491.0,6316.0,6316.0,2025-08-01,22.781665611146295,25.574976422508644,0.8907795352294462,False
848210,Brazil,"Charleston, SC",2025,September,10159,120,21980,32259,0.0,7640.0,1529.0,1529.0,2025-09-01,21.098103335513407,25.11935766817354,0.8399141257598677,False
848210,Brazil,"Charleston, SC",2025,October,99080,3688,167933,270701,0.0,49236.0,11526.0,11526.0,2025-10-01,23.486118341141765,25.574976422508644,0.9183241443957514,False
848210,Brazil,"Charleston, SC",2025,November,17959,597,30440,48996,0.0,16063.0,3093.0,3093.0,2025-11-01,15.840931134820563,25.11935766817354,0.630626441331785,False
848210,Brazil,"Charleston, SC",2025,December,164470,143,293679,458292,0.0,72379.0,49279.0,49279.0,2025-12-01,9.299945209927149,22.760114942528734,0.40860712845301167,False
848210,Brazil,"Charleston, SC",2026,January,70982,55,121001,192038,0.0,34777.0,8200.0,8200.0,2026-01-01,23.419268292682926,22.760114942528734,1.0289608972458448,False
848210,Brazil,"Charleston, SC",2026,February,93815,1312,161484,256611,0.0,31819.0,9277.0,9277.0,2026-02-01,27.660989544033633,26.62659400544959,1.0388482108666373,False
848210,Brazil,"Charleston, SC",2026,March,151578,105,276197,427880,0.0,53480.0,13532.0,13532.0,2026-03-01,31.619864026012415,28.401913875598087,1.113300468570855,False
848210,Brazil,"Charleston, SC",2026,April,80813,138,246734,327685,0.0,52981.0,12002.0,12002.0,2026-04-01,27.30253291118147,30.65067981473181,0.8907643509446371,False
848210,Brazil,"Charleston, SC",2026,May,10954,72,34981,46007,0.0,7952.0,1176.0,1176.0,2026-05-01,39.12159863945578,30.65067981473181,1.2763696882394284,False
848210,Brazil,"Charleston, SC",2026,June,78166,129,243617,321912,0.0,50314.0,14877.0,14877.0,2026-06-01,21.638233514821536,27.86481250257229,0.7765433021601722,False
848210,Brazil,"Chicago, IL",2022,January,5622,9498,62448,77568,0.0,37360.0,3670.0,3670.0,2022-01-01,21.135694822888283,18.460277955542182,1.1449283089772158,False
848210,Brazil,"Chicago, IL",2022,February,4055,7169,45060,56284,0.0,27279.0,3053.0,3053.0,2022-02-01,18.435637078283655,17.953450387913435,1.0268576056385705,False
848210,Brazil,"Chicago, IL",2022,March,5272,8329,58579,72180,0.0,32413.0,3050.0,3050.0,2022-03-01,23.665573770491804,17.321776663881927,1.3662324731294733,False
848210,Brazil,"Chicago, IL",2022,April,4338,5681,48217,58236,0.0,37085.0,4323.0,4323.0,2022-04-01,13.471200555170022,17.953450387913435,0.7503404785210012,False
848210,Brazil,"Chicago, IL",2022,May,4642,4158,51583,60383,0.0,19568.0,2996.0,2996.0,2022-05-01,20.154539385847798,18.678315976726086,1.079034074108241,False
848210,Brazil,"Chicago, IL",2022,June,10853,16295,120583,147731,0.0,31203.0,7516.0,7516.0,2022-06-01,19.655534858967535,18.80487023389939,1.045236399639422,False
848210,Brazil,"Chicago, IL",2022,July,6529,13675,76756,96960,0.0,36635.0,5269.0,5269.0,2022-07-01,18.40197380907193,18.678315976726086,0.9852051883050651,False
848210,Brazil,"Chicago, IL",2022,August,3915,4513,43504,51932,0.0,21646.0,2378.0,2378.0,2022-08-01,21.83851976450799,18.61143196594172,1.1733927730263705,False
848210,Brazil,"Chicago, IL",2022,September,3995,3972,44386,52353,0.0,5294.0,1985.0,1985.0,2022-09-01,26.374307304785894,18.61143196594172,1.4171025288677395,False
848210,Brazil,"Chicago, IL",2022,October,11907,16840,132288,161035,0.0,28244.0,3700.0,3700.0,2022-10-01,43.52297297297297,21.061641165578404,2.066456864914388,False
848210,Brazil,"Chicago, IL",2022,November,7789,12384,86543,106716,0.0,41427.0,3652.0,3652.0,2022-11-01,29.221248630887185,21.061641165578404,1.3874155580356313,False
848210,Brazil,"Chicago, IL",2022,December,23699,30452,263315,317466,0.0,93901.0,16737.0,16737.0,2022-12-01,18.967915397024555,19.97984886649874,0.9493522960941437,False
848210,Brazil,"Chicago, IL",2023,January,23141,30970,257097,311208,0.0,149285.0,15808.0,15808.0,2023-01-01,19.68674089068826,19.97984886649874,0.9853298201718657,False
848210,Brazil,"Chicago, IL",2023,February,2923,11358,32464,46745,0.0,13373.0,1665.0,1665.0,2023-02-01,28.075075075075077,20.260488552963086,1.3857057297351851,False
848210,Brazil,"Chicago, IL",2023,March,10063,12304,111809,134176,0.0,56423.0,5857.0,5857.0,2023-03-01,22.908656308690457,21.19617049180328,1.0807922269520058,False
848210,Brazil,"Chicago, IL",2023,April,27119,56964,301345,385428,0.0,184558.0,19842.0,19842.0,2023-04-01,19.42485636528576,24.127911792110986,0.8050782236213675,False
848210,Brazil,"Chicago, IL",2023,May,3943,1675,43817,49435,0.0,5292.0,200.0,200.0,2023-05-01,247.175,21.19617049180328,11.661304578371102,True
848210,Brazil,"Chicago, IL",2023,June,22378,30068,248611,301057,0.0,121023.0,20253.0,20253.0,2023-06-01,14.864810151582482,24.5421247251649,0.6056855434501344,False
848210,Brazil,"Chicago, IL",2023,July,8620,16335,95771,120726,0.0,61606.0,4937.0,4937.0,2023-07-01,24.4533117277699,16.70404753063498,1.4639153584137545,False
848210,Brazil,"Chicago, IL",2023,August,1245,402,13835,15482,0.0,3221.0,403.0,403.0,2023-08-01,38.416873449131515,18.91936535535753,2.0305582522223844,False
848210,Brazil,"Chicago, IL",2023,September,11559,13232,128438,153229,0.0,49110.0,8419.0,8419.0,2023-09-01,18.20038009264758,18.91936535535753,0.9619973900178237,False
848210,Brazil,"Chicago, IL",2023,October,4329,4537,48099,56965,0.0,27476.0,2124.0,2124.0,2023-10-01,26.819679849340865,21.297129147690306,1.2593096310471257,False
848210,Brazil,"Chicago, IL",2023,November,376,46,4177,4599,0.0,134.0,62.0,62.0,2023-11-01,74.1774193548387,21.411691976032717,3.464341792225928,True
848210,Brazil,"Chicago, IL",2023,December,9576,4684,106388,120648,0.0,3972.0,3855.0,3855.0,2023-12-01,31.296498054474707,21.407119168693345,1.4619668255149436,False
848210,Brazil,"Chicago, IL",2024,January,8341,7972,92694,109007,0.0,22268.0,3769.0,3769.0,2024-01-01,28.9219952241974,21.407119168693345,1.35104564964043,False
848210,Brazil,"Chicago, IL",2024,February,1599,2700,17776,22075,0.0,8253.0,1098.0,1098.0,2024-02-01,20.104735883424407,21.407119168693345,0.9391612073065115,False
848210,Brazil,"Chicago, IL",2024,March,394,60,4369,4823,0.0,324.0,68.0,68.0,2024-03-01,70.92647058823529,21.40046210032049,3.3142494893684145,True
848210,Brazil,"Chicago, IL",2024,April,2278,3571,25302,31151,0.0,5190.0,1303.0,1303.0,2024-04-01,23.907137375287796,22.704400495571974,1.0529737343186132,False
848210,Brazil,"Chicago, IL",2024,June,3532,684,39256,43472,0.0,1420.0,618.0,618.0,2024-06-01,70.34304207119742,23.260694822888283,3.0241161154816663,True
848210,Brazil,"Chicago, IL",2024,July,19137,12782,212647,244566,0.0,123310.0,13558.0,13558.0,2024-07-01,18.03850125387225,23.260694822888283,0.7754927955171207,False
848210,Brazil,"Chicago, IL",2024,August,16618,6524,184629,207771,0.0,113014.0,7792.0,7792.0,2024-08-01,26.664656057494867,23.05727136431784,1.1564532349113787,False
848210,Brazil,"Chicago, IL",2024,September,4297,2340,47763,54400,0.0,20048.0,3639.0,3639.0,2024-09-01,14.949161857653202,23.582357385719682,0.6339129550596023,False
848210,Brazil,"Chicago, IL",2024,October,10699,4683,118872,134254,0.0,51111.0,5800.0,5800.0,2024-10-01,23.147241379310344,23.05727136431784,1.0039020235122762,False
848210,Brazil,"Chicago, IL",2024,November,6547,2059,72759,81365,0.0,3460.0,1380.0,1380.0,2024-11-01,58.960144927536234,23.582357385719682,2.5001802815200995,False
848210,Brazil,"Chicago, IL",2024,December,4825,5882,58812,69519,0.0,7220.0,2148.0,2148.0,2024-12-01,32.364525139664806,22.786921068059478,1.4203114603767288,False
848210,Brazil,"Chicago, IL",2025,January,28379,16599,315333,360311,0.0,73030.0,20111.0,20111.0,2025-01-01,17.916115558649494,21.719877414849872,0.8248718543135171,False
848210,Brazil,"Chicago, IL",2025,February,4713,2656,52410,59779,0.0,28091.0,3775.0,3775.0,2025-02-01,15.835496688741722,20.345509063649992,0.7783288508142557,False
848210,Brazil,"Chicago, IL",2025,March,3899,1539,43327,48765,0.0,1602.0,1724.0,1724.0,2025-03-01,28.285962877030162,20.345509063649992,1.3902804195529748,False
848210,Brazil,"Chicago, IL",2025,April,4330,2048,35927,42305,0.0,14987.0,2740.0,2740.0,2025-04-01,15.43978102189781,20.345509063649992,0.7588790712287004,False
848210,Brazil,"Chicago, IL",2025,May,26127,15513,147046,188686,0.0,67452.0,8243.0,8243.0,2025-05-01,22.89045250515589,22.863147037968155,1.00119430046714,False
848210,Brazil,"Chicago, IL",2025,June,5212,698,27434,33344,0.0,27988.0,1798.0,1798.0,2025-06-01,18.545050055617352,23.04578613937416,0.8047045973377659,False
848210,Brazil,"Chicago, IL",2025,July,31791,12468,167311,211570,0.0,39496.0,8023.0,8023.0,2025-07-01,26.37043499937679,22.863147037968155,1.1534035518200616,False
848210,Brazil,"Chicago, IL",2025,August,55764,8368,108706,172838,0.0,34270.0,11152.0,11152.0,2025-08-01,15.49838593974175,25.574976422508644,0.6059980538672777,False
848210,Brazil,"Chicago, IL",2025,September,36027,4609,64373,105009,0.0,45656.0,4489.0,4489.0,2025-09-01,23.392515036756517,25.11935766817354,0.9312545068138846,False
848210,Brazil,"Chicago, IL",2025,October,20341,1124,34476,55941,0.0,23625.0,2587.0,2587.0,2025-10-01,21.62388867413993,25.574976422508644,0.8455096230356113,False
848210,Brazil,"Chicago, IL",2025,November,51105,4706,86617,142428,0.0,35317.0,4898.0,4898.0,2025-11-01,29.078807676602693,25.11935766817354,1.1576254480999653,False
848210,Brazil,"Chicago, IL",2025,December,61484,6451,104208,172143,0.0,36177.0,4244.0,4244.0,2025-12-01,40.561498586239395,22.760114942528734,1.7821306565744812,False
848210,Brazil,"Chicago, IL",2026,February,55197,2571,93554,151322,0.0,52000.0,5821.0,5821.0,2026-02-01,25.995876997079538,26.62659400544959,0.9763125164171969,False
848210,Brazil,"Chicago, IL",2026,March,59943,4136,136922,201001,0.0,97545.0,10060.0,10060.0,2026-03-01,19.980218687872764,28.401913875598087,0.7034814194348732,False
848210,Brazil,"Chicago, IL",2026,April,4849,342,10991,16182,0.0,904.0,295.0,295.0,2026-04-01,54.85423728813559,30.65067981473181,1.789658096319635,False
848210,Brazil,"Chicago, IL",2026,May,61209,8352,210360,279921,0.0,97265.0,11579.0,11579.0,2026-05-01,24.17488556870196,30.65067981473181,0.7887226552502972,False
848210,Brazil,"Chicago, IL",2026,June,17137,2110,68447,87694,0.0,46113.0,3665.0,3665.0,2026-06-01,23.927421555252387,27.86481250257229,0.8586966645852568,False
848210,Brazil,"Cleveland, OH",2022,January,11531,41378,128148,181057,0.0,72990.0,10720.0,10720.0,2022-01-01,16.889645522388058,18.460277955542182,0.9149182673773021,False
848210,Brazil,"Cleveland, OH",2022,February,7159,1500,79540,88199,0.0,64770.0,5014.0,5014.0,2022-02-01,17.590546469884323,17.953450387913435,0.9797863970329945,False
848210,Brazil,"Cleveland, OH",2022,March,6349,1250,70545,78144,0.0,33390.0,6536.0,6536.0,2022-03-01,11.95593635250918,17.321776663881927,0.6902257536571756,False
848210,Brazil,"Cleveland, OH",2022,April,3364,750,37380,41494,0.0,22265.0,3347.0,3347.0,2022-04-01,12.397370779802808,17.953450387913435,0.6905285898775717,False
848210,Brazil,"Cleveland, OH",2022,May,388,223,4307,4918,0.0,1215.0,419.0,419.0,2022-05-01,11.737470167064439,18.678315976726086,0.6284008784137599,False
848210,Brazil,"Cleveland, OH",2022,July,2707,1371,42330,46408,0.0,15603.0,784.0,784.0,2022-07-01,59.19387755102041,18.678315976726086,3.169122828031087,True
848210,Brazil,"Cleveland, OH",2022,August,2610,3500,29004,35114,0.0,22310.0,2147.0,2147.0,2022-08-01,16.354913833255704,18.61143196594172,0.8787563398229988,False
848210,Brazil,"Cleveland, OH",2022,September,3365,4738,37384,45487,0.0,15750.0,2649.0,2649.0,2022-09-01,17.17138542846357,18.61143196594172,0.9226256990803617,False
848210,Brazil,"Cleveland, OH",2022,October,4690,4179,53974,62843,0.0,8509.0,2193.0,2193.0,2022-10-01,28.656178750569996,21.061641165578404,1.3605862204795107,False
848210,Brazil,"Cleveland, OH",2022,November,1549,4000,17214,22763,0.0,7520.0,1414.0,1414.0,2022-11-01,16.0983026874116,21.061641165578404,0.7643422732755262,False
848210,Brazil,"Cleveland, OH",2022,December,255,400,2832,3487,0.0,4800.0,168.0,168.0,2022-12-01,20.75595238095238,19.97984886649874,1.0388443135701078,False
848210,Brazil,"Cleveland, OH",2023,March,1401,2200,15565,19166,0.0,6595.0,1230.0,1230.0,2023-03-01,15.582113821138211,21.19617049180328,0.7351381622054763,False
848210,Brazil,"Cleveland, OH",2023,April,1921,122,21346,23389,0.0,14.0,98.0,98.0,2023-04-01,238.66326530612244,24.127911792110986,9.891583961449879,True
848210,Brazil,"Cleveland, OH",2023,June,71,1783,2960,4814,0.0,87.0,80.0,80.0,2023-06-01,60.175,24.5421247251649,2.4519066981310713,False
848210,Brazil,"Cleveland, OH",2023,November,506,33,5625,6164,0.0,25.0,1.0,1.0,2023-11-01,6164.0,21.411691976032717,287.88009872828843,True
848210,Brazil,"Cleveland, OH",2023,December,344,62,3825,4231,0.0,390.0,78.0,78.0,2023-12-01,54.243589743589745,21.407119168693345,2.5339042267264906,False
848210,Brazil,"Cleveland, OH",2024,January,780,302,8668,9750,0.0,552.0,498.0,498.0,2024-01-01,19.57831325301205,21.407119168693345,0.9145701996952575,False
848210,Brazil,"Cleveland, OH",2024,February,221,32,2452,2705,0.0,250.0,50.0,50.0,2024-02-01,54.1,21.407119168693345,2.527196657040994,False
848210,Brazil,"Cleveland, OH",2024,May,211,62,2333,2606,0.0,120.0,111.0,111.0,2024-05-01,23.47747747747748,23.260694822888283,1.0093196981534656,False
848210,Brazil,"Cleveland, OH",2024,June,244,67,2709,3020,0.0,38.0,132.0,132.0,2024-06-01,22.87878787878788,23.260694822888283,0.9835814472865784,False
848210,Brazil,"Cleveland, OH",2024,October,50,73,2070,2193,0.0,4.0,1.0,1.0,2024-10-01,2193.0,23.05727136431784,95.1109940699126,True
848210,Brazil,"Cleveland, OH",2024,November,1835,1009,27041,29885,0.0,927.0,1539.0,1539.0,2024-11-01,19.418453541260558,23.582357385719682,0.8234313993146173,False
848210,Brazil,"Cleveland, OH",2025,January,55,172,2271,2498,0.0,5.0,4.0,4.0,2025-01-01,624.5,21.719877414849872,28.752464301342215,True
848210,Brazil,"Cleveland, OH",2026,May,4258,1142,12524,17924,0.0,1324.0,108.0,108.0,2026-05-01,165.96296296296296,30.65067981473181,5.414658466504721,True
848210,Brazil,"Detroit, MI",2022,January,186,328,2066,2580,0.0,192.0,57.0,57.0,2022-01-01,45.26315789473684,18.460277955542182,2.451921796830142,False
848210,Brazil,"Detroit, MI",2022,February,128,14,5350,5492,0.0,4.0,1.0,1.0,2022-02-01,5492.0,17.953450387913435,305.90220160116445,True
848210,Brazil,"Detroit, MI",2022,March,192,428,2131,2751,0.0,320.0,94.0,94.0,2022-03-01,29.26595744680851,17.321776663881927,1.6895470952371587,False
848210,Brazil,"Detroit, MI",2022,August,286,56,3184,3526,0.0,3.0,92.0,92.0,2022-08-01,38.32608695652174,18.61143196594172,2.0592766331283463,False
848210,Brazil,"Detroit, MI",2023,September,360,492,4004,4856,0.0,336.0,99.0,99.0,2023-09-01,49.05050505050505,18.91936535535753,2.592608373970381,False
848210,Brazil,"Detroit, MI",2024,September,970,206,10777,11953,0.0,4.0,5.0,5.0,2024-09-01,2390.6,23.582357385719682,101.37239296727942,True
848210,Brazil,"Detroit, MI",2024,December,266,253,2955,3474,0.0,160.0,236.0,236.0,2024-12-01,14.720338983050848,22.786921068059478,0.6459994722009376,False
848210,Brazil,"Detroit, MI",2025,January,232,547,2582,3361,0.0,240.0,66.0,66.0,2025-01-01,50.92424242424242,21.719877414849872,2.3445916130919566,False
848210,Brazil,"Detroit, MI",2025,March,279,586,3099,3964,0.0,288.0,92.0,92.0,2025-03-01,43.08695652173913,20.345509063649992,2.1177625188410656,False
848210,Brazil,"Detroit, MI",2025,April,279,567,3099,3945,0.0,288.0,77.0,77.0,2025-04-01,51.23376623376623,20.345509063649992,2.518185515706869,False
848210,Brazil,"Detroit, MI",2025,May,393,207,2066,2666,0.0,192.0,53.0,53.0,2025-05-01,50.301886792452834,22.863147037968155,2.2001296107188555,False
848210,Brazil,"Detroit, MI",2025,June,589,310,3099,3998,0.0,288.0,25.0,25.0,2025-06-01,159.92,23.04578613937416,6.93922954213194,True
848210,Brazil,"Detroit, MI",2025,July,947,498,4980,6425,0.0,600.0,235.0,235.0,2025-07-01,27.340425531914892,22.863147037968155,1.195829493048855,False
848210,Brazil,"Detroit, MI",2025,October,1838,384,3116,5338,0.0,8.0,10.0,10.0,2025-10-01,533.8,25.574976422508644,20.87196450082356,True
848210,Brazil,"Detroit, MI",2026,March,1601,447,4464,6512,0.0,552.0,179.0,179.0,2026-03-01,36.37988826815643,28.401913875598087,1.2808956617325966,False
848210,Brazil,"Detroit, MI",2026,May,378,420,4197,4995,0.0,512.0,207.0,207.0,2026-05-01,24.130434782608695,30.65067981473181,0.7872724170708523,False
848210,Brazil,"El Paso, TX",2025,March,1179,13,13100,14292,0.0,2.0,40.0,40.0,2025-03-01,357.3,20.345509063649992,17.561615139842573,True
848210,Brazil,"Houston-Galveston, TX",2024,July,585,500,6500,7585,0.0,1.0,1.0,1.0,2024-07-01,7585.0,23.260694822888283,326.0865618053868,True
848210,Brazil,"Houston-Galveston, TX",2026,March,4590,196,7780,12566,0.0,4.0,48.0,48.0,2026-03-01,261.7916666666667,28.401913875598087,9.21739527178796,True
848210,Brazil,"Houston-Galveston, TX",2026,April,12081,191,35533,47805,0.0,10734.0,1083.0,1083.0,2026-04-01,44.14127423822715,30.65067981473181,1.4401401373489693,False
848210,Brazil,"Los Angeles, CA",2022,February,305,250,3384,3939,0.0,2150.0,234.0,234.0,2022-02-01,16.833333333333332,17.953450387913435,0.9376099284327996,False
848210,Brazil,"Los Angeles, CA",2022,March,542,450,6017,7009,0.0,4155.0,597.0,597.0,2022-03-01,11.74036850921273,17.321776663881927,0.6777808499109026,False
848210,Brazil,"Los Angeles, CA",2022,June,631,500,7016,8147,0.0,7950.0,573.0,573.0,2022-06-01,14.218150087260035,18.80487023389939,0.7560887105527104,False
848210,Brazil,"Los Angeles, CA",2022,July,1044,3500,11600,16144,0.0,7350.0,691.0,691.0,2022-07-01,23.36324167872648,18.678315976726086,1.2508216323055033,False
848210,Brazil,"Los Angeles, CA",2022,September,434,3815,4818,9067,0.0,3330.0,253.0,253.0,2022-09-01,35.83794466403162,18.61143196594172,1.9255877102639831,False
848210,Brazil,"Los Angeles, CA",2023,May,961,83,10673,11717,0.0,7.0,74.0,74.0,2023-05-01,158.33783783783784,21.19617049180328,7.470115316305287,True
848210,Brazil,"Los Angeles, CA",2023,June,510,400,5666,6576,0.0,3700.0,372.0,372.0,2023-06-01,17.677419354838708,24.5421247251649,0.7202888728176298,False
848210,Brazil,"Los Angeles, CA",2023,August,1302,332,14462,16096,0.0,2847.0,278.0,278.0,2023-08-01,57.89928057553957,18.91936535535753,3.0603183292902485,True
848210,Brazil,"Los Angeles, CA",2023,September,412,350,4578,5340,0.0,3335.0,267.0,267.0,2023-09-01,20.0,18.91936535535753,1.0571179119566216,False
848210,Brazil,"Los Angeles, CA",2023,October,501,250,5566,6317,0.0,3970.0,313.0,313.0,2023-10-01,20.182108626198083,21.297129147690306,0.9476445621492064,False
848210,Brazil,"Los Angeles, CA",2024,January,1302,650,14472,16424,0.0,9665.0,783.0,783.0,2024-01-01,20.9757343550447,21.407119168693345,0.979848534954693,False
848210,Brazil,"Los Angeles, CA",2024,March,1735,347,19283,21365,0.0,12280.0,1294.0,1294.0,2024-03-01,16.51081916537867,21.40046210032049,0.7715169461285328,False
848210,Brazil,"Los Angeles, CA",2024,April,372,200,4137,4709,0.0,2695.0,270.0,270.0,2024-04-01,17.44074074074074,22.704400495571974,0.7681656577605824,False
848210,Brazil,"Los Angeles, CA",2024,June,327,250,3632,4209,0.0,2470.0,211.0,211.0,2024-06-01,19.9478672985782,23.260694822888283,0.8575783075469312,False
848210,Brazil,"Los Angeles, CA",2024,July,290,58,3227,3575,0.0,1.0,56.0,56.0,2024-07-01,63.839285714285715,23.260694822888283,2.7445132744473533,False
848210,Brazil,"Los Angeles, CA",2024,August,393,400,4364,5157,0.0,2890.0,274.0,274.0,2024-08-01,18.82116788321168,23.05727136431784,0.8162790638071025,False
848210,Brazil,"Los Angeles, CA",2025,February,530,106,5889,6525,0.0,1.0,56.0,56.0,2025-02-01,116.51785714285714,20.345509063649992,5.726957078259205,True
848210,Brazil,"Los Angeles, CA",2025,August,2021,2229,10636,14886,0.0,1.0,1.0,1.0,2025-08-01,14886.0,25.574976422508644,582.0533225164098,True
848210,Brazil,"Los Angeles, CA",2025,September,3605,108,3307,7020,0.0,1.0,56.0,56.0,2025-09-01,125.35714285714286,25.11935766817354,4.990459728831822,True
848210,Brazil,"Miami, FL",2022,January,458,67,5085,5610,0.0,5.0,1.0,1.0,2022-01-01,5610.0,18.460277955542182,303.8957492140986,True
848210,Brazil,"Miami, FL",2022,May,658,1,7311,7970,0.0,22.0,9.0,9.0,2022-05-01,885.5555555555555,18.678315976726086,47.410888468692384,True
848210,Brazil,"Miami, FL",2022,August,969,94,10766,11829,0.0,31.0,7.0,7.0,2022-08-01,1689.857142857143,18.61143196594172,90.79672891100068,True
848210,Brazil,"Miami, FL",2022,October,1239,417,15948,17604,0.0,790.0,755.0,755.0,2022-10-01,23.31655629139073,21.061641165578404,1.107062650440441,False
848210,Brazil,"Miami, FL",2022,November,265,205,2949,3419,0.0,200.0,40.0,40.0,2022-11-01,85.475,21.061641165578404,4.058325717736282,True
848210,Brazil,"Miami, FL",2022,December,375,53,4167,4595,0.0,531.0,10.0,10.0,2022-12-01,459.5,19.97984886649874,22.99817196167423,True
848210,Brazil,"Miami, FL",2023,January,345,4,3837,4186,0.0,96.0,33.0,33.0,2023-01-01,126.84848484848484,19.97984886649874,6.348821039441312,True
848210,Brazil,"Miami, FL",2023,February,94,54,3912,4060,0.0,23.0,6.0,6.0,2023-02-01,676.6666666666666,20.260488552963086,33.398339082386265,True
848210,Brazil,"Miami, FL",2023,March,1554,76,17274,18904,0.0,5040.0,142.0,142.0,2023-03-01,133.1267605633803,21.19617049180328,6.280698705214766,True
848210,Brazil,"Miami, FL",2023,April,203,75,2250,2528,0.0,1.0,3.0,3.0,2023-04-01,842.6666666666666,24.127911792110986,34.92497294946968,True
848210,Brazil,"Miami, FL",2023,June,3084,21060,34260,58404,0.0,978.0,3900.0,3900.0,2023-06-01,14.975384615384616,24.5421247251649,0.6101910402251856,False
848210,Brazil,"Miami, FL",2023,August,203,75,2250,2528,0.0,1.0,3.0,3.0,2023-08-01,842.6666666666666,18.91936535535753,44.539901357105656,True
848210,Brazil,"Miami, FL",2023,September,240,345,2666,3251,0.0,1.0,9.0,9.0,2023-09-01,361.22222222222223,18.91936535535753,19.092724065394318,True
848210,Brazil,"Miami, FL",2023,October,203,75,2250,2528,0.0,1.0,3.0,3.0,2023-10-01,842.6666666666666,21.297129147690306,39.56714826787134,True
848210,Brazil,"Miami, FL",2023,November,84,4,3501,3589,0.0,16.0,4.0,4.0,2023-11-01,897.25,21.411691976032717,41.904675305638676,True
848210,Brazil,"Miami, FL",2023,December,333,5,3697,4035,0.0,112.0,24.0,24.0,2023-12-01,168.125,21.407119168693345,7.853695710998467,True
848210,Brazil,"Miami, FL",2024,January,333,6,3697,4036,0.0,112.0,20.0,20.0,2024-01-01,201.8,21.407119168693345,9.426770524785075,True
848210,Brazil,"Miami, FL",2024,February,120,150,4989,5259,0.0,44.0,10.0,10.0,2024-02-01,525.9,21.407119168693345,24.566593751161896,True
848210,Brazil,"Miami, FL",2024,March,309,250,3432,3991,0.0,1.0,41.0,41.0,2024-03-01,97.34146341463415,21.40046210032049,4.548568295316221,True
848210,Brazil,"Miami, FL",2024,August,373,100,4147,4620,0.0,1920.0,182.0,182.0,2024-08-01,25.384615384615383,23.05727136431784,1.1009375300105637,False
848210,Brazil,"Miami, FL",2024,September,348,117,3866,4331,0.0,50.0,2.0,2.0,2024-09-01,2165.5,23.582357385719682,91.82712163082222,True
848210,Brazil,"Miami, FL",2025,February,348,12,3868,4228,0.0,140.0,42.0,42.0,2025-02-01,100.66666666666667,20.345509063649992,4.9478568637302525,True
848210,Brazil,"Miami, FL",2025,March,255,4,2830,3089,0.0,102.0,21.0,21.0,2025-03-01,147.0952380952381,20.345509063649992,7.2298627493201275,True
848210,Brazil,"Miami, FL",2025,June,890,119,5947,6956,0.0,386.0,11.0,11.0,2025-06-01,632.3636363636364,23.04578613937416,27.43944739134896,True
848210,Brazil,"Miami, FL",2025,July,3561,71,28711,32343,0.0,870.0,209.0,209.0,2025-07-01,154.7511961722488,22.863147037968155,6.768586840440559,True
848210,Brazil,"Miami, FL",2025,November,4090,103,6714,10907,0.0,46.0,12.0,12.0,2025-11-01,908.9166666666666,25.11935766817354,36.18391356472752,True
848210,Brazil,"Miami, FL",2026,January,2030,504,3441,5975,0.0,6.0,500.0,500.0,2026-01-01,11.95,22.760114942528734,0.5250412851681455,False
848210,Brazil,"Miami, FL",2026,April,2386,31,12560,14977,0.0,4.0,4.0,4.0,2026-04-01,3744.25,30.65067981473181,122.15879134270881,True
848210,Brazil,"Miami, FL",2026,June,1955,75,5750,7780,0.0,1.0,1.0,1.0,2026-06-01,7780.0,27.86481250257229,279.2051803428357,True
848210,Brazil,"Minneapolis, MN",2025,August,499,14,4025,4538,0.0,59.0,14.0,14.0,2025-08-01,324.14285714285717,25.574976422508644,12.674219197229744,True
848210,Brazil,"Minneapolis, MN",2026,June,3042,19,8949,12010,0.0,273.0,289.0,289.0,2026-06-01,41.55709342560554,27.86481250257229,1.4913824890000345,False
848210,Brazil,"Mobile, AL",2023,May,281,117,3117,3515,0.0,100.0,46.0,46.0,2023-05-01,76.41304347826087,21.19617049180328,3.6050400475788953,True
848210,Brazil,"Mobile, AL",2023,June,421,70,4676,5167,0.0,150.0,215.0,215.0,2023-06-01,24.032558139534885,24.5421247251649,0.9792370631582881,False
848210,Brazil,"New Orleans, LA",2022,February,1065,1321,14356,16742,0.0,32.0,39.0,39.0,2022-02-01,429.28205128205127,17.953450387913435,23.9108384186168,True
848210,Brazil,"New Orleans, LA",2022,April,2312,600,25694,28606,0.0,1.0,37.0,37.0,2022-04-01,773.1351351351351,17.953450387913435,43.06331754789724,True
848210,Brazil,"New Orleans, LA",2022,June,340,478,3783,4601,0.0,140.0,94.0,94.0,2022-06-01,48.9468085106383,18.80487023389939,2.602879355285434,False
848210,Brazil,"New Orleans, LA",2022,October,1308,450,14530,16288,0.0,115.0,14.0,14.0,2022-10-01,1163.4285714285713,21.061641165578404,55.23921722348937,True
848210,Brazil,"New Orleans, LA",2023,October,289,450,3211,3950,0.0,2.0,4.0,4.0,2023-10-01,987.5,21.297129147690306,46.367751876411724,True
848210,Brazil,"New Orleans, LA",2023,November,278,0,4690,4968,0.0,10.0,4.0,4.0,2023-11-01,1242.0,21.411691976032717,58.005691534804384,True
848210,Brazil,"New Orleans, LA",2024,February,293,41,3260,3594,0.0,1560.0,148.0,148.0,2024-02-01,24.283783783783782,21.407119168693345,1.134378876130955,False
848210,Brazil,"New Orleans, LA",2024,April,54,200,2230,2484,0.0,1000.0,240.0,240.0,2024-04-01,10.35,22.704400495571974,0.45585876632235034,False
848210,Brazil,"New Orleans, LA",2024,December,899,149,9991,11039,0.0,170.0,20.0,20.0,2024-12-01,551.95,22.786921068059478,24.22222810845958,True
848210,Brazil,"New Orleans, LA",2025,June,3318,650,17465,21433,0.0,1395.0,668.0,668.0,2025-06-01,32.08532934131737,23.04578613937416,1.3922427791039411,False
848210,Brazil,"New Orleans, LA",2025,September,1618,225,2742,4585,0.0,26.0,4.0,4.0,2025-09-01,1146.25,25.11935766817354,45.632138175742824,True
848210,Brazil,"New Orleans, LA",2026,April,286,175,3180,3641,0.0,1.0,2.0,2.0,2026-04-01,1820.5,30.65067981473181,59.39509371420215,True
848210,Brazil,"New Orleans, LA",2026,May,0,109,2792,2901,0.0,43.0,10.0,10.0,2026-05-01,290.1,30.65067981473181,9.46471666382315,True
848210,Brazil,"New Orleans, LA",2026,June,1297,0,2476,3773,0.0,200.0,200.0,200.0,2026-06-01,18.865,27.86481250257229,0.6770187309984056,False
848210,Brazil,"New York, NY",2022,January,8578,11707,95341,115626,0.0,26720.0,5153.0,5153.0,2022-01-01,22.43857946827091,18.460277955542182,1.2155060461337395,False
848210,Brazil,"New York, NY",2022,February,15544,7041,172695,195280,0.0,82480.0,12557.0,12557.0,2022-02-01,15.551485227363223,17.953450387913435,0.8662115020426795,False
848210,Brazil,"New York, NY",2022,March,600,1966,6663,9229,0.0,1315.0,310.0,310.0,2022-03-01,29.770967741935483,17.321776663881927,1.7187017428767384,False
848210,Brazil,"New York, NY",2022,April,3937,2680,43716,50333,0.0,6930.0,2092.0,2092.0,2022-04-01,24.059751434034418,17.953450387913435,1.3401185239708489,False
848210,Brazil,"New York, NY",2022,May,13325,5239,148077,166641,0.0,91287.0,10594.0,10594.0,2022-05-01,15.729752690202002,18.678315976726086,0.8421397683710828,False
848210,Brazil,"New York, NY",2022,June,19386,10626,215411,245423,0.0,87876.0,13298.0,13298.0,2022-06-01,18.455632425928712,18.80487023389939,0.9814283319359944,False
848210,Brazil,"New York, NY",2022,July,35087,23161,394380,452628,0.0,206634.0,25239.0,25239.0,2022-07-01,17.933674075835018,18.678315976726086,0.9601333491831425,False
848210,Brazil,"New York, NY",2022,August,2119,5984,23536,31639,0.0,10520.0,760.0,760.0,2022-08-01,41.63026315789474,18.61143196594172,2.236811398181327,False
848210,Brazil,"New York, NY",2022,September,22596,21767,251059,295422,0.0,140553.0,17835.0,17835.0,2022-09-01,16.56417157275021,18.61143196594172,0.889999845420926,False
848210,Brazil,"New York, NY",2022,October,4635,10848,51472,66955,0.0,19998.0,4680.0,4680.0,2022-10-01,14.306623931623932,21.061641165578404,0.6792739378261569,False
848210,Brazil,"New York, NY",2022,December,2388,1097,26531,30016,0.0,7331.0,1683.0,1683.0,2022-12-01,17.834818775995245,19.97984886649874,0.8926403245171598,False
848210,Brazil,"New York, NY",2023,February,481,1386,5339,7206,0.0,3241.0,107.0,107.0,2023-02-01,67.34579439252336,20.260488552963086,3.3239965668386646,True
848210,Brazil,"New York, NY",2023,March,6540,9848,74708,91096,0.0,37712.0,5058.0,5058.0,2023-03-01,18.01028074337683,21.19617049180328,0.8496950310123964,False
848210,Brazil,"New York, NY",2023,April,1082,2604,12016,15702,0.0,10240.0,270.0,270.0,2023-04-01,58.15555555555556,24.127911792110986,2.4103020624673563,False
848210,Brazil,"New York, NY",2023,May,412,4200,4576,9188,0.0,384.0,114.0,114.0,2023-05-01,80.59649122807018,21.19617049180328,3.802408140623206,True
848210,Brazil,"New York, NY",2023,June,15933,14998,177036,207967,0.0,90050.0,15798.0,15798.0,2023-06-01,13.164134700595012,24.5421247251649,0.5363893651431422,False
848210,Brazil,"New York, NY",2023,July,1475,5405,16380,23260,0.0,7998.0,517.0,517.0,2023-07-01,44.990328820116055,16.70404753063498,2.6933788794365223,False
848210,Brazil,"New York, NY",2023,August,40785,15432,453142,509359,0.0,219105.0,36738.0,36738.0,2023-08-01,13.86463607164244,18.91936535535753,0.7328277567046557,False
848210,Brazil,"New York, NY",2023,September,5829,2258,64750,72837,0.0,23386.0,6801.0,6801.0,2023-09-01,10.709748566387296,18.91936535535753,0.566073352103988,False
848210,Brazil,"New York, NY",2023,October,363,2138,7060,9561,0.0,512.0,211.0,211.0,2023-10-01,45.312796208530806,21.297129147690306,2.1276480925808268,False
848210,Brazil,"New York, NY",2023,November,12745,16017,141606,170368,0.0,90599.0,11181.0,11181.0,2023-11-01,15.237277524371702,21.411691976032717,0.7116335103936496,False
848210,Brazil,"New York, NY",2023,December,28639,20911,318206,367756,0.0,200538.0,22597.0,22597.0,2023-12-01,16.274549718989245,21.407119168693345,0.7602400673692619,False
848210,Brazil,"New York, NY",2024,January,418,2100,4648,7166,0.0,432.0,150.0,150.0,2024-01-01,47.77333333333333,21.407119168693345,2.2316563455768037,False
848210,Brazil,"New York, NY",2024,February,7948,2463,90018,100429,0.0,43305.0,7073.0,7073.0,2024-02-01,14.198925491304962,21.407119168693345,0.6632805366950102,False
848210,Brazil,"New York, NY",2024,March,11976,8361,133045,153382,0.0,76867.0,8090.0,8090.0,2024-03-01,18.959456118665017,21.40046210032049,0.885936762944062,False
848210,Brazil,"New York, NY",2024,April,5963,8712,66243,80918,0.0,28124.0,4830.0,4830.0,2024-04-01,16.75320910973085,22.704400495571974,0.7378837909857262,False
848210,Brazil,"New York, NY",2024,June,604,1874,6714,9192,0.0,624.0,223.0,223.0,2024-06-01,41.219730941704036,23.260694822888283,1.7720765117104003,False
848210,Brazil,"New York, NY",2024,November,2191,1746,24344,28281,0.0,1473.0,2182.0,2182.0,2024-11-01,12.961044912923922,23.582357385719682,0.5496076876848832,False
848210,Brazil,"New York, NY",2025,October,2793,233,2821,5847,0.0,20.0,16.0,16.0,2025-10-01,365.4375,25.574976422508644,14.288869477837599,True
848210,Brazil,"New York, NY",2026,February,3870,91,6559,10520,0.0,6.0,270.0,270.0,2026-02-01,38.96296296296296,26.62659400544959,1.4633100634271332,False
848210,Brazil,"New York, NY",2026,May,874,98,2571,3543,0.0,2.0,135.0,135.0,2026-05-01,26.244444444444444,30.65067981473181,0.8562434700658883,False
848210,Brazil,"Nogales, AZ",2022,September,210,58,2329,2597,0.0,1.0,68.0,68.0,2022-09-01,38.19117647058823,18.61143196594172,2.05202783646507,False
848210,Brazil,"Nogales, AZ",2022,November,224,452,2488,3164,0.0,1.0,68.0,68.0,2022-11-01,46.529411764705884,21.061641165578404,2.2092016191383097,False
848210,Brazil,"Nogales, AZ",2023,May,199,435,2207,2841,0.0,1.0,68.0,68.0,2023-05-01,41.779411764705884,21.19617049180328,1.971083020909947,False
848210,Brazil,"Nogales, AZ",2025,November,1255,208,2127,3590,0.0,3.0,120.0,120.0,2025-11-01,29.916666666666668,25.11935766817354,1.1909805601666066,False
848210,Brazil,"Nogales, AZ",2026,March,198,202,2202,2602,0.0,3.0,91.0,91.0,2026-03-01,28.593406593406595,28.401913875598087,1.0067422469713576,False
848210,Brazil,"Nogales, AZ",2026,June,809,84,2378,3271,0.0,3.0,128.0,128.0,2026-06-01,25.5546875,27.86481250257229,0.9170952611879576,False
848210,Brazil,"Norfolk, VA",2022,January,235,26,2610,2871,0.0,297.0,59.0,59.0,2022-01-01,48.66101694915254,18.460277955542182,2.6359850629737367,False
848210,Brazil,"Norfolk, VA",2025,March,1039,39,11544,12622,0.0,2117.0,101.0,101.0,2025-03-01,124.97029702970298,20.345509063649992,6.142402072061167,True
848210,Brazil,"Ogdensburg, NY",2024,September,309,34,3430,3773,0.0,98.0,1.0,1.0,2024-09-01,3773.0,23.582357385719682,159.99248668348753,True
848210,Brazil,"Pembina, ND",2023,March,3019,369,33545,36933,0.0,2058.0,1408.0,1408.0,2023-03-01,26.230823863636363,21.19617049180328,1.2375265557417563,False
848210,Brazil,"Pembina, ND",2025,June,1307,31,6880,8218,0.0,323.0,162.0,162.0,2025-06-01,50.72839506172839,23.04578613937416,2.2012004604632676,False
848210,Brazil,"Pembina, ND",2025,September,5089,121,8625,13835,0.0,630.0,284.0,284.0,2025-09-01,48.71478873239437,25.11935766817354,1.9393325807099144,False
848210,Brazil,"Pembina, ND",2026,February,26001,74,44070,70145,0.0,3000.0,2982.0,2982.0,2026-02-01,23.52280348759222,26.62659400544959,0.8834326869887255,False
848210,Brazil,"Philadelphia, PA",2022,July,1184,1315,13153,15652,0.0,2400.0,660.0,660.0,2022-07-01,23.715151515151515,18.678315976726086,1.2696621871426483,False
848210,Brazil,"Philadelphia, PA",2022,August,1184,4000,13153,18337,0.0,2400.0,660.0,660.0,2022-08-01,27.783333333333335,18.61143196594172,1.4928100849078072,False
848210,Brazil,"Philadelphia, PA",2022,September,4736,5262,52612,62610,0.0,9600.0,2640.0,2640.0,2022-09-01,23.71590909090909,18.61143196594172,1.274265684355099,False
848210,Brazil,"Philadelphia, PA",2022,October,986,1096,10961,13043,0.0,2000.0,550.0,550.0,2022-10-01,23.714545454545455,21.061641165578404,1.1259590488752018,False
848210,Brazil,"Philadelphia, PA",2022,November,2368,2631,26306,31305,0.0,4800.0,1320.0,1320.0,2022-11-01,23.71590909090909,21.061641165578404,1.126023793894496,False
848210,Brazil,"San Diego, CA",2022,July,612,150,6804,7566,0.0,45.0,109.0,109.0,2022-07-01,69.41284403669725,18.678315976726086,3.716226030397407,True
848210,Brazil,"San Diego, CA",2022,October,258,150,2868,3276,0.0,15.0,54.0,54.0,2022-10-01,60.666666666666664,21.061641165578404,2.8804339694959666,False
848210,Brazil,"San Diego, CA",2022,November,239,150,2659,3048,0.0,20.0,44.0,44.0,2022-11-01,69.27272727272727,21.061641165578404,3.2890469801537363,True
848210,Brazil,"San Diego, CA",2023,May,509,150,5656,6315,0.0,40.0,88.0,88.0,2023-05-01,71.76136363636364,21.19617049180328,3.3855815447471658,True
848210,Brazil,"San Diego, CA",2023,July,271,150,3012,3433,0.0,15.0,54.0,54.0,2023-07-01,63.574074074074076,16.70404753063498,3.805908355892795,True
848210,Brazil,"San Diego, CA",2024,December,194,150,2159,2503,0.0,10.0,33.0,33.0,2024-12-01,75.84848484848484,22.786921068059478,3.32859733976092,True
848210,Brazil,"San Diego, CA",2025,February,578,150,6420,7148,0.0,30.0,98.0,98.0,2025-02-01,72.93877551020408,20.345509063649992,3.58500616927394,True
848210,Brazil,"San Diego, CA",2025,July,1623,50,8542,10215,0.0,53.0,41.0,41.0,2025-07-01,249.14634146341464,22.863147037968155,10.897289907188396,True
848210,Brazil,"San Francisco, CA",2024,August,55,227,2287,2569,0.0,4.0,1.0,1.0,2024-08-01,2569.0,23.05727136431784,111.41821421140241,True
848210,Brazil,"Savannah, GA",2022,February,596,66,6617,7279,0.0,600.0,648.0,648.0,2022-02-01,11.233024691358025,17.953450387913435,0.6256749788285981,False
848210,Brazil,"Savannah, GA",2022,March,6546,15207,72742,94495,0.0,21444.0,4107.0,4107.0,2022-03-01,23.00827854881909,17.321776663881927,1.3282862950654613,False
848210,Brazil,"Savannah, GA",2022,April,1274,1000,14157,16431,0.0,3132.0,1470.0,1470.0,2022-04-01,11.177551020408163,17.953450387913435,0.6225851175623087,False
848210,Brazil,"Savannah, GA",2022,May,2454,900,27267,30621,0.0,4950.0,1519.0,1519.0,2022-05-01,20.158657011191572,18.678315976726086,1.0792545236042719,False
848210,Brazil,"Savannah, GA",2022,June,3481,15619,38675,57775,0.0,6546.0,3490.0,3490.0,2022-06-01,16.554441260744987,18.80487023389939,0.8803273330172962,False
848210,Brazil,"Savannah, GA",2022,July,19937,3459,221596,244992,0.0,37983.0,14063.0,14063.0,2022-07-01,17.421033918794,18.678315976726086,0.932687611693757,False
848210,Brazil,"Savannah, GA",2022,August,21184,10849,235321,267354,0.0,41652.0,16874.0,16874.0,2022-08-01,15.844138911935522,18.61143196594172,0.8513121903209678,False
848210,Brazil,"Savannah, GA",2022,September,6311,1614,74696,82621,0.0,32578.0,3706.0,3706.0,2022-09-01,22.2938478143551,18.61143196594172,1.1978577390042893,False
848210,Brazil,"Savannah, GA",2022,October,9476,373,105272,115121,0.0,16560.0,6130.0,6130.0,2022-10-01,18.779934747145187,21.061641165578404,0.8916653075372745,False
848210,Brazil,"Savannah, GA",2023,December,468,131,5204,5803,0.0,1512.0,337.0,337.0,2023-12-01,17.219584569732937,21.407119168693345,0.8043858883597738,False
848210,Brazil,"Savannah, GA",2024,April,4146,200,46068,50414,0.0,2094.0,1830.0,1830.0,2024-04-01,27.54863387978142,22.704400495571974,1.2133609907539384,False
848210,Brazil,"Savannah, GA",2024,May,510,100,5664,6274,0.0,320.0,222.0,222.0,2024-05-01,28.26126126126126,23.260694822888283,1.2149792375700004,False
848210,Brazil,"Savannah, GA",2024,July,5681,205,63121,69007,0.0,3906.0,2740.0,2740.0,2024-07-01,25.185036496350364,23.260694822888283,1.0827293289437145,False
848210,Brazil,"Savannah, GA",2024,August,189,100,2102,2391,0.0,238.0,169.0,169.0,2024-08-01,14.14792899408284,23.05727136431784,0.6135994485443491,False
848210,Brazil,"Savannah, GA",2024,September,12849,606,142776,156231,0.0,19291.0,6358.0,6358.0,2024-09-01,24.572349795533185,23.582357385719682,1.0419802140057888,False
848210,Brazil,"Savannah, GA",2024,October,34277,10696,380863,425836,0.0,53202.0,18355.0,18355.0,2024-10-01,23.2,23.05727136431784,1.006190178942988,False
848210,Brazil,"Savannah, GA",2024,November,9567,1320,106292,117179,0.0,12705.0,4960.0,4960.0,2024-11-01,23.624798387096774,23.582357385719682,1.0017996929095305,False
848210,Brazil,"Savannah, GA",2024,December,3001,200,33336,36537,0.0,2400.0,1151.0,1151.0,2024-12-01,31.74370112945265,22.786921068059478,1.393066708514119,False
848210,Brazil,"Savannah, GA",2025,February,1268,100,14085,15453,0.0,1125.0,539.0,539.0,2025-02-01,28.669758812615957,20.345509063649992,1.4091443336671465,False
848210,Brazil,"Savannah, GA",2025,March,1082,100,12019,13201,0.0,960.0,460.0,460.0,2025-03-01,28.69782608695652,20.345509063649992,1.4105238653491878,False
848210,Brazil,"Savannah, GA",2025,April,3426,200,53148,56774,0.0,1446.0,930.0,930.0,2025-04-01,61.04731182795699,20.345509063649992,3.0005300745719006,True
848210,Brazil,"Savannah, GA",2025,May,8689,200,45731,54620,0.0,5392.0,1973.0,1973.0,2025-05-01,27.683730359858085,22.863147037968155,1.2108451349188514,False
848210,Brazil,"Savannah, GA",2025,July,1142,100,6010,7252,0.0,480.0,230.0,230.0,2025-07-01,31.530434782608694,22.863147037968155,1.3790942572449467,False
848210,Brazil,"Savannah, GA",2025,August,11822,200,18668,30690,0.0,2762.0,263.0,263.0,2025-08-01,116.69201520912547,25.574976422508644,4.562741848959217,True
848210,Brazil,"Savannah, GA",2025,October,12678,300,21489,34467,0.0,10968.0,682.0,682.0,2025-10-01,50.538123167155426,25.574976422508644,1.976077018889316,False
848210,Brazil,"Savannah, GA",2026,March,20640,200,34983,55823,0.0,17474.0,961.0,961.0,2026-03-01,58.08844953173777,28.401913875598087,2.0452301132299855,False
848210,Brazil,"Savannah, GA",2026,May,4010,1,11794,15805,0.0,6480.0,227.0,227.0,2026-05-01,69.62555066079295,30.65067981473181,2.271582590717235,False
848210,Brazil,"Savannah, GA",2026,June,15631,422,53320,69373,0.0,8814.0,1366.0,1366.0,2026-06-01,50.78550512445095,27.86481250257229,1.8225676243026139,False
848210,Brazil,"Tampa, FL",2024,August,59,7,2469,2535,0.0,155.0,104.0,104.0,2024-08-01,24.375,23.05727136431784,1.0571502418851435,False
848210,Brazil,"Tampa, FL",2025,November,1706,9,3256,4971,0.0,45.0,11.0,11.0,2025-11-01,451.90909090909093,25.11935766817354,17.990471606750678,True
848210,Brazil,"Tampa, FL",2026,May,7761,18,28323,36102,0.0,436.0,105.0,105.0,2026-05-01,343.8285714285714,30.65067981473181,11.217649119264074,True
848210,Brazil,"Washington, DC",2025,January,2014,291,22382,24687,0.0,20.0,233.0,233.0,2025-01-01,105.95278969957081,21.719877414849872,4.878148604426788,True
848210,Brazil,"Washington, DC",2026,May,13307,198,39137,52642,0.0,13068.0,1245.0,1245.0,2026-05-01,42.28273092369478,30.65067981473181,1.379503853724386,False
848210,Brazil,"Wilmington, NC",2022,May,7600,420,84446,92466,0.0,50.0,2.0,2.0,2022-05-01,46233.0,18.678315976726086,2475.2231441853824,True
848210,Brazil,"Wilmington, NC",2023,February,638,1500,7090,9228,0.0,1572.0,60.0,60.0,2023-02-01,153.8,20.260488552963086,7.591129878134495,True
848210,Brazil,"Wilmington, NC",2023,March,220,100,2444,2764,0.0,542.0,21.0,21.0,2023-03-01,131.61904761904762,21.19617049180328,6.209567321132169,True
848210,Canada,"Anchorage, AK",2024,August,210,450,8731,9391,0.0,18.0,2.0,2.0,2024-08-01,4695.5,27.821181040651513,168.77428722882289,True
848210,Canada,"Anchorage, AK",2025,April,821,450,2415,3686,0.0,1.0,1.0,1.0,2025-04-01,3686.0,35.99807689514431,102.39435875245867,True
848210,Canada,"Anchorage, AK",2025,May,3006,450,8840,12296,0.0,1.0,4.0,4.0,2025-05-01,3074.0,39.89238288746703,77.05731714927857,True
848210,Canada,"Anchorage, AK",2025,August,7131,421,12087,19639,0.0,2475.0,1315.0,1315.0,2025-08-01,14.934600760456274,43.22583329982711,0.34550174329469796,False
848210,Canada,"Anchorage, AK",2025,September,6613,73,11209,17895,0.0,2296.0,1219.0,1219.0,2025-09-01,14.680065627563577,43.22583329982711,0.33961324760909334,False
848210,Canada,"Anchorage, AK",2026,January,0,223,9714,9937,0.0,168.0,219.0,219.0,2026-01-01,45.37442922374429,38.379609480134796,1.18225354135586,False
848210,Canada,"Baltimore, MD",2022,February,0,62,6206,6268,0.0,2.0,3.0,3.0,2022-02-01,2089.3333333333335,26.223048419322385,79.67545572595647,True
848210,Canada,"Baltimore, MD",2022,May,0,71,6206,6277,0.0,2.0,3.0,3.0,2022-05-01,2092.3333333333335,27.5752838833076,75.87712758235301,True
848210,Canada,"Boston, MA",2022,February,0,104,17656,17760,0.0,19.0,17.0,17.0,2022-02-01,1044.7058823529412,26.223048419322385,39.839223329319424,True
848210,Canada,"Boston, MA",2022,March,0,83,9293,9376,0.0,10.0,9.0,9.0,2022-03-01,1041.7777777777778,26.223048419322385,39.72756184251052,True
848210,Canada,"Boston, MA",2022,April,319,182,25202,25703,0.0,32.0,23.0,23.0,2022-04-01,1117.5217391304348,25.35530984278461,44.07446590318237,True
848210,Canada,"Boston, MA",2022,June,0,242,25339,25581,0.0,33.0,5.0,5.0,2022-06-01,5116.2,28.363131648422904,180.38205595271353,True
848210,Canada,"Boston, MA",2022,July,4369,213,48540,53122,0.0,2023.0,47.0,47.0,2022-07-01,1130.2553191489362,28.363131648422904,39.84945432539297,True
848210,Canada,"Boston, MA",2022,August,1107,508,47388,49003,0.0,63.0,42.0,42.0,2022-08-01,1166.7380952380952,29.22391307820087,39.92408860907835,True
848210,Canada,"Boston, MA",2022,September,0,451,67388,67839,0.0,81.0,63.0,63.0,2022-09-01,1076.8095238095239,30.269076413599546,35.57457482666124,True
848210,Canada,"Boston, MA",2022,October,0,593,135605,136198,0.0,155.0,102.0,102.0,2022-10-01,1335.2745098039215,30.269076413599546,44.11348703074396,True
848210,Canada,"Boston, MA",2022,November,0,200,30700,30900,0.0,42.0,30.0,30.0,2022-11-01,1030.0,30.269076413599546,34.02812778051044,True
848210,Canada,"Boston, MA",2022,December,768,223,17486,18477,0.0,20.0,10.0,10.0,2022-12-01,1847.7,30.055917573906594,61.475414798319214,True
848210,Canada,"Boston, MA",2023,January,0,83,9293,9376,0.0,10.0,9.0,9.0,2023-01-01,1041.7777777777778,27.78076093955598,37.499972734527574,True
848210,Canada,"Boston, MA",2023,February,0,199,8876,9075,0.0,10.0,4.0,4.0,2023-02-01,2268.75,26.222212188380812,86.52016022528008,True
848210,Canada,"Boston, MA",2023,March,0,17,3167,3184,0.0,5.0,2.0,2.0,2023-03-01,1592.0,27.5791662968189,57.724732606715094,True
848210,Canada,"Boston, MA",2023,April,0,99,15833,15932,0.0,25.0,11.0,11.0,2023-04-01,1448.3636363636363,27.5791662968189,52.51658519245002,True
848210,Canada,"Boston, MA",2023,May,326,432,77215,77973,0.0,111.0,57.0,57.0,2023-05-01,1367.9473684210527,29.271571193842423,46.73296692419485,True
848210,Canada,"Boston, MA",2023,June,0,373,27319,27692,0.0,38.0,28.0,28.0,2023-06-01,989.0,29.271571193842423,33.78704865039996,True
848210,Canada,"Boston, MA",2023,July,0,85,10241,10326,0.0,8.0,6.0,6.0,2023-07-01,1721.0,27.85799269471869,61.777602530790624,True
848210,Canada,"Boston, MA",2023,August,0,282,42855,43137,0.0,33.0,48.0,48.0,2023-08-01,898.6875,27.85799269471869,32.259592780005754,True
848210,Canada,"Boston, MA",2023,September,0,415,70997,71412,0.0,79.0,67.0,67.0,2023-09-01,1065.8507462686566,27.886812317146102,38.22060170044327,True
848210,Canada,"Boston, MA",2023,October,0,389,55599,55988,0.0,71.0,70.0,70.0,2023-10-01,799.8285714285714,27.886812317146102,28.68124769272391,True
848210,Canada,"Boston, MA",2023,November,0,457,46783,47240,0.0,30.0,29.0,29.0,2023-11-01,1628.9655172413793,29.832204170726364,54.60426282680931,True
848210,Canada,"Boston, MA",2023,December,0,380,81124,81504,0.0,108.0,69.0,69.0,2023-12-01,1181.2173913043478,26.759430097572913,44.142098206025864,True
848210,Canada,"Boston, MA",2024,January,943,146,10473,11562,0.0,14.0,7.0,7.0,2024-01-01,1651.7142857142858,26.912913962014667,61.37255475366,True
848210,Canada,"Boston, MA",2024,March,0,141,42283,42424,0.0,45.0,20.0,20.0,2024-03-01,2121.2,35.08136336948797,60.46515289781795,True
848210,Canada,"Boston, MA",2024,April,273,67,3029,3369,0.0,1.0,1.0,1.0,2024-04-01,3369.0,35.64690975151301,94.51029622159619,True
848210,Canada,"Boston, MA",2024,May,0,174,22011,22185,0.0,20.0,10.0,10.0,2024-05-01,2218.5,35.64690975151301,62.23540877637612,True
848210,Canada,"Boston, MA",2024,June,5860,549,140521,146930,0.0,2835.0,1375.0,1375.0,2024-06-01,106.85818181818182,32.530915744390256,3.2848193594614323,True
848210,Canada,"Boston, MA",2024,July,0,235,24495,24730,0.0,22.0,10.0,10.0,2024-07-01,2473.0,31.197947357712856,79.26803554236453,True
848210,Canada,"Boston, MA",2024,September,0,365,74612,74977,0.0,90.0,48.0,48.0,2024-09-01,1562.0208333333333,27.821181040651513,56.14502242197961,True
848210,Canada,"Boston, MA",2024,October,0,189,55179,55368,0.0,51.0,47.0,47.0,2024-10-01,1178.0425531914893,41.705588213343404,28.246635610682578,True
848210,Canada,"Boston, MA",2024,November,0,305,87854,88159,0.0,70.0,39.0,39.0,2024-11-01,2260.4871794871797,42.4831059430653,53.20908463040869,True
848210,Canada,"Boston, MA",2024,December,0,158,15533,15691,0.0,18.0,15.0,15.0,2024-12-01,1046.0666666666666,42.4831059430653,24.623121201839073,True
848210,Canada,"Boston, MA",2025,January,3578,564,96135,100277,0.0,127.0,63.0,63.0,2025-01-01,1591.6984126984128,37.45238395507016,42.49925491012528,True
848210,Canada,"Boston, MA",2025,February,0,217,39037,39254,0.0,52.0,30.0,30.0,2025-02-01,1308.4666666666667,35.892259757297474,36.45539945142725,True
848210,Canada,"Boston, MA",2025,March,0,15,8965,8980,0.0,1.0,1.0,1.0,2025-03-01,8980.0,37.45238395507016,239.7711187296616,True
848210,Canada,"Boston, MA",2025,May,0,58,94528,94586,0.0,2589.0,41.0,41.0,2025-05-01,2306.9756097560976,39.89238288746703,57.829977624146366,True
848210,Canada,"Boston, MA",2025,June,0,71,4564,4635,0.0,1.0,8.0,8.0,2025-06-01,579.375,37.30480618641108,15.530840640342138,True
848210,Canada,"Boston, MA",2025,July,0,168,19299,19467,0.0,16.0,21.0,21.0,2025-07-01,927.0,39.89238288746703,23.23751886707262,True
848210,Canada,"Boston, MA",2025,August,0,210,36256,36466,0.0,33.0,21.0,21.0,2025-08-01,1736.4761904761904,43.22583329982711,40.17218542512484,True
848210,Canada,"Boston, MA",2025,September,0,173,21538,21711,0.0,19.0,12.0,12.0,2025-09-01,1809.25,43.22583329982711,41.8557575848338,True
848210,Canada,"Boston, MA",2025,October,4113,154,13841,18108,0.0,10.0,10.0,10.0,2025-10-01,1810.8,35.91517893559251,50.41879377093869,True
848210,Canada,"Boston, MA",2025,November,11124,340,46278,57742,0.0,44.0,25.0,25.0,2025-11-01,2309.68,35.91517893559251,64.30929953438351,True
848210,Canada,"Boston, MA",2025,December,0,463,71655,72118,0.0,1802.0,38.0,38.0,2025-12-01,1897.842105263158,38.379609480134796,49.449229186281244,True
848210,Canada,"Boston, MA",2026,February,0,156,38492,38648,0.0,39.0,18.0,18.0,2026-02-01,2147.1111111111113,36.78942783731278,58.36217732458063,True
848210,Canada,"Boston, MA",2026,March,0,202,54605,54807,0.0,548.0,39.0,39.0,2026-03-01,1405.3076923076924,36.78942783731278,38.198683016276576,True
848210,Canada,"Boston, MA",2026,April,927,95,9272,10294,0.0,3.0,12.0,12.0,2026-04-01,857.8333333333334,40.76351520479618,21.04414521229518,True
848210,Canada,"Boston, MA",2026,May,261,111,2904,3276,0.0,1.0,1.0,1.0,2026-05-01,3276.0,45.11041538569305,72.62180966391625,True
848210,Canada,"Boston, MA",2026,June,10233,360,57596,68189,0.0,58.0,63.0,63.0,2026-06-01,1082.3650793650793,49.65069419310124,21.799596097398968,True
848210,Canada,"Buffalo, NY",2022,January,70253,25737,2061690,2157680,0.0,118287.0,15670.0,15670.0,2022-01-01,137.69495851946394,27.018727902421546,5.096278367240342,True
848210,Canada,"Buffalo, NY",2022,February,95555,6123,2405505,2507183,0.0,98644.0,27246.0,27246.0,2022-02-01,92.02022315202231,26.223048419322385,3.5091352340339443,True
848210,Canada,"Buffalo, NY",2022,March,46466,16654,4350238,4413358,0.0,169329.0,30337.0,30337.0,2022-03-01,145.47773346079046,26.223048419322385,5.547704871474652,True
848210,Canada,"Buffalo, NY",2022,April,49933,7589,2339977,2397499,0.0,36217.0,14189.0,14189.0,2022-04-01,168.9688491084643,25.35530984278461,6.664041976065536,True
848210,Canada,"Buffalo, NY",2022,May,38704,5088,2333526,2377318,0.0,136431.0,35484.0,35484.0,2022-05-01,66.99690001127269,27.5752838833076,2.4295996478146336,False
848210,Canada,"Buffalo, NY",2022,June,71432,13780,3295288,3380500,0.0,84756.0,25864.0,25864.0,2022-06-01,130.70290751623878,28.363131648422904,4.6081973294195935,True
848210,Canada,"Buffalo, NY",2022,July,79661,5496,2542198,2627355,0.0,71330.0,16584.0,16584.0,2022-07-01,158.4270984081042,28.363131648422904,5.5856701711185455,True
848210,Canada,"Buffalo, NY",2022,August,51212,66023,2152510,2269745,0.0,61287.0,24493.0,24493.0,2022-08-01,92.6691299554975,29.22391307820087,3.171003476075304,True
848210,Canada,"Buffalo, NY",2022,September,100843,8031,2870721,2979595,0.0,99996.0,18148.0,18148.0,2022-09-01,164.18310557637204,30.269076413599546,5.424120093159052,True
848210,Canada,"Buffalo, NY",2022,October,36139,3923,2661694,2701756,0.0,188765.0,19958.0,19958.0,2022-10-01,135.37208137087885,30.269076413599546,4.47228978912808,True
848210,Canada,"Buffalo, NY",2022,November,37795,3565,1622087,1663447,0.0,63420.0,14734.0,14734.0,2022-11-01,112.8985340029863,30.269076413599546,3.729830816782447,True
848210,Canada,"Buffalo, NY",2022,December,54584,3585,2512543,2570712,0.0,55202.0,13340.0,13340.0,2022-12-01,192.70704647676163,30.055917573906594,6.411617479416519,True
848210,Canada,"Buffalo, NY",2023,January,45447,2965,1755529,1803941,0.0,56723.0,26409.0,26409.0,2023-01-01,68.30781173084934,27.78076093955598,2.4588171605331524,False
848210,Canada,"Buffalo, NY",2023,February,67103,2198,1622510,1691811,0.0,48624.0,24566.0,24566.0,2023-02-01,68.8679882764797,26.222212188380812,2.6263225917680364,False
848210,Canada,"Buffalo, NY",2023,March,46641,4833,2002293,2053767,0.0,70526.0,21936.0,21936.0,2023-03-01,93.6254102844639,27.5791662968189,3.394787546397407,True
848210,Canada,"Buffalo, NY",2023,April,33472,4095,1636695,1674262,0.0,162767.0,17384.0,17384.0,2023-04-01,96.31051541647491,27.5791662968189,3.4921474557983205,True
848210,Canada,"Buffalo, NY",2023,May,177997,6138,2844073,3028208,0.0,107398.0,17094.0,17094.0,2023-05-01,177.15034515034515,29.271571193842423,6.051958877684385,True
848210,Canada,"Buffalo, NY",2023,June,102249,27907,3113049,3243205,0.0,120257.0,35108.0,35108.0,2023-06-01,92.37794804602939,29.271571193842423,3.1558930483875782,True
848210,Canada,"Buffalo, NY",2023,July,37802,2550,594446,634798,0.0,77659.0,17045.0,17045.0,2023-07-01,37.24247579935465,27.85799269471869,1.3368686038321445,False
848210,Canada,"Buffalo, NY",2023,August,49810,5102,1554500,1609412,0.0,57722.0,26540.0,26540.0,2023-08-01,60.64099472494348,27.85799269471869,2.176789813590546,False
848210,Canada,"Buffalo, NY",2023,September,44907,6225,1583558,1634690,0.0,104984.0,23721.0,23721.0,2023-09-01,68.91319927490409,27.886812317146102,2.471175209671887,False
848210,Canada,"Buffalo, NY",2023,October,41828,8579,1832017,1882424,0.0,54927.0,24334.0,24334.0,2023-10-01,77.35777101997205,27.886812317146102,2.7739911661545094,False
848210,Canada,"Buffalo, NY",2023,November,47490,8868,1855085,1911443,0.0,86431.0,31283.0,31283.0,2023-11-01,61.10165265479654,29.832204170726364,2.0481776105150873,False
848210,Canada,"Buffalo, NY",2023,December,27179,6673,1429312,1463164,0.0,32226.0,12425.0,12425.0,2023-12-01,117.75967806841047,26.759430097572913,4.400679597398874,True
848210,Canada,"Buffalo, NY",2024,January,34710,3970,865303,903983,0.0,72068.0,27087.0,27087.0,2024-01-01,33.37331561265552,26.912913962014667,1.2400483893999428,False
848210,Canada,"Buffalo, NY",2024,February,69774,5457,1532223,1607454,0.0,74960.0,25152.0,25152.0,2024-02-01,63.90958969465649,26.912913962014667,2.374681158081193,False
848210,Canada,"Buffalo, NY",2024,March,89927,8042,2208898,2306867,0.0,75355.0,33600.0,33600.0,2024-03-01,68.65675595238095,35.08136336948797,1.9570720564439408,False
848210,Canada,"Buffalo, NY",2024,April,67547,17144,3696898,3781589,0.0,126425.0,47814.0,47814.0,2024-04-01,79.08957627473124,35.64690975151301,2.218693761283875,False
848210,Canada,"Buffalo, NY",2024,May,115062,6962,3398898,3520922,0.0,98012.0,44115.0,44115.0,2024-05-01,79.81235407457781,35.64690975151301,2.23896979095615,False
848210,Canada,"Buffalo, NY",2024,June,84225,5376,2149847,2239448,0.0,172679.0,33883.0,33883.0,2024-06-01,66.09355724109436,32.530915744390256,2.0317152385263473,False
848210,Canada,"Buffalo, NY",2024,July,142159,7807,2719538,2869504,0.0,165488.0,41376.0,41376.0,2024-07-01,69.35189481825212,31.197947357712856,2.2229633899650363,False
848210,Canada,"Buffalo, NY",2024,August,40944,3775,897025,941744,0.0,59162.0,18297.0,18297.0,2024-08-01,51.469858446739906,27.821181040651513,1.8500242089483412,False
848210,Canada,"Buffalo, NY",2024,September,51315,5613,2130774,2187702,0.0,255661.0,20634.0,20634.0,2024-09-01,106.02413492294272,27.821181040651513,3.810914237178619,True
848210,Canada,"Buffalo, NY",2024,October,92009,11259,3560052,3663320,0.0,245923.0,25695.0,25695.0,2024-10-01,142.56937147304924,41.705588213343404,3.418471662448228,True
848210,Canada,"Buffalo, NY",2024,November,149751,9473,3943146,4102370,0.0,103215.0,28190.0,28190.0,2024-11-01,145.52571833983683,42.4831059430653,3.425496208654481,True
848210,Canada,"Buffalo, NY",2024,December,147441,9537,4176274,4333252,0.0,294180.0,13621.0,13621.0,2024-12-01,318.13024007047943,42.4831059430653,7.488394104160579,True
848210,Canada,"Buffalo, NY",2025,January,95794,6279,2016543,2118616,0.0,92072.0,19459.0,19459.0,2025-01-01,108.87589290302688,37.45238395507016,2.907048401341824,False
848210,Canada,"Buffalo, NY",2025,February,123943,8302,2686221,2818466,0.0,69683.0,26786.0,26786.0,2025-02-01,105.22160830284477,35.892259757297474,2.9315960882471748,False
848210,Canada,"Buffalo, NY",2025,March,167826,14730,2101401,2283957,0.0,70226.0,25800.0,25800.0,2025-03-01,88.52546511627907,37.45238395507016,2.36368037939798,False
848210,Canada,"Buffalo, NY",2025,April,172960,11014,3261420,3445394,0.0,281482.0,38543.0,38543.0,2025-04-01,89.3909140440547,35.99807689514431,2.483213597893959,False
848210,Canada,"Buffalo, NY",2025,May,218755,11329,4266044,4496128,0.0,190043.0,79733.0,79733.0,2025-05-01,56.38980096070636,39.89238288746703,1.4135480730689145,False
848210,Canada,"Buffalo, NY",2025,June,22887,13756,2563809,2600452,0.0,98867.0,44239.0,44239.0,2025-06-01,58.78188928321165,37.30480618641108,1.5757189298740806,False
848210,Canada,"Buffalo, NY",2025,July,3791,11709,2609789,2625289,0.0,46776.0,16971.0,16971.0,2025-07-01,154.69265217135114,39.89238288746703,3.8777491083379445,True
848210,Canada,"Buffalo, NY",2025,August,122602,11772,2759634,2894008,0.0,66316.0,26799.0,26799.0,2025-08-01,107.98940258964886,43.22583329982711,2.4982607470075258,False
848210,Canada,"Buffalo, NY",2025,September,296324,13390,3202199,3511913,0.0,86127.0,34850.0,34850.0,2025-09-01,100.7722525107604,43.22583329982711,2.3312969309758445,False
848210,Canada,"Buffalo, NY",2025,October,158235,9917,3866981,4035133,0.0,77036.0,27901.0,27901.0,2025-10-01,144.623239310419,35.91517893559251,4.026799910137579,True
848210,Canada,"Buffalo, NY",2025,November,108265,8309,2261502,2378076,0.0,78217.0,24709.0,24709.0,2025-11-01,96.24331215346635,35.91517893559251,2.679739180084878,False
848210,Canada,"Buffalo, NY",2025,December,61633,11985,3127717,3201335,0.0,60038.0,24507.0,24507.0,2025-12-01,130.62941200473335,38.379609480134796,3.40361493444447,True
848210,Canada,"Buffalo, NY",2026,January,168655,12561,2580352,2761568,0.0,77574.0,26717.0,26717.0,2026-01-01,103.36370101433545,38.379609480134796,2.6931931412130776,False
848210,Canada,"Buffalo, NY",2026,February,154072,10294,2198427,2362793,0.0,74940.0,32324.0,32324.0,2026-02-01,73.09717237965599,36.78942783731278,1.9869070185842619,False
848210,Canada,"Buffalo, NY",2026,March,134501,12659,4064444,4211604,0.0,155629.0,288340.0,288340.0,2026-03-01,14.606381355344386,36.78942783731278,0.39702659742183377,False
848210,Canada,"Buffalo, NY",2026,April,278022,12777,4987356,5278155,0.0,987688.0,113515.0,113515.0,2026-04-01,46.497423248028895,40.76351520479618,1.140662747420715,False
848210,Canada,"Buffalo, NY",2026,May,343459,12230,2643097,2998786,0.0,80754.0,37793.0,37793.0,2026-05-01,79.34765697351361,45.11041538569305,1.7589653363883462,False
848210,Canada,"Buffalo, NY",2026,June,329886,10181,3386371,3726438,0.0,79615.0,31730.0,31730.0,2026-06-01,117.4421052631579,49.65069419310124,2.365366832665071,False
848210,Canada,"Chicago, IL",2022,January,471,500,19608,20579,0.0,8.0,4.0,4.0,2022-01-01,5144.75,27.018727902421546,190.41422003953426,True
848210,Canada,"Chicago, IL",2022,July,237,50,2638,2925,0.0,8.0,165.0,165.0,2022-07-01,17.727272727272727,28.363131648422904,0.6250111217270476,False
848210,Canada,"Chicago, IL",2022,August,288,25,3204,3517,0.0,9.0,4.0,4.0,2022-08-01,879.25,29.22391307820087,30.086662167629534,True
848210,Canada,"Chicago, IL",2023,March,328,13,3640,3981,0.0,1.0,1.0,1.0,2023-03-01,3981.0,27.5791662968189,144.3480907709377,True
848210,Canada,"Chicago, IL",2023,August,3046,56,33844,36946,0.0,1208.0,4.0,4.0,2023-08-01,9236.5,27.85799269471869,331.5565518742868,True
848210,Canada,"Chicago, IL",2025,February,575,100,6394,7069,0.0,2.0,1.0,1.0,2025-02-01,7069.0,35.892259757297474,196.95054164325106,True
848210,Canada,"Cleveland, OH",2022,January,15538,122559,321053,459150,0.0,117.0,1327.0,1327.0,2022-01-01,346.0060286360211,27.018727902421546,12.806155415074533,True
848210,Canada,"Cleveland, OH",2022,February,17477,29015,229066,275558,0.0,829.0,1176.0,1176.0,2022-02-01,234.31802721088437,26.223048419322385,8.93557543211596,True
848210,Canada,"Cleveland, OH",2022,March,10224,4662,223105,237991,0.0,2028.0,766.0,766.0,2022-03-01,310.69321148825065,26.223048419322385,11.84809662553638,True
848210,Canada,"Cleveland, OH",2022,April,10647,2512,171203,184362,0.0,2876.0,542.0,542.0,2022-04-01,340.1512915129151,25.35530984278461,13.41538690010181,True
848210,Canada,"Cleveland, OH",2022,May,10833,1977,131711,144521,0.0,3667.0,1973.0,1973.0,2022-05-01,73.24936644703497,27.5752838833076,2.65634133657553,False
848210,Canada,"Cleveland, OH",2022,June,18864,4805,235845,259514,0.0,1618.0,1164.0,1164.0,2022-06-01,222.95017182130584,28.363131648422904,7.86056259883075,True
848210,Canada,"Cleveland, OH",2022,July,3180,1811,58811,63802,0.0,27.0,72.0,72.0,2022-07-01,886.1388888888889,28.363131648422904,31.242632156176644,True
848210,Canada,"Cleveland, OH",2022,August,5676,1332,97610,104618,0.0,42.0,284.0,284.0,2022-08-01,368.3732394366197,29.22391307820087,12.605198983821303,True
848210,Canada,"Cleveland, OH",2022,September,15675,92308,330722,438705,0.0,5524.0,1312.0,1312.0,2022-09-01,334.3788109756098,30.269076413599546,11.046878550459414,True
848210,Canada,"Cleveland, OH",2022,October,12019,40481,213135,265635,0.0,4050.0,1329.0,1329.0,2022-10-01,199.87584650112868,30.269076413599546,6.603301791240871,True
848210,Canada,"Cleveland, OH",2022,November,20563,132390,300296,453249,0.0,11161.0,1158.0,1158.0,2022-11-01,391.40673575129534,30.269076413599546,12.930911085725787,True
848210,Canada,"Cleveland, OH",2022,December,11704,51357,157258,220319,0.0,147.0,599.0,599.0,2022-12-01,367.81135225375624,30.055917573906594,12.237568570292996,True
848210,Canada,"Cleveland, OH",2023,January,14192,677,186431,201300,0.0,6019.0,107.0,107.0,2023-01-01,1881.3084112149534,27.78076093955598,67.7198301122209,True
848210,Canada,"Cleveland, OH",2023,February,6713,3883,346416,357012,0.0,15254.0,223.0,223.0,2023-02-01,1600.9506726457398,26.222212188380812,61.05322697964929,True
848210,Canada,"Cleveland, OH",2023,March,24613,182922,365427,572962,0.0,7483.0,5260.0,5260.0,2023-03-01,108.92813688212928,27.5791662968189,3.9496529992893046,True
848210,Canada,"Cleveland, OH",2023,April,10221,47300,303838,361359,0.0,1765.0,617.0,617.0,2023-04-01,585.6709886547812,27.5791662968189,21.235993225884243,True
848210,Canada,"Cleveland, OH",2023,May,32362,88732,462233,583327,0.0,16418.0,2711.0,2711.0,2023-05-01,215.17041682036148,29.271571193842423,7.350832498722337,True
848210,Canada,"Cleveland, OH",2023,June,10415,36544,208619,255578,0.0,2060.0,726.0,726.0,2023-06-01,352.0358126721763,29.271571193842423,12.026543103577257,True
848210,Canada,"Cleveland, OH",2023,July,20245,75998,287129,383372,0.0,21992.0,1342.0,1342.0,2023-07-01,285.672131147541,27.85799269471869,10.254584179056758,True
848210,Canada,"Cleveland, OH",2023,August,10768,60918,170754,242440,0.0,947.0,548.0,548.0,2023-08-01,442.40875912408757,27.85799269471869,15.880855594019856,True
848210,Canada,"Cleveland, OH",2023,September,25847,228730,435753,690330,0.0,2520.0,1483.0,1483.0,2023-09-01,465.4956169925826,27.886812317146102,16.692320789435456,True
848210,Canada,"Cleveland, OH",2023,October,16939,41704,299577,358220,0.0,384.0,570.0,570.0,2023-10-01,628.4561403508771,27.886812317146102,22.53596191646735,True
848210,Canada,"Cleveland, OH",2023,November,20942,87043,319939,427924,0.0,2495.0,2201.0,2201.0,2023-11-01,194.42253521126761,29.832204170726364,6.517203157319829,True
848210,Canada,"Cleveland, OH",2023,December,4241,4879,193767,202887,0.0,1861.0,212.0,212.0,2023-12-01,957.0141509433962,26.759430097572913,35.76362229889932,True
848210,Canada,"Cleveland, OH",2024,January,6373,1917,136957,145247,0.0,154.0,266.0,266.0,2024-01-01,546.0413533834586,26.912913962014667,20.289194776684177,True
848210,Canada,"Cleveland, OH",2024,February,24207,35190,377233,436630,0.0,5256.0,1875.0,1875.0,2024-02-01,232.86933333333334,26.912913962014667,8.652698613833083,True
848210,Canada,"Cleveland, OH",2024,March,15348,23638,334879,373865,0.0,2566.0,866.0,866.0,2024-03-01,431.7147806004619,35.08136336948797,12.306100422993994,True
848210,Canada,"Cleveland, OH",2024,April,21897,30774,340058,392729,0.0,218.0,995.0,995.0,2024-04-01,394.7025125628141,35.64690975151301,11.072559032864307,True
848210,Canada,"Cleveland, OH",2024,May,17292,52104,312857,382253,0.0,2551.0,954.0,954.0,2024-05-01,400.6844863731656,35.64690975151301,11.240370881129714,True
848210,Canada,"Cleveland, OH",2024,June,8391,25328,167586,201305,0.0,1877.0,463.0,463.0,2024-06-01,434.7840172786177,32.530915744390256,13.36525601353824,True
848210,Canada,"Cleveland, OH",2024,July,25028,137635,452178,614841,0.0,9897.0,6345.0,6345.0,2024-07-01,96.9016548463357,31.197947357712856,3.106026615638204,True
848210,Canada,"Cleveland, OH",2024,August,10431,5592,411754,427777,0.0,50846.0,50837.0,50837.0,2024-08-01,8.414678285500719,27.821181040651513,0.3024558257683393,True
848210,Canada,"Cleveland, OH",2024,September,60027,219969,815297,1095293,0.0,159473.0,110878.0,110878.0,2024-09-01,9.878361803062825,27.821181040651513,0.3550662277287526,False
848210,Canada,"Cleveland, OH",2024,October,67141,3442,881347,951930,0.0,684261.0,50712.0,50712.0,2024-10-01,18.77129673450071,41.705588213343404,0.4500906842142312,False
848210,Canada,"Cleveland, OH",2024,November,78436,17013,1103665,1199114,0.0,708839.0,49933.0,49933.0,2024-11-01,24.014459375563256,42.4831059430653,0.5652708021806782,False
848210,Canada,"Cleveland, OH",2024,December,57933,41518,713558,813009,0.0,520386.0,40052.0,40052.0,2024-12-01,20.298836512533708,42.4831059430653,0.47780961542071937,False
848210,Canada,"Cleveland, OH",2025,January,104186,25565,1213203,1342954,0.0,1004574.0,78153.0,78153.0,2025-01-01,17.183652578915716,37.45238395507016,0.4588133187871331,False
848210,Canada,"Cleveland, OH",2025,February,83333,27359,1124900,1235592,0.0,667515.0,51458.0,51458.0,2025-02-01,24.01165999455867,35.892259757297474,0.668992706419849,False
848210,Canada,"Cleveland, OH",2025,March,198477,7916,1162671,1369064,0.0,805359.0,59885.0,59885.0,2025-03-01,22.86155130667112,37.45238395507016,0.61041645130246,False
848210,Canada,"Cleveland, OH",2025,April,311589,140714,1728814,2181117,0.0,762149.0,62673.0,62673.0,2025-04-01,34.801541333588624,35.99807689514431,0.9667611254612025,False
848210,Canada,"Cleveland, OH",2025,May,361023,3282,1163686,1527991,0.0,900240.0,75712.0,75712.0,2025-05-01,20.181622464074387,39.89238288746703,0.5059016534811922,False
848210,Canada,"Cleveland, OH",2025,June,240902,5026,1149573,1395501,0.0,663507.0,51329.0,51329.0,2025-06-01,27.187379454109763,37.30480618641108,0.7287902614546551,False
848210,Canada,"Cleveland, OH",2025,July,259170,33059,1029378,1321607,0.0,655350.0,52327.0,52327.0,2025-07-01,25.256693485198845,39.89238288746703,0.6331207026776464,False
848210,Canada,"Cleveland, OH",2025,August,198660,37252,1109041,1344953,0.0,486597.0,38813.0,38813.0,2025-08-01,34.652126864710276,43.22583329982711,0.8016531832793811,False
848210,Canada,"Cleveland, OH",2025,September,522546,118748,1240434,1881728,0.0,830821.0,64908.0,64908.0,2025-09-01,28.990694521476552,43.22583329982711,0.6706798298227951,False
848210,Canada,"Cleveland, OH",2025,October,280685,4073,1072858,1357616,0.0,627035.0,47900.0,47900.0,2025-10-01,28.342713987473903,35.91517893559251,0.7891569756147262,False
848210,Canada,"Cleveland, OH",2025,November,250087,4153,799603,1053843,0.0,538808.0,45091.0,45091.0,2025-11-01,23.37147102526003,35.91517893559251,0.6507407652673153,False
848210,Canada,"Cleveland, OH",2025,December,388782,89275,1134866,1612923,0.0,624676.0,50500.0,50500.0,2025-12-01,31.939069306930694,38.379609480134796,0.8321884912211597,False
848210,Canada,"Cleveland, OH",2026,January,282117,32581,696444,1011142,0.0,476898.0,64732.0,64732.0,2026-01-01,15.62043502440833,38.379609480134796,0.40699827945079625,False
848210,Canada,"Cleveland, OH",2026,February,325753,7103,1314068,1646924,0.0,703250.0,58417.0,58417.0,2026-02-01,28.192546690175806,36.78942783731278,0.7663219665944955,False
848210,Canada,"Cleveland, OH",2026,March,326743,33784,1201147,1561674,0.0,869657.0,68754.0,68754.0,2026-03-01,22.713936643686186,36.78942783731278,0.6174039113663282,False
848210,Canada,"Cleveland, OH",2026,April,293194,4383,1077160,1374737,0.0,680279.0,60883.0,60883.0,2026-04-01,22.579981275561323,40.76351520479618,0.553926253958211,False
848210,Canada,"Cleveland, OH",2026,May,212619,4996,774420,992035,0.0,644338.0,51318.0,51318.0,2026-05-01,19.33113137690479,45.11041538569305,0.4285292257148165,False
848210,Canada,"Cleveland, OH",2026,June,295552,19276,1218521,1533349,0.0,661038.0,52822.0,52822.0,2026-06-01,29.02860550528189,49.65069419310124,0.5846565889367826,False
848210,Canada,"Dallas-Fort Worth, TX",2022,January,9018,1496,100185,110699,0.0,3046.0,457.0,457.0,2022-01-01,242.2297592997812,27.018727902421546,8.965254033224541,True
848210,Canada,"Dallas-Fort Worth, TX",2022,February,2789,767,30985,34541,0.0,4.0,3.0,3.0,2022-02-01,11513.666666666666,26.223048419322385,439.0666745740686,True
848210,Canada,"Dallas-Fort Worth, TX",2022,March,12296,137,136606,149039,0.0,8.0,8.0,8.0,2022-03-01,18629.875,26.223048419322385,710.4389505787826,True
848210,Canada,"Dallas-Fort Worth, TX",2022,April,16828,149,186972,203949,0.0,14332.0,6668.0,6668.0,2022-04-01,30.58623275344931,25.35530984278461,1.206304830944642,False
848210,Canada,"Dallas-Fort Worth, TX",2022,May,4858,104,53968,58930,0.0,3038.0,1616.0,1616.0,2022-05-01,36.46658415841584,27.5752838833076,1.322437307000509,False
848210,Canada,"Dallas-Fort Worth, TX",2022,June,6927,59,76960,83946,0.0,3038.0,1614.0,1614.0,2022-06-01,52.01115241635688,28.363131648422904,1.833759158229232,False
848210,Canada,"Dallas-Fort Worth, TX",2022,July,8560,89,95128,103777,0.0,7.0,6.0,6.0,2022-07-01,17296.166666666668,28.363131648422904,609.8115991232019,True
848210,Canada,"Dallas-Fort Worth, TX",2022,August,7973,63,88586,96622,0.0,7115.0,2551.0,2551.0,2022-08-01,37.87612700901607,29.22391307820087,1.2960662354717032,False
848210,Canada,"Dallas-Fort Worth, TX",2022,September,10281,22,114244,124547,0.0,10649.0,5656.0,5656.0,2022-09-01,22.020332390381895,30.269076413599546,0.7274861013099301,False
848210,Canada,"Dallas-Fort Worth, TX",2022,October,9049,331,100534,109914,0.0,1850.0,27.0,27.0,2022-10-01,4070.8888888888887,30.269076413599546,134.49002649647696,True
848210,Canada,"Dallas-Fort Worth, TX",2022,November,15257,25,169530,184812,0.0,7.0,3.0,3.0,2022-11-01,61604.0,30.269076413599546,2035.2124114471505,True
848210,Canada,"Dallas-Fort Worth, TX",2022,December,21092,508,234355,255955,0.0,8135.0,3235.0,3235.0,2022-12-01,79.12055641421948,30.055917573906594,2.632445215477598,False
848210,Canada,"Dallas-Fort Worth, TX",2023,January,578,73,6427,7078,0.0,2.0,8.0,8.0,2023-01-01,884.75,27.78076093955598,31.847579766623234,True
848210,Canada,"Dallas-Fort Worth, TX",2023,February,5635,27,62600,68262,0.0,5175.0,2749.0,2749.0,2023-02-01,24.83157511822481,26.222212188380812,0.9469672100825955,False
848210,Canada,"Dallas-Fort Worth, TX",2023,March,12824,84,142492,155400,0.0,16400.0,8712.0,8712.0,2023-03-01,17.83746556473829,27.5791662968189,0.6467731973027677,False
848210,Canada,"Dallas-Fort Worth, TX",2023,April,4033,43,44819,48895,0.0,3387.0,1803.0,1803.0,2023-04-01,27.11869107043816,27.5791662968189,0.9833035117369066,False
848210,Canada,"Dallas-Fort Worth, TX",2023,May,1689,858,18771,21318,0.0,3.0,3.0,3.0,2023-05-01,7106.0,29.271571193842423,242.76114025251985,True
848210,Canada,"Dallas-Fort Worth, TX",2023,June,6940,34,77113,84087,0.0,2949.0,1568.0,1568.0,2023-06-01,53.62691326530612,29.271571193842423,1.832047651633647,False
848210,Canada,"Dallas-Fort Worth, TX",2023,July,3277,1236,48809,53322,0.0,1730.0,12.0,12.0,2023-07-01,4443.5,27.85799269471869,159.5053903809228,True
848210,Canada,"Dallas-Fort Worth, TX",2023,August,5655,1035,73658,80348,0.0,1604.0,42.0,42.0,2023-08-01,1913.047619047619,27.85799269471869,68.67140931551376,True
848210,Canada,"Dallas-Fort Worth, TX",2023,October,3961,1300,281153,286414,0.0,7229.0,117.0,117.0,2023-10-01,2447.982905982906,27.886812317146102,87.78281569592566,True
848210,Canada,"Dallas-Fort Worth, TX",2023,November,846,46,9398,10290,0.0,2.0,2.0,2.0,2023-11-01,5145.0,29.832204170726364,172.46462817684343,True
848210,Canada,"Dallas-Fort Worth, TX",2023,December,2221,2250,51502,55973,0.0,75.0,22.0,22.0,2023-12-01,2544.2272727272725,26.759430097572913,95.07778242848433,True
848210,Canada,"Dallas-Fort Worth, TX",2024,January,1850,378,20558,22786,0.0,6.0,6.0,6.0,2024-01-01,3797.6666666666665,26.912913962014667,141.10945667298444,True
848210,Canada,"Dallas-Fort Worth, TX",2024,February,3565,2475,189598,195638,0.0,5671.0,937.0,937.0,2024-02-01,208.79188900747064,26.912913962014667,7.758055827851379,True
848210,Canada,"Dallas-Fort Worth, TX",2024,March,2093,851,23256,26200,0.0,23.0,6.0,6.0,2024-03-01,4366.666666666667,35.08136336948797,124.47254745135069,True
848210,Canada,"Dallas-Fort Worth, TX",2024,April,1674,1261,21656,24591,0.0,14.0,8.0,8.0,2024-04-01,3073.875,35.64690975151301,86.2311774408308,True
848210,Canada,"Dallas-Fort Worth, TX",2024,May,4111,491,45667,50269,0.0,56.0,24.0,24.0,2024-05-01,2094.5416666666665,35.64690975151301,58.75801524640618,True
848210,Canada,"Dallas-Fort Worth, TX",2024,June,926,432,41143,42501,0.0,49.0,17.0,17.0,2024-06-01,2500.0588235294117,32.530915744390256,76.85178133851122,True
848210,Canada,"Dallas-Fort Worth, TX",2024,July,1416,949,42104,44469,0.0,61.0,16.0,16.0,2024-07-01,2779.3125,31.197947357712856,89.08638982342822,True
848210,Canada,"Dallas-Fort Worth, TX",2024,August,6395,648,89320,96363,0.0,2577.0,50.0,50.0,2024-08-01,1927.26,27.821181040651513,69.27311954096926,True
848210,Canada,"Dallas-Fort Worth, TX",2024,September,1305,1663,14489,17457,0.0,17.0,8.0,8.0,2024-09-01,2182.125,27.821181040651513,78.43394559028754,True
848210,Canada,"Dallas-Fort Worth, TX",2024,October,3686,613,40961,45260,0.0,30.0,13.0,13.0,2024-10-01,3481.5384615384614,41.705588213343404,83.47894396618456,True
848210,Canada,"Dallas-Fort Worth, TX",2024,November,4082,1312,103238,108632,0.0,1412.0,62.0,62.0,2024-11-01,1752.1290322580646,42.4831059430653,41.242959839288126,True
848210,Canada,"Dallas-Fort Worth, TX",2024,December,1407,896,30031,32334,0.0,33.0,25.0,25.0,2024-12-01,1293.36,42.4831059430653,30.444101750312836,True
848210,Canada,"Dallas-Fort Worth, TX",2025,January,4849,445,60223,65517,0.0,1928.0,35.0,35.0,2025-01-01,1871.9142857142858,37.45238395507016,49.981178446742724,True
848210,Canada,"Dallas-Fort Worth, TX",2025,February,2095,1105,29633,32833,0.0,49.0,13.0,13.0,2025-02-01,2525.6153846153848,35.892259757297474,70.36657490204101,True
848210,Canada,"Dallas-Fort Worth, TX",2025,March,9539,1039,54937,65515,0.0,36.0,55.0,55.0,2025-03-01,1191.1818181818182,37.45238395507016,31.8052335362903,True
848210,Canada,"Dallas-Fort Worth, TX",2025,April,13722,1437,98176,113335,0.0,476.0,81.0,81.0,2025-04-01,1399.1975308641975,35.99807689514431,38.868674427797885,True
848210,Canada,"Dallas-Fort Worth, TX",2025,May,2159,710,42148,45017,0.0,273.0,41.0,41.0,2025-05-01,1097.9756097560976,39.89238288746703,27.523440072592106,True
848210,Canada,"Dallas-Fort Worth, TX",2025,June,43723,2286,312102,358111,0.0,4655.0,83.0,83.0,2025-06-01,4314.590361445783,37.30480618641108,115.65776109077997,True
848210,Canada,"Dallas-Fort Worth, TX",2025,July,11846,996,121605,134447,0.0,489.0,94.0,94.0,2025-07-01,1430.287234042553,39.89238288746703,35.85364248802259,True
848210,Canada,"Dallas-Fort Worth, TX",2025,August,67410,2363,292763,362536,0.0,1039.0,96.0,96.0,2025-08-01,3776.4166666666665,43.22583329982711,87.36480892045107,True
848210,Canada,"Dallas-Fort Worth, TX",2025,September,28157,1952,109502,139611,0.0,906.0,106.0,106.0,2025-09-01,1317.0849056603774,43.22583329982711,30.46985575789109,True
848210,Canada,"Dallas-Fort Worth, TX",2025,October,6890,761,60191,67842,0.0,384.0,78.0,78.0,2025-10-01,869.7692307692307,35.91517893559251,24.217315813155416,True
848210,Canada,"Dallas-Fort Worth, TX",2025,November,1954,180,23351,25485,0.0,9.0,32.0,32.0,2025-11-01,796.40625,35.91517893559251,22.17464241033612,True
848210,Canada,"Dallas-Fort Worth, TX",2025,December,16396,3488,407840,427724,0.0,3583.0,229.0,229.0,2025-12-01,1867.7903930131004,38.379609480134796,48.66621673104477,True
848210,Canada,"Dallas-Fort Worth, TX",2026,January,9145,482,76408,86035,0.0,667.0,60.0,60.0,2026-01-01,1433.9166666666667,38.379609480134796,37.361418891165606,True
848210,Canada,"Dallas-Fort Worth, TX",2026,February,18908,935,112036,131879,0.0,505.0,117.0,117.0,2026-02-01,1127.1709401709402,36.78942783731278,30.63844714180998,True
848210,Canada,"Dallas-Fort Worth, TX",2026,March,16004,839,197934,214777,0.0,107.0,40.0,40.0,2026-03-01,5369.425,36.78942783731278,145.95021764796766,True
848210,Canada,"Dallas-Fort Worth, TX",2026,April,64901,950,573109,638960,0.0,1779.0,85.0,85.0,2026-04-01,7517.176470588235,40.76351520479618,184.40942673422273,True
848210,Canada,"Dallas-Fort Worth, TX",2026,May,7311,608,196337,204256,0.0,3911.0,1813.0,1813.0,2026-05-01,112.66188637617209,45.11041538569305,2.4974694959670725,False
848210,Canada,"Dallas-Fort Worth, TX",2026,June,0,938,201327,202265,0.0,1667.0,78.0,78.0,2026-06-01,2593.141025641026,49.65069419310124,52.22768921529666,True
848210,Canada,"Detroit, MI",2022,January,85576,64889,3279412,3429877,0.0,1106945.0,205588.0,205588.0,2022-01-01,16.683254859233028,27.018727902421546,0.6174700348397156,False
848210,Canada,"Detroit, MI",2022,February,104959,83823,4036176,4224958,0.0,1251656.0,249826.0,249826.0,2022-02-01,16.911602475322823,26.223048419322385,0.6449136730747731,False
848210,Canada,"Detroit, MI",2022,March,195604,100312,5844107,6140023,0.0,2378076.0,415633.0,415633.0,2022-03-01,14.772703322402215,26.223048419322385,0.5633480549697261,False
848210,Canada,"Detroit, MI",2022,April,169389,54330,4535739,4759458,0.0,1986508.0,275293.0,275293.0,2022-04-01,17.28869967634484,25.35530984278461,0.6818571645759125,False
848210,Canada,"Detroit, MI",2022,May,164987,76270,4377571,4618828,0.0,1864607.0,281972.0,281972.0,2022-05-01,16.380449122607917,27.5752838833076,0.5940264909665589,False
848210,Canada,"Detroit, MI",2022,June,138420,76816,4177957,4393193,0.0,1750733.0,274246.0,274246.0,2022-06-01,16.019168921333403,28.363131648422904,0.564788441555047,False
848210,Canada,"Detroit, MI",2022,July,138611,49945,3542169,3730725,0.0,1075726.0,220861.0,220861.0,2022-07-01,16.89173280932351,28.363131648422904,0.5955524593936281,False
848210,Canada,"Detroit, MI",2022,August,173908,95914,4084713,4354535,0.0,1596559.0,254887.0,254887.0,2022-08-01,17.084178479090735,29.22391307820087,0.5845958559134374,False
848210,Canada,"Detroit, MI",2022,September,137482,53546,3761035,3952063,0.0,920382.0,225503.0,225503.0,2022-09-01,17.52554511469914,30.269076413599546,0.5789917364913425,False
848210,Canada,"Detroit, MI",2022,October,160211,56869,3548822,3765902,0.0,1212882.0,212281.0,212281.0,2022-10-01,17.740174579920012,30.269076413599546,0.5860824538389139,False
848210,Canada,"Detroit, MI",2022,November,159885,39083,3596485,3795453,0.0,1337041.0,200294.0,200294.0,2022-11-01,18.949409368228704,30.269076413599546,0.6260319644148427,False
848210,Canada,"Detroit, MI",2022,December,120622,32944,3272477,3426043,0.0,947085.0,207128.0,207128.0,2022-12-01,16.540704298791084,30.055917573906594,0.5503310374111186,False
848210,Canada,"Detroit, MI",2023,January,109814,30985,3358669,3499468,0.0,918101.0,191427.0,191427.0,2023-01-01,18.280953052599685,27.78076093955598,0.6580436400707126,False
848210,Canada,"Detroit, MI",2023,February,142331,57908,4475109,4675348,0.0,1097853.0,236716.0,236716.0,2023-02-01,19.750874465604355,26.222212188380812,0.753211602580047,False
848210,Canada,"Detroit, MI",2023,March,160620,96290,4903653,5160563,0.0,1551011.0,303122.0,303122.0,2023-03-01,17.024706223896647,27.5791662968189,0.6173031498004473,False
848210,Canada,"Detroit, MI",2023,April,152287,58012,5099622,5309921,0.0,1508737.0,284024.0,284024.0,2023-04-01,18.695325042954117,27.5791662968189,0.677878542148336,False
848210,Canada,"Detroit, MI",2023,May,118661,76548,4904529,5099738,0.0,1481030.0,285326.0,285326.0,2023-05-01,17.87337291378984,29.271571193842423,0.6106051771334259,False
848210,Canada,"Detroit, MI",2023,June,157079,62529,4523926,4743534,0.0,1486159.0,260843.0,260843.0,2023-06-01,18.185398879785925,29.271571193842423,0.6212648702510172,False
848210,Canada,"Detroit, MI",2023,July,132312,32282,3889700,4054294,0.0,1095834.0,237210.0,237210.0,2023-07-01,17.09158129927069,27.85799269471869,0.613525227268471,False
848210,Canada,"Detroit, MI",2023,August,160423,71234,5361977,5593634,0.0,1400830.0,264457.0,264457.0,2023-08-01,21.15139323217007,27.85799269471869,0.7592576200287375,False
848210,Canada,"Detroit, MI",2023,September,110182,90076,4029311,4229569,0.0,1047288.0,237302.0,237302.0,2023-09-01,17.823570808505618,27.886812317146102,0.6391397699315695,False
848210,Canada,"Detroit, MI",2023,October,123901,85288,4147362,4356551,0.0,1327779.0,232815.0,232815.0,2023-10-01,18.712501342267466,27.886812317146102,0.6710161466092758,False
848210,Canada,"Detroit, MI",2023,November,79453,33489,4110459,4223401,0.0,1193830.0,239863.0,239863.0,2023-11-01,17.607555146062545,29.832204170726364,0.590219718439056,False
848210,Canada,"Detroit, MI",2023,December,65005,39174,3550327,3654506,0.0,822484.0,181761.0,181761.0,2023-12-01,20.106106370453507,26.759430097572913,0.7513652681369001,False
848210,Canada,"Detroit, MI",2024,January,77292,54393,4194887,4326572,0.0,971567.0,206107.0,206107.0,2024-01-01,20.99187315326505,26.912913962014667,0.779992578391672,False
848210,Canada,"Detroit, MI",2024,February,82946,88582,3903867,4075395,0.0,1065064.0,220598.0,220598.0,2024-02-01,18.474306204045366,26.912913962014667,0.6864476373729098,False
848210,Canada,"Detroit, MI",2024,March,96911,54858,4964428,5116197,0.0,1207076.0,218323.0,218323.0,2024-03-01,23.434072452284003,35.08136336948797,0.6679920676248803,False
848210,Canada,"Detroit, MI",2024,April,72825,58585,4150394,4281804,0.0,1132605.0,208891.0,208891.0,2024-04-01,20.497790713817253,35.64690975151301,0.5750229362573915,False
848210,Canada,"Detroit, MI",2024,May,63505,69240,5419347,5552092,0.0,1395793.0,236572.0,236572.0,2024-05-01,23.468931234465618,35.64690975151301,0.6583721113011626,False
848210,Canada,"Detroit, MI",2024,June,92576,56068,4914687,5063331,0.0,1414347.0,215661.0,215661.0,2024-06-01,23.47819494484399,32.530915744390256,0.7217194600152826,False
848210,Canada,"Detroit, MI",2024,July,91996,58120,3717484,3867600,0.0,1115663.0,208281.0,208281.0,2024-07-01,18.56914456911576,31.197947357712856,0.5952040484011214,False
848210,Canada,"Detroit, MI",2024,August,56722,57309,3202071,3316102,0.0,663503.0,170318.0,170318.0,2024-08-01,19.470061884240067,27.821181040651513,0.6998287332155658,False
848210,Canada,"Detroit, MI",2024,September,78362,53179,3443624,3575165,0.0,372195.0,153764.0,153764.0,2024-09-01,23.250988527873886,27.821181040651513,0.8357297446826649,False
848210,Canada,"Detroit, MI",2024,October,91193,44016,3878891,4014100,0.0,389963.0,143822.0,143822.0,2024-10-01,27.910194546036074,41.705588213343404,0.6692195396756545,False
848210,Canada,"Detroit, MI",2024,November,55882,43786,3425552,3525220,0.0,363182.0,144974.0,144974.0,2024-11-01,24.31622221915654,42.4831059430653,0.5723739279266559,False
848210,Canada,"Detroit, MI",2024,December,49144,36106,3189770,3275020,0.0,301035.0,108010.0,108010.0,2024-12-01,30.321451717433572,42.4831059430653,0.7137296354477838,False
848210,Canada,"Detroit, MI",2025,January,91652,62658,4547215,4701525,0.0,422686.0,163913.0,163913.0,2025-01-01,28.68305137481469,37.45238395507016,0.7658538214609883,False
848210,Canada,"Detroit, MI",2025,February,97915,47627,3394878,3540420,0.0,311807.0,150834.0,150834.0,2025-02-01,23.472294045109194,35.892259757297474,0.653965345281357,False
848210,Canada,"Detroit, MI",2025,March,479791,32654,4876543,5388988,0.0,440632.0,187153.0,187153.0,2025-03-01,28.794558462861936,37.45238395507016,0.7688311242725001,False
848210,Canada,"Detroit, MI",2025,April,221808,36947,3482931,3741686,0.0,561464.0,140917.0,140917.0,2025-04-01,26.552410284067925,35.99807689514431,0.7376063549564091,False
848210,Canada,"Detroit, MI",2025,May,198176,54229,4764123,5016528,0.0,430461.0,180389.0,180389.0,2025-05-01,27.809500579303617,39.89238288746703,0.6971130468127668,False
848210,Canada,"Detroit, MI",2025,June,302827,39305,4846530,5188662,0.0,498706.0,177253.0,177253.0,2025-06-01,29.272632903251285,37.30480618641108,0.7846879771195366,False
848210,Canada,"Detroit, MI",2025,July,310108,60394,4340655,4711157,0.0,559340.0,187779.0,187779.0,2025-07-01,25.088838475015844,39.89238288746703,0.6289130069213787,False
848210,Canada,"Detroit, MI",2025,August,641421,43787,3939320,4624528,0.0,430008.0,173056.0,173056.0,2025-08-01,26.722725591715978,43.22583329982711,0.6182119244841223,False
848210,Canada,"Detroit, MI",2025,September,1311960,36849,5173422,6522231,0.0,494919.0,188714.0,188714.0,2025-09-01,34.56145807942177,43.22583329982711,0.7995556231315037,False
848210,Canada,"Detroit, MI",2025,October,943024,76689,4878335,5898048,0.0,609371.0,262094.0,262094.0,2025-10-01,22.503559791525177,35.91517893559251,0.6265751823729269,False
848210,Canada,"Detroit, MI",2025,November,823206,59154,4505912,5388272,0.0,454237.0,198663.0,198663.0,2025-11-01,27.122675082929383,35.91517893559251,0.7551869679271007,False
848210,Canada,"Detroit, MI",2025,December,604954,29973,3903576,4538503,0.0,317745.0,146097.0,146097.0,2025-12-01,31.064997912345905,38.379609480134796,0.8094141220593993,False
848210,Canada,"Detroit, MI",2026,January,837868,33636,4078564,4950068,0.0,404067.0,165747.0,165747.0,2026-01-01,29.86520419675771,38.379609480134796,0.7781528942397362,False
848210,Canada,"Detroit, MI",2026,February,779274,28518,5566663,6374455,0.0,406640.0,212228.0,212228.0,2026-02-01,30.035881222081912,36.78942783731278,0.8164269733931212,False
848210,Canada,"Detroit, MI",2026,March,458768,32862,5227315,5718945,0.0,374789.0,635819.0,635819.0,2026-03-01,8.994611674077056,36.78942783731278,0.24448903401956393,True
848210,Canada,"Detroit, MI",2026,April,438535,23118,3961209,4422862,0.0,295693.0,139234.0,139234.0,2026-04-01,31.765675050634183,40.76351520479618,0.7792673151724824,False
848210,Canada,"Detroit, MI",2026,May,797222,24283,4746570,5568075,0.0,315741.0,148941.0,148941.0,2026-05-01,37.38443410477974,45.11041538569305,0.8287317637211642,False
848210,Canada,"Detroit, MI",2026,June,797689,41670,6196781,7036140,0.0,335806.0,189646.0,189646.0,2026-06-01,37.101441633358995,49.65069419310124,0.747249202379009,False
848210,Canada,"El Paso, TX",2022,January,928,18,38684,39630,0.0,38800.0,9312.0,9312.0,2022-01-01,4.255798969072165,27.018727902421546,0.15751292897437782,True
848210,Canada,"El Paso, TX",2022,April,1121,79,12459,13659,0.0,11200.0,673.0,673.0,2022-04-01,20.295690936106983,25.35530984278461,0.8004513083038719,False
848210,Canada,"Great Falls, MT",2022,January,998,452,93668,95118,0.0,449.0,2306.0,2306.0,2022-01-01,41.248048568950566,27.018727902421546,1.5266465807686571,False
848210,Canada,"Great Falls, MT",2022,February,225,31,12468,12724,0.0,58.0,227.0,227.0,2022-02-01,56.052863436123346,26.223048419322385,2.13754185020003,False
848210,Canada,"Great Falls, MT",2022,March,410,582,66692,67684,0.0,156.0,1965.0,1965.0,2022-03-01,34.444783715012726,26.223048419322385,1.3135308742225476,False
848210,Canada,"Great Falls, MT",2022,April,1498,1120,134868,137486,0.0,324.0,6057.0,6057.0,2022-04-01,22.698695723955755,25.35530984278461,0.8952245452608873,False
848210,Canada,"Great Falls, MT",2022,May,0,359,103617,103976,0.0,118.0,3950.0,3950.0,2022-05-01,26.323037974683544,27.5752838833076,0.9545881045532195,False
848210,Canada,"Great Falls, MT",2022,June,284,1056,74575,75915,0.0,308.0,1703.0,1703.0,2022-06-01,44.57721667645332,28.363131648422904,1.5716606060647036,False
848210,Canada,"Great Falls, MT",2022,July,2556,3301,164847,170704,0.0,324.0,3366.0,3366.0,2022-07-01,50.71420083184789,28.363131648422904,1.7880324874022784,False
848210,Canada,"Great Falls, MT",2022,August,357,1306,413303,414966,0.0,370.0,10007.0,10007.0,2022-08-01,41.467572699110626,29.22391307820087,1.4189603078871298,False
848210,Canada,"Great Falls, MT",2022,September,1156,1273,385674,388103,0.0,427.0,11152.0,11152.0,2022-09-01,34.801201578192256,30.269076413599546,1.149727897299056,False
848210,Canada,"Great Falls, MT",2022,October,0,685,241711,242396,0.0,416.0,6375.0,6375.0,2022-10-01,38.02290196078432,30.269076413599546,1.2561632684537765,False
848210,Canada,"Great Falls, MT",2022,November,0,298,72705,73003,0.0,196.0,2282.0,2282.0,2022-11-01,31.99079754601227,30.269076413599546,1.0568805307729567,False
848210,Canada,"Great Falls, MT",2022,December,1209,670,191409,193288,0.0,132.0,5702.0,5702.0,2022-12-01,33.89828130480533,30.055917573906594,1.1278405066639698,False
848210,Canada,"Great Falls, MT",2023,January,0,213,77391,77604,0.0,163.0,2126.0,2126.0,2023-01-01,36.502351834430854,27.78076093955598,1.3139435566164255,False
848210,Canada,"Great Falls, MT",2023,February,14009,563,181862,196434,0.0,309.0,4324.0,4324.0,2023-02-01,45.42876965772433,26.222212188380812,1.7324537430848048,False
848210,Canada,"Great Falls, MT",2023,March,2963,1753,381489,386205,0.0,333.0,6133.0,6133.0,2023-03-01,62.97162889287461,27.5791662968189,2.283304296262865,False
848210,Canada,"Great Falls, MT",2023,April,295,1104,293550,294949,0.0,627.0,8319.0,8319.0,2023-04-01,35.454862363264816,27.5791662968189,1.2855668652809977,False
848210,Canada,"Great Falls, MT",2023,May,0,745,406991,407736,0.0,541.0,11323.0,11323.0,2023-05-01,36.009538108275194,29.271571193842423,1.2301880848763653,False
848210,Canada,"Great Falls, MT",2023,June,0,1400,190150,191550,0.0,113.0,6029.0,6029.0,2023-06-01,31.771438049427765,29.271571193842423,1.0854025511316323,False
848210,Canada,"Great Falls, MT",2023,July,0,741,295458,296199,0.0,191.0,5120.0,5120.0,2023-07-01,57.8513671875,27.85799269471869,2.076652392778732,False
848210,Canada,"Great Falls, MT",2023,August,1764,1885,244570,248219,0.0,189.0,5496.0,5496.0,2023-08-01,45.163573508005825,27.85799269471869,1.6212070267563794,False
848210,Canada,"Great Falls, MT",2023,September,4189,786,150399,155374,0.0,147.0,4754.0,4754.0,2023-09-01,32.682793437105595,27.886812317146102,1.1719802559509716,False
848210,Canada,"Great Falls, MT",2023,October,0,625,129088,129713,0.0,173.0,3007.0,3007.0,2023-10-01,43.13701363485201,27.886812317146102,1.5468606861290266,False
848210,Canada,"Great Falls, MT",2023,November,0,308,76723,77031,0.0,56.0,2157.0,2157.0,2023-11-01,35.71210013908206,29.832204170726364,1.1970989449758962,False
848210,Canada,"Great Falls, MT",2023,December,0,169,32465,32634,0.0,28.0,384.0,384.0,2023-12-01,84.984375,26.759430097572913,3.175866402614759,True
848210,Canada,"Great Falls, MT",2024,January,428,151,76353,76932,0.0,393.0,1271.0,1271.0,2024-01-01,60.52871754523997,26.912913962014667,2.2490584865938787,False
848210,Canada,"Great Falls, MT",2024,February,602,501,144482,145585,0.0,167.0,5537.0,5537.0,2024-02-01,26.29311901751851,26.912913962014667,0.9769703516545646,False
848210,Canada,"Great Falls, MT",2024,March,348,148,29167,29663,0.0,459.0,611.0,611.0,2024-03-01,48.54828150572831,35.08136336948797,1.3838767038328164,False
848210,Canada,"Great Falls, MT",2024,April,246,562,118079,118887,0.0,77.0,3617.0,3617.0,2024-04-01,32.86895217030688,35.64690975151301,0.9220701710030218,False
848210,Canada,"Great Falls, MT",2024,May,0,245,7535,7780,0.0,42.0,129.0,129.0,2024-05-01,60.310077519379846,35.64690975151301,1.6918739363324482,False
848210,Canada,"Great Falls, MT",2024,June,0,260,86970,87230,0.0,112.0,3567.0,3567.0,2024-06-01,24.454723857583403,32.530915744390256,0.7517379482869448,False
848210,Canada,"Great Falls, MT",2024,July,0,331,44575,44906,0.0,75.0,1230.0,1230.0,2024-07-01,36.50894308943089,31.197947357712856,1.1702354219276876,False
848210,Canada,"Great Falls, MT",2024,August,501,1065,57264,58830,0.0,76.0,2162.0,2162.0,2024-08-01,27.210915818686402,27.821181040651513,0.9780647262575443,False
848210,Canada,"Great Falls, MT",2024,September,0,696,53682,54378,0.0,50.0,1307.0,1307.0,2024-09-01,41.605202754399386,27.821181040651513,1.495450631431033,False
848210,Canada,"Great Falls, MT",2024,October,368,1163,83791,85322,0.0,326.0,1868.0,1868.0,2024-10-01,45.67558886509636,41.705588213343404,1.0951910960095939,False
848210,Canada,"Great Falls, MT",2024,November,0,1922,47049,48971,0.0,83.0,552.0,552.0,2024-11-01,88.71557971014492,42.4831059430653,2.088255501587834,False
848210,Canada,"Great Falls, MT",2024,December,0,1463,122073,123536,0.0,131.0,2830.0,2830.0,2024-12-01,43.652296819787985,42.4831059430653,1.027521313490817,False
848210,Canada,"Great Falls, MT",2025,January,2541,314,78960,81815,0.0,1518.0,1682.0,1682.0,2025-01-01,48.64149821640904,37.45238395507016,1.2987557287344358,False
848210,Canada,"Great Falls, MT",2025,February,1127,748,122030,123905,0.0,153.0,2902.0,2902.0,2025-02-01,42.69641626464507,35.892259757297474,1.189571694659437,False
848210,Canada,"Great Falls, MT",2025,March,0,1280,122434,123714,0.0,105.0,2826.0,2826.0,2025-03-01,43.77707006369427,37.45238395507016,1.1688727242626673,False
848210,Canada,"Great Falls, MT",2025,April,0,255,92196,92451,0.0,487.0,2626.0,2626.0,2025-04-01,35.20601675552171,35.99807689514431,0.9779971540721544,False
848210,Canada,"Great Falls, MT",2025,May,1488,1640,117367,120495,0.0,117.0,2598.0,2598.0,2025-05-01,46.37990762124711,39.89238288746703,1.1626256509188944,False
848210,Canada,"Great Falls, MT",2025,June,0,1582,185924,187506,0.0,129.0,3959.0,3959.0,2025-06-01,47.36196009093205,37.30480618641108,1.2695940532237497,False
848210,Canada,"Great Falls, MT",2025,July,1597,1281,207416,210294,0.0,1006.0,3158.0,3158.0,2025-07-01,66.59088030398986,39.89238288746703,1.6692630393084562,False
848210,Canada,"Great Falls, MT",2025,August,0,105,17850,17955,0.0,19.0,73.0,73.0,2025-08-01,245.95890410958904,43.22583329982711,5.690090516093598,True
848210,Canada,"Great Falls, MT",2025,September,88742,951,219361,309054,0.0,508.0,1745.0,1745.0,2025-09-01,177.1083094555874,43.22583329982711,4.097279241029595,True
848210,Canada,"Great Falls, MT",2025,October,38677,1520,122432,162629,0.0,196.0,2676.0,2676.0,2025-10-01,60.77316890881913,35.91517893559251,1.6921304782528026,False
848210,Canada,"Great Falls, MT",2025,November,1342,527,69989,71858,0.0,438.0,728.0,728.0,2025-11-01,98.70604395604396,35.91517893559251,2.7483099592251987,False
848210,Canada,"Great Falls, MT",2025,December,32156,566,89681,122403,0.0,274.0,1791.0,1791.0,2025-12-01,68.34338358458962,38.379609480134796,1.7807211826885316,False
848210,Canada,"Great Falls, MT",2026,January,45052,939,213177,259168,0.0,1232.0,4427.0,4427.0,2026-01-01,58.54257962502824,38.379609480134796,1.525356313365558,False
848210,Canada,"Great Falls, MT",2026,February,15766,702,77029,93497,0.0,481.0,970.0,970.0,2026-02-01,96.38865979381443,36.78942783731278,2.62000975443425,False
848210,Canada,"Great Falls, MT",2026,March,27199,1124,190218,218541,0.0,731.0,5252.0,5252.0,2026-03-01,41.61100533130236,36.78942783731278,1.131058779041391,False
848210,Canada,"Great Falls, MT",2026,April,18210,424,95148,113782,0.0,500.0,152.0,152.0,2026-04-01,748.5657894736842,40.76351520479618,18.3636221192624,True
848210,Canada,"Great Falls, MT",2026,May,16781,200,74747,91728,0.0,986.0,136.0,136.0,2026-05-01,674.4705882352941,45.11041538569305,14.951549048453346,True
848210,Canada,"Great Falls, MT",2026,June,43835,1153,225687,270675,0.0,134.0,2978.0,2978.0,2026-06-01,90.89153794492948,49.65069419310124,1.8306196805916661,False
848210,Canada,"Honolulu, HI",2022,September,1759,217,19540,21516,0.0,1.0,4.0,4.0,2022-09-01,5379.0,30.269076413599546,177.7061158556948,True
848210,Canada,"Honolulu, HI",2026,June,2506,450,27842,30798,0.0,6000.0,3187.0,3187.0,2026-06-01,9.663633511139002,49.65069419310124,0.19463239473662233,True
848210,Canada,"Houston-Galveston, TX",2023,May,774,10,8604,9388,0.0,1.0,1.0,1.0,2023-05-01,9388.0,29.271571193842423,320.7207408796308,True
848210,Canada,"Houston-Galveston, TX",2023,December,1345,1,14943,16289,0.0,2.0,32.0,32.0,2023-12-01,509.03125,26.759430097572913,19.02249966250848,True
848210,Canada,"Houston-Galveston, TX",2024,June,0,340,18948,19288,0.0,7.0,449.0,449.0,2024-06-01,42.957683741648104,32.530915744390256,1.3205187360597397,False
848210,Canada,"Houston-Galveston, TX",2024,November,1378,26,15306,16710,0.0,120.0,16.0,16.0,2024-11-01,1044.375,42.4831059430653,24.58330145163216,True
848210,Canada,"Houston-Galveston, TX",2026,March,0,494,5706,6200,0.0,2.0,13.0,13.0,2026-03-01,476.9230769230769,36.78942783731278,12.963590492140497,True
848210,Canada,"Laredo, TX",2024,February,371,38,4119,4528,0.0,1.0,1.0,1.0,2024-02-01,4528.0,26.912913962014667,168.2463670188555,True
848210,Canada,"Los Angeles, CA",2022,April,227,100,2525,2852,0.0,1.0,1.0,1.0,2022-04-01,2852.0,25.35530984278461,112.48137047757659,True
848210,Canada,"Los Angeles, CA",2022,May,697,299,7737,8733,0.0,3.0,5.0,5.0,2022-05-01,1746.6,27.5752838833076,63.33932979225956,True
848210,Canada,"Los Angeles, CA",2023,January,191,31,2120,2342,0.0,2.0,2.0,2.0,2023-01-01,1171.0,27.78076093955598,42.151473192106025,True
848210,Canada,"Los Angeles, CA",2023,February,182,100,2018,2300,0.0,1.0,1.0,1.0,2023-02-01,2300.0,26.222212188380812,87.71189796942994,True
848210,Canada,"Los Angeles, CA",2023,April,222,57,2465,2744,0.0,1.0,2.0,2.0,2023-04-01,1372.0,27.5791662968189,49.74769669372683,True
848210,Canada,"Los Angeles, CA",2023,July,512,187,5685,6384,0.0,5.0,14.0,14.0,2023-07-01,456.0,27.85799269471869,16.36873140850699,True
848210,Canada,"Los Angeles, CA",2023,August,200,37,2226,2463,0.0,2.0,2.0,2.0,2023-08-01,1231.5,27.85799269471869,44.2063437052113,True
848210,Canada,"Los Angeles, CA",2023,December,1260,400,45120,46780,0.0,26.0,12.0,12.0,2023-12-01,3898.3333333333335,26.759430097572913,145.6807308346568,True
848210,Canada,"Los Angeles, CA",2024,January,233,100,2593,2926,0.0,1.0,1.0,1.0,2024-01-01,2926.0,26.912913962014667,108.72104017163674,True
848210,Canada,"Los Angeles, CA",2024,July,217,100,2412,2729,0.0,4.0,1.0,1.0,2024-07-01,2729.0,31.197947357712856,87.47370359689154,True
848210,Canada,"Los Angeles, CA",2024,October,0,300,8037,8337,0.0,5.0,2.0,2.0,2024-10-01,4168.5,41.705588213343404,99.9506344012268,True
848210,Canada,"Los Angeles, CA",2025,June,838,0,2465,3303,0.0,5.0,19.0,19.0,2025-06-01,173.8421052631579,37.30480618641108,4.6600457966320405,True
848210,Canada,"Los Angeles, CA",2026,June,3283,600,13131,17014,0.0,13.0,4.0,4.0,2026-06-01,4253.5,49.65069419310124,85.66849002064923,True
848210,Canada,"Miami, FL",2024,January,63,33,2635,2731,0.0,17.0,24.0,24.0,2024-01-01,113.79166666666667,26.912913962014667,4.228143664683583,True
848210,Canada,"Miami, FL",2024,September,96,41,4005,4142,0.0,1.0,5.0,5.0,2024-09-01,828.4,27.821181040651513,29.775874675829385,True
848210,Canada,"Miami, FL",2025,February,0,500,77728,78228,0.0,9.0,4.0,4.0,2025-02-01,19557.0,35.892259757297474,544.8807105555327,True
848210,Canada,"Miami, FL",2025,May,0,500,13228,13728,0.0,18.0,1.0,1.0,2025-05-01,13728.0,39.89238288746703,344.1258457466806,True
848210,Canada,"Miami, FL",2025,June,0,325,4162,4487,0.0,1.0,7.0,7.0,2025-06-01,641.0,37.30480618641108,17.182772557427075,True
848210,Canada,"Miami, FL",2025,July,3433,750,13731,17914,0.0,57.0,6.0,6.0,2025-07-01,2985.6666666666665,39.89238288746703,74.84302642659814,True
848210,Canada,"Miami, FL",2025,August,15773,138,43738,59649,0.0,14.0,41.0,41.0,2025-08-01,1454.8536585365853,43.22583329982711,33.657041344820165,True
848210,Canada,"Miami, FL",2025,September,0,226,34309,34535,0.0,11.0,123.0,123.0,2025-09-01,280.7723577235772,43.22583329982711,6.495475883045619,True
848210,Canada,"Miami, FL",2025,October,0,218,34415,34633,0.0,9.0,121.0,121.0,2025-10-01,286.22314049586777,35.91517893559251,7.969419865877826,True
848210,Canada,"Miami, FL",2025,November,1842,165,17212,19219,0.0,10.0,30.0,30.0,2025-11-01,640.6333333333333,35.91517893559251,17.83739778889019,True
848210,Canada,"Miami, FL",2025,December,3000,806,64438,68244,0.0,19.0,113.0,113.0,2025-12-01,603.929203539823,38.379609480134796,15.7356787033598,True
848210,Canada,"Miami, FL",2026,February,381,820,88370,89571,0.0,753.0,46.0,46.0,2026-02-01,1947.195652173913,36.78942783731278,52.92813089631738,True
848210,Canada,"Miami, FL",2026,March,0,1499,428035,429534,0.0,5198.0,34.0,34.0,2026-03-01,12633.35294117647,36.78942783731278,343.3962875705123,True
848210,Canada,"Miami, FL",2026,April,6820,955,69033,76808,0.0,738.0,16.0,16.0,2026-04-01,4800.5,40.76351520479618,117.7646229939262,True
848210,Canada,"Miami, FL",2026,May,26936,5168,312209,344313,0.0,3278.0,100.0,100.0,2026-05-01,3443.13,45.11041538569305,76.32671901957264,True
848210,Canada,"Miami, FL",2026,June,6810,700,72324,79834,0.0,826.0,14.0,14.0,2026-06-01,5702.428571428572,49.65069419310124,114.85093338777327,True
848210,Canada,"Milwaukee, WI",2022,March,1158,75,12864,14097,0.0,12.0,9.0,9.0,2022-03-01,1566.3333333333333,26.223048419322385,59.731168866667105,True
848210,Canada,"Minneapolis, MN",2023,May,0,700,61309,62009,0.0,3200.0,2723.0,2723.0,2023-05-01,22.77230995225854,29.271571193842423,0.7779667788058103,False
848210,Canada,"New Orleans, LA",2022,January,2936,1699,107242,111877,0.0,201.0,55.0,55.0,2022-01-01,2034.1272727272728,27.018727902421546,75.28582692988165,True
848210,Canada,"New Orleans, LA",2022,February,4916,1917,120762,127595,0.0,2510.0,237.0,237.0,2022-02-01,538.3755274261604,26.223048419322385,20.530623244758218,True
848210,Canada,"New Orleans, LA",2022,March,8675,3251,136592,148518,0.0,156.0,57.0,57.0,2022-03-01,2605.5789473684213,26.223048419322385,99.36216818516444,True
848210,Canada,"New Orleans, LA",2022,April,27884,5760,554470,588114,0.0,1334.0,576.0,576.0,2022-04-01,1021.03125,25.35530984278461,40.26893208290082,True
848210,Canada,"New Orleans, LA",2022,May,7872,4582,247175,259629,0.0,5897.0,2799.0,2799.0,2022-05-01,92.7577706323687,27.5752838833076,3.363801113522484,True
848210,Canada,"New Orleans, LA",2022,June,2652,4100,163916,170668,0.0,1955.0,876.0,876.0,2022-06-01,194.82648401826484,28.363131648422904,6.869004679499061,True
848210,Canada,"New Orleans, LA",2022,July,12998,3391,240852,257241,0.0,482.0,58.0,58.0,2022-07-01,4435.189655172414,28.363131648422904,156.37164859470047,True
848210,Canada,"New Orleans, LA",2022,August,10665,4204,164885,179754,0.0,1707.0,144.0,144.0,2022-08-01,1248.2916666666667,29.22391307820087,42.71473376362493,True
848210,Canada,"New Orleans, LA",2022,September,9151,3006,147370,159527,0.0,1816.0,250.0,250.0,2022-09-01,638.108,30.269076413599546,21.081185011423255,True
848210,Canada,"New Orleans, LA",2022,October,2888,2263,52745,57896,0.0,90.0,22.0,22.0,2022-10-01,2631.6363636363635,30.269076413599546,86.94141597442331,True
848210,Canada,"New Orleans, LA",2022,November,6101,6213,269695,282009,0.0,4661.0,212.0,212.0,2022-11-01,1330.2311320754718,30.269076413599546,43.9468688736672,True
848210,Canada,"New Orleans, LA",2022,December,21151,6093,461685,488929,0.0,728.0,397.0,397.0,2022-12-01,1231.55919395466,30.055917573906594,40.97559793096628,True
848210,Canada,"New Orleans, LA",2023,January,2807,1926,156600,161333,0.0,19214.0,9948.0,9948.0,2023-01-01,16.217631684760757,27.78076093955598,0.5837720471388919,False
848210,Canada,"New Orleans, LA",2023,February,5434,2927,81053,89414,0.0,77.0,278.0,278.0,2023-02-01,321.63309352517985,26.222212188380812,12.265673514292475,True
848210,Canada,"New Orleans, LA",2023,March,15732,6070,305321,327123,0.0,1493.0,155.0,155.0,2023-03-01,2110.4709677419355,27.5791662968189,76.52410319543874,True
848210,Canada,"New Orleans, LA",2023,April,5135,3967,333789,342891,0.0,891.0,219.0,219.0,2023-04-01,1565.7123287671234,27.5791662968189,56.77156125447198,True
848210,Canada,"New Orleans, LA",2023,May,5378,4327,83131,92836,0.0,157.0,73.0,73.0,2023-05-01,1271.7260273972602,29.271571193842423,43.44577265687675,True
848210,Canada,"New Orleans, LA",2023,June,5848,3283,73749,82880,0.0,3187.0,1708.0,1708.0,2023-06-01,48.52459016393443,29.271571193842423,1.6577378044586166,False
848210,Canada,"New Orleans, LA",2023,July,9527,867,129137,139531,0.0,471.0,30.0,30.0,2023-07-01,4651.033333333334,27.85799269471869,166.95507764330327,True
848210,Canada,"New Orleans, LA",2023,August,7409,4518,187740,199667,0.0,3908.0,1946.0,1946.0,2023-08-01,102.60380267214799,27.85799269471869,3.683101068929478,True
848210,Canada,"New Orleans, LA",2023,September,9434,5491,193620,208545,0.0,3695.0,1131.0,1131.0,2023-09-01,184.3899204244032,27.886812317146102,6.612083099617368,True
848210,Canada,"New Orleans, LA",2023,October,2465,5665,152743,160873,0.0,1936.0,205.0,205.0,2023-10-01,784.7463414634146,27.886812317146102,28.14041033226721,True
848210,Canada,"New Orleans, LA",2023,November,4748,2622,74017,81387,0.0,986.0,122.0,122.0,2023-11-01,667.1065573770492,29.832204170726364,22.361960033501816,True
848210,Canada,"New Orleans, LA",2023,December,11211,6966,176588,194765,0.0,1088.0,837.0,837.0,2023-12-01,232.69414575866188,26.759430097572913,8.69578107269808,True
848210,Canada,"New Orleans, LA",2024,January,5361,5749,166966,178076,0.0,4808.0,2216.0,2216.0,2024-01-01,80.35920577617328,26.912913962014667,2.985897621104634,False
848210,Canada,"New Orleans, LA",2024,February,4770,1736,114124,120630,0.0,57.0,43.0,43.0,2024-02-01,2805.3488372093025,26.912913962014667,104.23801901082946,True
848210,Canada,"New Orleans, LA",2024,March,9180,6280,175801,191261,0.0,2045.0,135.0,135.0,2024-03-01,1416.7481481481482,35.08136336948797,40.38463765579777,True
848210,Canada,"New Orleans, LA",2024,April,9487,5943,214237,229667,0.0,1346.0,187.0,187.0,2024-04-01,1228.1657754010696,35.64690975151301,34.45363943080483,True
848210,Canada,"New Orleans, LA",2024,May,8800,6311,208657,223768,0.0,2016.0,171.0,171.0,2024-05-01,1308.5847953216373,35.64690975151301,36.70962797177939,True
848210,Canada,"New Orleans, LA",2024,June,12473,6159,170618,189250,0.0,1062.0,210.0,210.0,2024-06-01,901.1904761904761,32.530915744390256,27.70258554267353,True
848210,Canada,"New Orleans, LA",2024,July,17562,9352,462606,489520,0.0,4831.0,1308.0,1308.0,2024-07-01,374.2507645259939,31.197947357712856,11.996006026770553,True
848210,Canada,"New Orleans, LA",2024,August,21228,8050,341028,370306,0.0,1896.0,191.0,191.0,2024-08-01,1938.7748691099475,27.821181040651513,69.68700812079348,True
848210,Canada,"New Orleans, LA",2024,September,13751,7191,674427,695369,0.0,2302.0,248.0,248.0,2024-09-01,2803.907258064516,27.821181040651513,100.78318580248362,True
848210,Canada,"New Orleans, LA",2024,October,8713,4290,122866,135869,0.0,916.0,61.0,61.0,2024-10-01,2227.3606557377047,41.705588213343404,53.406767561788676,True
848210,Canada,"New Orleans, LA",2024,November,26326,8978,447373,482677,0.0,894.0,116.0,116.0,2024-11-01,4161.008620689655,42.4831059430653,97.94501904512644,True
848210,Canada,"New Orleans, LA",2024,December,11239,6397,339902,357538,0.0,2731.0,176.0,176.0,2024-12-01,2031.465909090909,42.4831059430653,47.818205943167726,True
848210,Canada,"New Orleans, LA",2025,January,1617,5449,179258,186324,0.0,10157.0,204.0,204.0,2025-01-01,913.3529411764706,37.45238395507016,24.387044153776074,True
848210,Canada,"New Orleans, LA",2025,February,7453,6484,253607,267544,0.0,3069.0,1471.0,1471.0,2025-02-01,181.87899388171311,35.892259757297474,5.067359790427633,True
848210,Canada,"New Orleans, LA",2025,March,57327,7935,487148,552410,0.0,12539.0,4932.0,4932.0,2025-03-01,112.00527169505271,37.45238395507016,2.99060459888001,False
848210,Canada,"New Orleans, LA",2025,April,20472,7134,288448,316054,0.0,15386.0,1568.0,1568.0,2025-04-01,201.56505102040816,35.99807689514431,5.599328308774094,True
848210,Canada,"New Orleans, LA",2025,May,52725,9278,411795,473798,0.0,1277.0,208.0,208.0,2025-05-01,2277.875,39.89238288746703,57.100499772743305,True
848210,Canada,"New Orleans, LA",2025,June,6435,6182,503094,515711,0.0,1276.0,338.0,338.0,2025-06-01,1525.7721893491125,37.30480618641108,40.90015055231413,True
848210,Canada,"New Orleans, LA",2025,July,23929,5734,169386,199049,0.0,643.0,121.0,121.0,2025-07-01,1645.0330578512396,39.89238288746703,41.23677100191623,True
848210,Canada,"New Orleans, LA",2025,August,121035,8891,597492,727418,0.0,8557.0,1891.0,1891.0,2025-08-01,384.6737176097303,43.22583329982711,8.899162566549501,True
848210,Canada,"New Orleans, LA",2025,September,59242,4693,185839,249774,0.0,339.0,53.0,53.0,2025-09-01,4712.7169811320755,43.22583329982711,109.02547438341519,True
848210,Canada,"New Orleans, LA",2025,October,81849,6694,309949,398492,0.0,1896.0,336.0,336.0,2025-10-01,1185.9880952380952,35.91517893559251,33.021918040975216,True
848210,Canada,"New Orleans, LA",2025,November,78484,6940,246921,332345,0.0,9474.0,1041.0,1041.0,2025-11-01,319.2555235350624,35.91517893559251,8.889153082255012,True
848210,Canada,"New Orleans, LA",2025,December,190093,5903,564980,760976,0.0,1639.0,206.0,206.0,2025-12-01,3694.0582524271845,38.379609480134796,96.25054299573374,True
848210,Canada,"New Orleans, LA",2026,January,80448,4964,246126,331538,0.0,966.0,115.0,115.0,2026-01-01,2882.939130434783,38.379609480134796,75.11642691223801,True
848210,Canada,"New Orleans, LA",2026,February,78877,6783,291109,376769,0.0,2100.0,952.0,952.0,2026-02-01,395.765756302521,36.78942783731278,10.757594764796131,True
848210,Canada,"New Orleans, LA",2026,March,133303,4565,430478,568346,0.0,1394.0,184.0,184.0,2026-03-01,3088.836956521739,36.78942783731278,83.95990745441715,True
848210,Canada,"New Orleans, LA",2026,April,41808,5174,413989,460971,0.0,4709.0,1950.0,1950.0,2026-04-01,236.39538461538461,40.76351520479618,5.79919036490677,True
848210,Canada,"New Orleans, LA",2026,May,99722,6128,434846,540696,0.0,16797.0,6132.0,6132.0,2026-05-01,88.17612524461839,45.11041538569305,1.9546733163663972,False
848210,Canada,"New Orleans, LA",2026,June,211568,10115,883143,1104826,0.0,2621.0,535.0,535.0,2026-06-01,2065.095327102804,49.65069419310124,41.59247641274148,True
848210,Canada,"New York, NY",2022,June,4641,302,51565,56508,0.0,1965.0,12.0,12.0,2022-06-01,4709.0,28.363131648422904,166.02539022738125,True
848210,Canada,"New York, NY",2022,August,0,53,18397,18450,0.0,3.0,7.0,7.0,2022-08-01,2635.714285714286,29.22391307820087,90.19032730700108,True
848210,Canada,"New York, NY",2022,September,956,122,15158,16236,0.0,4.0,21.0,21.0,2022-09-01,773.1428571428571,30.269076413599546,25.542333917908806,True
848210,Canada,"New York, NY",2023,January,0,10,2445,2455,0.0,1.0,1.0,1.0,2023-01-01,2455.0,27.78076093955598,88.37050955304892,True
848210,Canada,"New York, NY",2023,February,0,90,25265,25355,0.0,31.0,2.0,2.0,2023-02-01,12677.5,26.222212188380812,483.46416804671657,True
848210,Canada,"New York, NY",2023,March,448,164,53584,54196,0.0,100.0,33.0,33.0,2023-03-01,1642.3030303030303,27.5791662968189,59.54868296698514,True
848210,Canada,"New York, NY",2023,April,0,102,9329,9431,0.0,19.0,21.0,21.0,2023-04-01,449.0952380952381,27.5791662968189,16.283858375626046,True
848210,Canada,"New York, NY",2023,June,0,182,40860,41042,0.0,60.0,45.0,45.0,2023-06-01,912.0444444444445,29.271571193842423,31.15802832737255,True
848210,Canada,"New York, NY",2023,August,1493,83,16584,18160,0.0,691.0,4.0,4.0,2023-08-01,4540.0,27.85799269471869,162.96938726890727,True
848210,Canada,"New York, NY",2023,October,442,68,4913,5423,0.0,1.0,17.0,17.0,2023-10-01,319.0,27.886812317146102,11.439098752920714,True
848210,Canada,"New York, NY",2023,December,535,160,59454,60149,0.0,114.0,38.0,38.0,2023-12-01,1582.8684210526317,26.759430097572913,59.15179864746814,True
848210,Canada,"New York, NY",2024,January,0,228,56235,56463,0.0,69.0,1.0,1.0,2024-01-01,56463.0,26.912913962014667,2097.9890947406443,True
848210,Canada,"New York, NY",2024,April,66,35,22581,22682,0.0,13.0,8.0,8.0,2024-04-01,2835.25,35.64690975151301,79.53704878666684,True
848210,Canada,"New York, NY",2024,May,428,4,4748,5180,0.0,4.0,4.0,4.0,2024-05-01,1295.0,35.64690975151301,36.328534760156444,True
848210,Canada,"New York, NY",2024,June,0,208,48706,48914,0.0,49.0,34.0,34.0,2024-06-01,1438.6470588235295,32.530915744390256,44.22399511060843,True
848210,Canada,"New York, NY",2024,August,0,122,24347,24469,0.0,22.0,27.0,27.0,2024-08-01,906.2592592592592,27.821181040651513,32.57443520945639,True
848210,Canada,"New York, NY",2024,September,120,30,8274,8424,0.0,5.0,3.0,3.0,2024-09-01,2808.0,27.821181040651513,100.93029465201462,True
848210,Canada,"New York, NY",2024,November,456,54,5062,5572,0.0,1.0,17.0,17.0,2024-11-01,327.7647058823529,42.4831059430653,7.715177565444821,True
848210,Canada,"New York, NY",2024,December,1635,219,18170,20024,0.0,4.0,7.0,7.0,2024-12-01,2860.5714285714284,42.4831059430653,67.33432890723876,True
848210,Canada,"New York, NY",2025,February,465,77,5165,5707,0.0,1.0,17.0,17.0,2025-02-01,335.70588235294116,35.892259757297474,9.353155377314652,True
848210,Canada,"New York, NY",2025,May,2746,101,8075,10922,0.0,2.0,3.0,3.0,2025-05-01,3640.6666666666665,39.89238288746703,91.26220103062465,True
848210,Canada,"New York, NY",2025,July,1036,40,3046,4122,0.0,41.0,325.0,325.0,2025-07-01,12.683076923076923,39.89238288746703,0.31793229697144915,True
848210,Canada,"New York, NY",2025,October,4247,50,8074,12371,0.0,2.0,3.0,3.0,2025-10-01,4123.666666666667,35.91517893559251,114.81682087848513,True
848210,Canada,"New York, NY",2026,January,5035,422,12538,17995,0.0,35.0,22.0,22.0,2026-01-01,817.9545454545455,38.379609480134796,21.312216474686043,True
848210,Canada,"New York, NY",2026,March,6900,10000,10000,26900,0.0,92.0,10.0,10.0,2026-03-01,2690.0,36.78942783731278,73.11883217905697,True
848210,Canada,"New York, NY",2026,June,7994,146,24896,33036,0.0,10.0,16.0,16.0,2026-06-01,2064.75,49.65069419310124,41.58552128132961,True
848210,Canada,"Nogales, AZ",2022,January,304,311,73732,74347,0.0,313.0,56.0,56.0,2022-01-01,1327.625,27.018727902421546,49.13721344671494,True
848210,Canada,"Nogales, AZ",2022,February,533,62,35479,36074,0.0,142.0,40.0,40.0,2022-02-01,901.85,26.223048419322385,34.39150115497152,True
848210,Canada,"Nogales, AZ",2022,April,547,308,131958,132813,0.0,600.0,126.0,126.0,2022-04-01,1054.0714285714287,25.35530984278461,41.57201923806847,True
848210,Canada,"Nogales, AZ",2022,May,1000,259,74315,75574,0.0,1944.0,115.0,115.0,2022-05-01,657.1652173913044,27.5752838833076,23.831675502318664,True
848210,Canada,"Nogales, AZ",2022,June,278,369,54314,54961,0.0,195.0,59.0,59.0,2022-06-01,931.542372881356,28.363131648422904,32.843424500099346,True
848210,Canada,"Nogales, AZ",2022,July,429,222,43116,43767,0.0,137.0,67.0,67.0,2022-07-01,653.2388059701492,28.363131648422904,23.03126516730996,True
848210,Canada,"Nogales, AZ",2022,August,1691,276,55845,57812,0.0,195.0,105.0,105.0,2022-08-01,550.5904761904762,29.22391307820087,18.840409041634494,True
848210,Canada,"Nogales, AZ",2022,September,1807,440,123456,125703,0.0,245.0,126.0,126.0,2022-09-01,997.6428571428571,30.269076413599546,32.959144293369576,True
848210,Canada,"Nogales, AZ",2022,October,306,707,45730,46743,0.0,176.0,251.0,251.0,2022-10-01,186.22709163346613,30.269076413599546,6.152387641064478,True
848210,Canada,"Nogales, AZ",2022,November,336,2752,62605,65693,0.0,235.0,343.0,343.0,2022-11-01,191.52478134110788,30.269076413599546,6.327407507387903,True
848210,Canada,"Nogales, AZ",2022,December,1379,2007,100226,103612,0.0,337.0,156.0,156.0,2022-12-01,664.1794871794872,30.055917573906594,22.098127117440015,True
848210,Canada,"Nogales, AZ",2023,January,662,562,28470,29694,0.0,104.0,166.0,166.0,2023-01-01,178.87951807228916,27.78076093955598,6.438971144868439,True
848210,Canada,"Nogales, AZ",2023,February,1435,1023,81506,83964,0.0,1459.0,232.0,232.0,2023-02-01,361.91379310344826,26.222212188380812,13.80180247583436,True
848210,Canada,"Nogales, AZ",2023,March,2534,600,52867,56001,0.0,191.0,206.0,206.0,2023-03-01,271.8495145631068,27.5791662968189,9.857060639083318,True
848210,Canada,"Nogales, AZ",2023,April,0,148,18054,18202,0.0,63.0,20.0,20.0,2023-04-01,910.1,27.5791662968189,32.99954720186646,True
848210,Canada,"Nogales, AZ",2023,May,3530,94,48955,52579,0.0,105.0,25.0,25.0,2023-05-01,2103.16,29.271571193842423,71.84991834132981,True
848210,Canada,"Nogales, AZ",2023,June,1161,1045,75988,78194,0.0,272.0,273.0,273.0,2023-06-01,286.42490842490844,29.271571193842423,9.785088286793464,True
848210,Canada,"Nogales, AZ",2023,July,429,51,16761,17241,0.0,45.0,11.0,11.0,2023-07-01,1567.3636363636363,27.85799269471869,56.26261926117802,True
848210,Canada,"Nogales, AZ",2023,August,0,22,8864,8886,0.0,49.0,8.0,8.0,2023-08-01,1110.75,27.85799269471869,39.871860552629684,True
848210,Canada,"Nogales, AZ",2023,September,2445,708,42781,45934,0.0,208.0,47.0,47.0,2023-09-01,977.3191489361702,27.886812317146102,35.04592557304476,True
848210,Canada,"Nogales, AZ",2023,October,281,61,12661,13003,0.0,44.0,14.0,14.0,2023-10-01,928.7857142857143,27.886812317146102,33.305553310395894,True
848210,Canada,"Nogales, AZ",2023,November,1269,26,19687,20982,0.0,69.0,7.0,7.0,2023-11-01,2997.4285714285716,29.832204170726364,100.47626901031595,True
848210,Canada,"Nogales, AZ",2024,January,552,88,8979,9619,0.0,35.0,29.0,29.0,2024-01-01,331.6896551724138,26.912913962014667,12.324553767777285,True
848210,Canada,"Nogales, AZ",2024,February,404,110,8548,9062,0.0,36.0,34.0,34.0,2024-02-01,266.52941176470586,26.912913962014667,9.903402215787183,True
848210,Canada,"Nogales, AZ",2024,March,0,26,3742,3768,0.0,13.0,2.0,2.0,2024-03-01,1884.0,35.08136336948797,53.70372810649115,True
848210,Canada,"Nogales, AZ",2024,May,182,245,2022,2449,0.0,5.0,2.0,2.0,2024-05-01,1224.5,35.64690975151301,34.350803717229006,True
848210,Canada,"Nogales, AZ",2024,June,509,364,13829,14702,0.0,39.0,10.0,10.0,2024-06-01,1470.2,32.530915744390256,45.19393218291208,True
848210,Canada,"Nogales, AZ",2024,July,265,207,34242,34714,0.0,35.0,47.0,47.0,2024-07-01,738.5957446808511,31.197947357712856,23.67449807553615,True
848210,Canada,"Nogales, AZ",2024,August,634,24,9316,9974,0.0,24.0,4.0,4.0,2024-08-01,2493.5,27.821181040651513,89.62595787564048,True
848210,Canada,"Nogales, AZ",2024,September,0,26,2609,2635,0.0,5.0,5.0,5.0,2024-09-01,527.0,27.821181040651513,18.942402165816134,True
848210,Canada,"Nogales, AZ",2024,November,417,172,4630,5219,0.0,35.0,28.0,28.0,2024-11-01,186.39285714285714,42.4831059430653,4.387458332087483,True
848210,Canada,"Nogales, AZ",2024,December,0,593,18123,18716,0.0,60.0,63.0,63.0,2024-12-01,297.07936507936506,42.4831059430653,6.992882429017849,True
848210,Canada,"Nogales, AZ",2025,January,1785,3478,33539,38802,0.0,85.0,165.0,165.0,2025-01-01,235.16363636363636,37.45238395507016,6.279003137577329,True
848210,Canada,"Nogales, AZ",2025,February,921,114,10241,11276,0.0,22.0,18.0,18.0,2025-02-01,626.4444444444445,35.892259757297474,17.45346903985554,True
848210,Canada,"Nogales, AZ",2025,March,1231,1652,32246,35129,0.0,70.0,344.0,344.0,2025-03-01,102.11918604651163,37.45238395507016,2.7266404768523986,False
848210,Canada,"Nogales, AZ",2025,May,654,47,12992,13693,0.0,34.0,9.0,9.0,2025-05-01,1521.4444444444443,39.89238288746703,38.138720585739584,True
848210,Canada,"Nogales, AZ",2025,June,267,1580,142588,144435,0.0,108.0,23.0,23.0,2025-06-01,6279.782608695652,37.30480618641108,168.3370924731723,True
848210,Canada,"Nogales, AZ",2025,July,761,361,43388,44510,0.0,34.0,16.0,16.0,2025-07-01,2781.875,39.89238288746703,69.73449061309347,True
848210,Canada,"Nogales, AZ",2025,August,3993,519,73634,78146,0.0,164.0,52.0,52.0,2025-08-01,1502.8076923076924,43.22583329982711,34.76642501912631,True
848210,Canada,"Nogales, AZ",2025,September,1601,343,28813,30757,0.0,39.0,16.0,16.0,2025-09-01,1922.3125,43.22583329982711,44.47138096022984,True
848210,Canada,"Nogales, AZ",2025,October,7819,420,79217,87456,0.0,150.0,64.0,64.0,2025-10-01,1366.5,35.91517893559251,38.04797972608114,True
848210,Canada,"Nogales, AZ",2025,November,241,16,6441,6698,0.0,7.0,5.0,5.0,2025-11-01,1339.6,35.91517893559251,37.29899278526036,True
848210,Canada,"Nogales, AZ",2025,December,6913,631,27610,35154,0.0,53.0,22.0,22.0,2025-12-01,1597.909090909091,38.379609480134796,41.63432386502435,True
848210,Canada,"Nogales, AZ",2026,January,1840,191,15186,17217,0.0,32.0,13.0,13.0,2026-01-01,1324.3846153846155,38.379609480134796,34.50750628586031,True
848210,Canada,"Nogales, AZ",2026,February,2212,88,24689,26989,0.0,69.0,22.0,22.0,2026-02-01,1226.7727272727273,36.78942783731278,33.34579522947902,True
848210,Canada,"Nogales, AZ",2026,March,0,27,3388,3415,0.0,4.0,3.0,3.0,2026-03-01,1138.3333333333333,36.78942783731278,30.941860209600936,True
848210,Canada,"Nogales, AZ",2026,April,848,120,5052,6020,0.0,11.0,5.0,5.0,2026-04-01,1204.0,40.76351520479618,29.536216245117622,True
848210,Canada,"Nogales, AZ",2026,May,218,1,2417,2636,0.0,5.0,1.0,1.0,2026-05-01,2636.0,45.11041538569305,58.43439874056265,True
848210,Canada,"Nogales, AZ",2026,June,1945,45,8147,10137,0.0,36.0,17.0,17.0,2026-06-01,596.2941176470588,49.65069419310124,12.009784099451956,True
848210,Canada,"Ogdensburg, NY",2022,January,0,10,2235,2245,0.0,60.0,25.0,25.0,2022-01-01,89.8,27.018727902421546,3.323620576228228,True
848210,Canada,"Ogdensburg, NY",2022,May,283,150,5845,6278,0.0,285.0,136.0,136.0,2022-05-01,46.161764705882355,27.5752838833076,1.674026816957844,False
848210,Canada,"Ogdensburg, NY",2022,June,1593,9046,22648,33287,0.0,6.0,40.0,40.0,2022-06-01,832.175,28.363131648422904,29.340025294642384,True
848210,Canada,"Ogdensburg, NY",2022,July,421,103,9622,10146,0.0,2.0,21.0,21.0,2022-07-01,483.14285714285717,28.363131648422904,17.0341858977946,True
848210,Canada,"Ogdensburg, NY",2022,August,460,266,8717,9443,0.0,8.0,118.0,118.0,2022-08-01,80.02542372881356,29.22391307820087,2.73835415245973,False
848210,Canada,"Ogdensburg, NY",2022,September,2622,325,36942,39889,0.0,848.0,84.0,84.0,2022-09-01,474.8690476190476,30.269076413599546,15.688256923679852,True
848210,Canada,"Ogdensburg, NY",2022,November,782,167,47351,48300,0.0,1993.0,925.0,925.0,2022-11-01,52.21621621621622,30.269076413599546,1.7250680365244337,False
848210,Canada,"Ogdensburg, NY",2022,December,270,42,3000,3312,0.0,1.0,1.0,1.0,2022-12-01,3312.0,30.055917573906594,110.19460616552105,True
848210,Canada,"Ogdensburg, NY",2023,January,0,967,189325,190292,0.0,258.0,540.0,540.0,2023-01-01,352.3925925925926,27.78076093955598,12.684771067261662,True
848210,Canada,"Ogdensburg, NY",2023,February,5255,1304,245253,251812,0.0,607.0,675.0,675.0,2023-02-01,373.0548148148148,26.222212188380812,14.226672110452876,True
848210,Canada,"Ogdensburg, NY",2023,March,6851,1308,347262,355421,0.0,11043.0,529.0,529.0,2023-03-01,671.8733459357278,27.5791662968189,24.36162640685859,True
848210,Canada,"Ogdensburg, NY",2023,April,6922,1292,254757,262971,0.0,243.0,441.0,441.0,2023-04-01,596.3061224489796,27.5791662968189,21.62161524504677,True
848210,Canada,"Ogdensburg, NY",2023,May,2051,2000,395309,399360,0.0,18780.0,458.0,458.0,2023-05-01,871.9650655021834,29.271571193842423,29.78880292171027,True
848210,Canada,"Ogdensburg, NY",2023,June,2432,890,247984,251306,0.0,560.0,553.0,553.0,2023-06-01,454.4412296564195,29.271571193842423,15.525002967794771,True
848210,Canada,"Ogdensburg, NY",2023,July,197,1308,157307,158812,0.0,16840.0,182.0,182.0,2023-07-01,872.5934065934066,27.85799269471869,31.322910310003515,True
848210,Canada,"Ogdensburg, NY",2023,August,0,1144,249341,250485,0.0,306.0,374.0,374.0,2023-08-01,669.7459893048128,27.85799269471869,24.041430286963323,True
848210,Canada,"Ogdensburg, NY",2023,September,380,813,122582,123775,0.0,3963.0,390.0,390.0,2023-09-01,317.37179487179486,27.886812317146102,11.380712548370399,True
848210,Canada,"Ogdensburg, NY",2023,October,0,1522,457356,458878,0.0,11489.0,684.0,684.0,2023-10-01,670.874269005848,27.886812317146102,24.057043930882106,True
848210,Canada,"Ogdensburg, NY",2023,November,201,1247,305029,306477,0.0,4023.0,424.0,424.0,2023-11-01,722.8231132075472,29.832204170726364,24.229624772977264,True
848210,Canada,"Ogdensburg, NY",2023,December,3342,2165,382399,387906,0.0,12873.0,567.0,567.0,2023-12-01,684.1375661375662,26.759430097572913,25.56622333297067,True
848210,Canada,"Ogdensburg, NY",2024,January,1832,662,94886,97380,0.0,582.0,128.0,128.0,2024-01-01,760.78125,26.912913962014667,28.268260028393033,True
848210,Canada,"Ogdensburg, NY",2024,February,3681,1308,315374,320363,0.0,8063.0,3606.0,3606.0,2024-02-01,88.84165280088742,26.912913962014667,3.3010789142446635,True
848210,Canada,"Ogdensburg, NY",2024,March,6400,1021,549124,556545,0.0,54506.0,982.0,982.0,2024-03-01,566.7464358452138,35.08136336948797,16.155199838616927,True
848210,Canada,"Ogdensburg, NY",2024,April,3532,1491,522927,527950,0.0,24543.0,1521.0,1521.0,2024-04-01,347.10716633793555,35.64690975151301,9.73737046934911,True
848210,Canada,"Ogdensburg, NY",2024,May,342,622,134647,135611,0.0,334.0,157.0,157.0,2024-05-01,863.7643312101911,35.64690975151301,24.231113923515608,True
848210,Canada,"Ogdensburg, NY",2024,June,331,1525,256626,258482,0.0,5517.0,1362.0,1362.0,2024-06-01,189.7812041116006,32.530915744390256,5.833872172637105,True
848210,Canada,"Ogdensburg, NY",2024,July,288,303,29534,30125,0.0,5266.0,2577.0,2577.0,2024-07-01,11.689949553744665,31.197947357712856,0.37470252192263664,False
848210,Canada,"Ogdensburg, NY",2024,August,2106,1016,198505,201627,0.0,205.0,253.0,253.0,2024-08-01,796.9446640316205,27.821181040651513,28.645249203013623,True
848210,Canada,"Ogdensburg, NY",2024,September,0,1085,125252,126337,0.0,4667.0,280.0,280.0,2024-09-01,451.2035714285714,27.821181040651513,16.217987682452648,True
848210,Canada,"Ogdensburg, NY",2024,October,216,1240,265446,266902,0.0,130.0,213.0,213.0,2024-10-01,1253.0610328638497,41.705588213343404,30.04539886726599,True
848210,Canada,"Ogdensburg, NY",2024,November,2099,892,207000,209991,0.0,3208.0,3183.0,3183.0,2024-11-01,65.97266729500471,42.4831059430653,1.5529153490665086,False
848210,Canada,"Ogdensburg, NY",2024,December,0,737,174404,175141,0.0,135.0,166.0,166.0,2024-12-01,1055.066265060241,42.4831059430653,24.83496066587533,True
848210,Canada,"Ogdensburg, NY",2025,January,246,1106,328835,330187,0.0,22502.0,942.0,942.0,2025-01-01,350.51698513800426,37.45238395507016,9.359003302927333,True
848210,Canada,"Ogdensburg, NY",2025,February,144,1225,551158,552527,0.0,2691.0,366.0,366.0,2025-02-01,1509.636612021858,35.892259757297474,42.06022753178488,True
848210,Canada,"Ogdensburg, NY",2025,March,0,352,44847,45199,0.0,55.0,54.0,54.0,2025-03-01,837.0185185185185,37.45238395507016,22.34887155708565,True
848210,Canada,"Ogdensburg, NY",2025,April,3182,1924,312661,317767,0.0,56873.0,808.0,808.0,2025-04-01,393.2759900990099,35.99807689514431,10.924916662758113,True
848210,Canada,"Ogdensburg, NY",2025,May,618,2594,292776,295988,0.0,684.0,873.0,873.0,2025-05-01,339.04696449026346,39.89238288746703,8.499040166306578,True
848210,Canada,"Ogdensburg, NY",2025,June,1282,2463,350544,354289,0.0,158.0,545.0,545.0,2025-06-01,650.0715596330275,37.30480618641108,17.425946576015917,True
848210,Canada,"Ogdensburg, NY",2025,July,5440,1602,302565,309607,0.0,1215.0,742.0,742.0,2025-07-01,417.2601078167116,39.89238288746703,10.45964361150765,True
848210,Canada,"Ogdensburg, NY",2025,August,2668,360,86537,89565,0.0,3258.0,360.0,360.0,2025-08-01,248.79166666666666,43.22583329982711,5.7556245345456825,True
848210,Canada,"Ogdensburg, NY",2025,September,122467,2050,273963,398480,0.0,30527.0,1876.0,1876.0,2025-09-01,212.409381663113,43.22583329982711,4.913945329631449,True
848210,Canada,"Ogdensburg, NY",2025,October,20844,108,41688,62640,0.0,30.0,11.0,11.0,2025-10-01,5694.545454545455,35.91517893559251,158.55539700240976,True
848210,Canada,"Ogdensburg, NY",2025,November,48125,1122,156791,206038,0.0,120.0,188.0,188.0,2025-11-01,1095.9468085106382,35.91517893559251,30.514864215935667,True
848210,Canada,"Ogdensburg, NY",2025,December,70481,628,206785,277894,0.0,168.0,84.0,84.0,2025-12-01,3308.2619047619046,38.379609480134796,86.19842540279765,True
848210,Canada,"Ogdensburg, NY",2026,January,160762,947,339648,501357,0.0,17430.0,349.0,349.0,2026-01-01,1436.5530085959886,38.379609480134796,37.43011010415688,True
848210,Canada,"Ogdensburg, NY",2026,February,45297,7449,327749,380495,0.0,5317.0,3249.0,3249.0,2026-02-01,117.1114188981225,36.78942783731278,3.1832900314732564,True
848210,Canada,"Ogdensburg, NY",2026,March,0,576,111472,112048,0.0,39431.0,742.0,742.0,2026-03-01,151.00808625336927,36.78942783731278,4.104659820238166,True
848210,Canada,"Ogdensburg, NY",2026,April,33933,867,198180,232980,0.0,293.0,343.0,343.0,2026-04-01,679.2419825072886,40.76351520479618,16.662988436958205,True
848210,Canada,"Ogdensburg, NY",2026,May,10325,964,103840,115129,0.0,128.0,131.0,131.0,2026-05-01,878.8473282442748,45.11041538569305,19.482137788582737,True
848210,Canada,"Ogdensburg, NY",2026,June,92384,1328,655901,749613,0.0,435.0,524.0,524.0,2026-06-01,1430.5591603053435,49.65069419310124,28.812470471039536,True
848210,Canada,"Pembina, ND",2022,January,0,350,225618,225968,0.0,241.0,7138.0,7138.0,2022-01-01,31.657046791818438,27.018727902421546,1.1716705133619998,False
848210,Canada,"Pembina, ND",2022,February,0,350,159336,159686,0.0,296.0,3509.0,3509.0,2022-02-01,45.50755200911941,26.223048419322385,1.7354028136403579,False
848210,Canada,"Pembina, ND",2022,March,0,721,301339,302060,0.0,293.0,8603.0,8603.0,2022-03-01,35.11100778798094,26.223048419322385,1.338936923981328,False
848210,Canada,"Pembina, ND",2022,April,394,343,191789,192526,0.0,213.0,9243.0,9243.0,2022-04-01,20.829384399004653,25.35530984278461,0.8214998960043115,False
848210,Canada,"Pembina, ND",2022,May,0,374,140936,141310,0.0,296.0,3328.0,3328.0,2022-05-01,42.4609375,27.5752838833076,1.5398186897979054,False
848210,Canada,"Pembina, ND",2022,June,4125,540,540878,545543,0.0,1990.0,18058.0,18058.0,2022-06-01,30.21059918041865,28.363131648422904,1.0651362323066491,False
848210,Canada,"Pembina, ND",2022,July,0,301,232903,233204,0.0,897.0,9180.0,9180.0,2022-07-01,25.403485838779957,28.363131648422904,0.89565165630053,False
848210,Canada,"Pembina, ND",2022,August,0,641,327424,328065,0.0,1036.0,12554.0,12554.0,2022-08-01,26.1323084275928,29.22391307820087,0.8942097643688174,False
848210,Canada,"Pembina, ND",2022,September,2230,301,279158,281689,0.0,1409.0,11237.0,11237.0,2022-09-01,25.067989676960043,30.269076413599546,0.828171607697197,False
848210,Canada,"Pembina, ND",2022,October,0,561,514257,514818,0.0,1643.0,19044.0,19044.0,2022-10-01,27.033081285444233,30.269076413599546,0.8930923730893415,False
848210,Canada,"Pembina, ND",2022,November,287,392,201050,201729,0.0,568.0,7902.0,7902.0,2022-11-01,25.528853454821565,30.269076413599546,0.8433971722821297,False
848210,Canada,"Pembina, ND",2022,December,0,636,425488,426124,0.0,1178.0,16577.0,16577.0,2022-12-01,25.705736864330095,30.055917573906594,0.8552637530070564,False
848210,Canada,"Pembina, ND",2023,January,0,570,363972,364542,0.0,1790.0,14997.0,14997.0,2023-01-01,24.30766153230646,27.78076093955598,0.8749818475164839,False
848210,Canada,"Pembina, ND",2023,February,584,957,481487,483028,0.0,686.0,15981.0,15981.0,2023-02-01,30.2251423565484,26.222212188380812,1.1526541749952472,False
848210,Canada,"Pembina, ND",2023,March,0,821,381422,382243,0.0,3149.0,19304.0,19304.0,2023-03-01,19.80123290509739,27.5791662968189,0.7179779363882131,False
848210,Canada,"Pembina, ND",2023,April,212,985,314335,315532,0.0,1125.0,12768.0,12768.0,2023-04-01,24.712719298245613,27.5791662968189,0.8960647697713794,False
848210,Canada,"Pembina, ND",2023,May,0,1337,541342,542679,0.0,7358.0,21918.0,21918.0,2023-05-01,24.75951272926362,29.271571193842423,0.8458552691039707,False
848210,Canada,"Pembina, ND",2023,June,4731,1039,310021,315791,0.0,1416.0,13209.0,13209.0,2023-06-01,23.90726020137785,29.271571193842423,0.8167399024486593,False
848210,Canada,"Pembina, ND",2023,July,4731,1072,449840,455643,0.0,1470.0,20002.0,20002.0,2023-07-01,22.77987201279872,27.85799269471869,0.8177140493369905,False
848210,Canada,"Pembina, ND",2023,August,0,864,246928,247792,0.0,399.0,9637.0,9637.0,2023-08-01,25.712566151291895,27.85799269471869,0.9229870376183449,False
848210,Canada,"Pembina, ND",2023,September,0,895,429000,429895,0.0,405.0,10018.0,10018.0,2023-09-01,42.912257935715715,27.886812317146102,1.5388011167318423,False
848210,Canada,"Pembina, ND",2023,October,0,347,87886,88233,0.0,95.0,2821.0,2821.0,2023-10-01,31.27720666430344,27.886812317146102,1.1215769772679527,False
848210,Canada,"Pembina, ND",2023,November,752,356,152740,153848,0.0,2210.0,5305.0,5305.0,2023-11-01,29.000565504241283,29.832204170726364,0.972122788456203,False
848210,Canada,"Pembina, ND",2023,December,0,702,196561,197263,0.0,348.0,6038.0,6038.0,2023-12-01,32.670255051341506,26.759430097572913,1.2208875500044638,False
848210,Canada,"Pembina, ND",2024,January,303,954,331522,332779,0.0,801.0,8945.0,8945.0,2024-01-01,37.20279485746227,26.912913962014667,1.3823399023223912,False
848210,Canada,"Pembina, ND",2024,February,6410,2222,180084,188716,0.0,13093.0,7891.0,7891.0,2024-02-01,23.91534659738943,26.912913962014667,0.8886197396218019,False
848210,Canada,"Pembina, ND",2024,March,209,835,197764,198808,0.0,261.0,4206.0,4206.0,2024-03-01,47.267712791250595,35.08136336948797,1.3473738832043716,False
848210,Canada,"Pembina, ND",2024,April,426,432,102605,103463,0.0,324.0,2919.0,2919.0,2024-04-01,35.444672833162045,35.64690975151301,0.9943266633837067,False
848210,Canada,"Pembina, ND",2024,May,964,706,88533,90203,0.0,156.0,2077.0,2077.0,2024-05-01,43.42946557534906,35.64690975151301,1.2183234361151245,False
848210,Canada,"Pembina, ND",2024,June,1311,935,246866,249112,0.0,878.0,9650.0,9650.0,2024-06-01,25.814715025906736,32.530915744390256,0.7935440621697935,False
848210,Canada,"Pembina, ND",2024,July,0,655,92492,93147,0.0,126.0,3144.0,3144.0,2024-07-01,29.626908396946565,31.197947357712856,0.9496428741688387,False
848210,Canada,"Pembina, ND",2024,August,343,333,72832,73508,0.0,121.0,2988.0,2988.0,2024-08-01,24.60107095046854,27.821181040651513,0.8842568873881436,False
848210,Canada,"Pembina, ND",2024,September,0,796,157612,158408,0.0,1407.0,6070.0,6070.0,2024-09-01,26.096869851729817,27.821181040651513,0.9380216394695041,False
848210,Canada,"Pembina, ND",2024,October,758,713,165463,166934,0.0,1174.0,5212.0,5212.0,2024-10-01,32.0287797390637,41.705588213343404,0.7679733366958321,False
848210,Canada,"Pembina, ND",2024,November,0,546,130838,131384,0.0,655.0,5411.0,5411.0,2024-11-01,24.28090925891702,42.4831059430653,0.5715427043271656,False
848210,Canada,"Pembina, ND",2024,December,0,318,97296,97614,0.0,565.0,5731.0,5731.0,2024-12-01,17.032629558541267,42.4831059430653,0.4009271257465952,False
848210,Canada,"Pembina, ND",2025,January,1463,2187,134518,138168,0.0,203.0,4029.0,4029.0,2025-01-01,34.2933730454207,37.45238395507016,0.9156526080305282,False
848210,Canada,"Pembina, ND",2025,February,0,171,95499,95670,0.0,120.0,3951.0,3951.0,2025-02-01,24.214123006833713,35.892259757297474,0.6746335608448446,False
848210,Canada,"Pembina, ND",2025,March,11442,804,178880,191126,0.0,1550.0,4914.0,4914.0,2025-03-01,38.89417989417989,37.45238395507016,1.0384967734187331,False
848210,Canada,"Pembina, ND",2025,April,2245,818,150554,153617,0.0,1194.0,5469.0,5469.0,2025-04-01,28.08868166026696,35.99807689514431,0.7802828396106841,False
848210,Canada,"Pembina, ND",2025,May,1527,571,145292,147390,0.0,701.0,4574.0,4574.0,2025-05-01,32.22343681679055,39.89238288746703,0.8077591380712977,False
848210,Canada,"Pembina, ND",2025,June,2025,1378,206142,209545,0.0,226.0,5332.0,5332.0,2025-06-01,39.299512378094526,37.30480618641108,1.0534704880040378,False
848210,Canada,"Pembina, ND",2025,July,0,1827,235593,237420,0.0,209.0,4661.0,4661.0,2025-07-01,50.93756704569835,39.89238288746703,1.2768745148513398,False
848210,Canada,"Pembina, ND",2025,August,0,593,161746,162339,0.0,229.0,5498.0,5498.0,2025-08-01,29.52691887959258,43.22583329982711,0.683085012492071,False
848210,Canada,"Pembina, ND",2025,September,3472,627,66325,70424,0.0,162.0,1117.0,1117.0,2025-09-01,63.04744852282901,43.22583329982711,1.4585594703406488,False
848210,Canada,"Pembina, ND",2025,October,2178,97,29270,31545,0.0,47.0,961.0,961.0,2025-10-01,32.825182101977106,35.91517893559251,0.9139640418009121,False
848210,Canada,"Pembina, ND",2025,November,23297,584,200950,224831,0.0,605.0,14256.0,14256.0,2025-11-01,15.770973625140291,35.91517893559251,0.43911722264902897,False
848210,Canada,"Pembina, ND",2025,December,18187,380,151297,169864,0.0,438.0,12346.0,12346.0,2025-12-01,13.758626275716832,38.379609480134796,0.3584879174666503,False
848210,Canada,"Pembina, ND",2026,January,14450,552,136584,151586,0.0,425.0,6932.0,6932.0,2026-01-01,21.867570686670515,38.379609480134796,0.5697705365654938,False
848210,Canada,"Pembina, ND",2026,February,6022,505,125592,132119,0.0,416.0,10120.0,10120.0,2026-02-01,13.055237154150198,36.78942783731278,0.3548638269636051,False
848210,Canada,"Pembina, ND",2026,March,16433,1027,224506,241966,0.0,573.0,4992.0,4992.0,2026-03-01,48.470753205128204,36.78942783731278,1.3175185387354116,False
848210,Canada,"Pembina, ND",2026,April,65988,1119,371026,438133,0.0,488.0,11299.0,11299.0,2026-04-01,38.776263386140364,40.76351520479618,0.9512492529490686,False
848210,Canada,"Pembina, ND",2026,May,51731,1221,396135,449087,0.0,672.0,10483.0,10483.0,2026-05-01,42.839549747209766,45.11041538569305,0.9496598375548654,False
848210,Canada,"Pembina, ND",2026,June,66613,1235,348219,416067,0.0,414.0,11905.0,11905.0,2026-06-01,34.94892902141957,49.65069419310124,0.7038960801936901,False
848210,Canada,"Philadelphia, PA",2024,April,236,107,2619,2962,0.0,10.0,1.0,1.0,2024-04-01,2962.0,35.64690975151301,83.09275672554702,True
848210,Canada,"Portland, ME",2022,November,120,80,5000,5200,0.0,2.0,1.0,1.0,2022-11-01,5200.0,30.269076413599546,171.79248976568377,True
848210,Canada,"Portland, ME",2025,November,3657,214,3890,7761,0.0,10.0,35.0,35.0,2025-11-01,221.74285714285713,35.91517893559251,6.174070788858202,True
848210,Canada,"San Francisco, CA",2023,March,3380,188,37550,41118,0.0,1565.0,20.0,20.0,2023-03-01,2055.9,27.5791662968189,74.54540060687536,True
848210,Canada,"San Francisco, CA",2023,April,2903,161,32259,35323,0.0,1344.0,20.0,20.0,2023-04-01,1766.15,27.5791662968189,64.03928171692831,True
848210,Canada,"San Francisco, CA",2023,August,1751,61,19450,21262,0.0,810.0,9.0,9.0,2023-08-01,2362.4444444444443,27.85799269471869,84.8031109180496,True
848210,Canada,"San Francisco, CA",2024,July,296,450,3292,4038,0.0,2.0,1.0,1.0,2024-07-01,4038.0,31.197947357712856,129.43159220382853,True
848210,Canada,"San Francisco, CA",2025,January,1009,80,11209,12298,0.0,2078.0,1104.0,1104.0,2025-01-01,11.139492753623188,37.45238395507016,0.297430806193451,True
848210,Canada,"San Francisco, CA",2025,April,0,120,20420,20540,0.0,402.0,1.0,1.0,2025-04-01,20540.0,35.99807689514431,570.5860360215684,True
848210,Canada,"San Francisco, CA",2025,May,0,199,20420,20619,0.0,402.0,1.0,1.0,2025-05-01,20619.0,39.89238288746703,516.8655895578968,True
848210,Canada,"San Francisco, CA",2025,June,20618,1190,139830,161638,0.0,2251.0,64.0,64.0,2025-06-01,2525.59375,37.30480618641108,67.70156470937494,True
848210,Canada,"San Francisco, CA",2025,July,0,163,13064,13227,0.0,184.0,1.0,1.0,2025-07-01,13227.0,39.89238288746703,331.5670572327611,True
848210,Canada,"San Francisco, CA",2025,August,3564,1355,139205,144124,0.0,1649.0,69.0,69.0,2025-08-01,2088.753623188406,43.22583329982711,48.32188216477392,True
848210,Canada,"San Francisco, CA",2025,September,0,582,59493,60075,0.0,705.0,51.0,51.0,2025-09-01,1177.9411764705883,43.22583329982711,27.250861037196007,True
848210,Canada,"San Francisco, CA",2025,October,0,199,20420,20619,0.0,228.0,17.0,17.0,2025-10-01,1212.8823529411766,35.91517893559251,33.77074509683679,True
848210,Canada,"San Francisco, CA",2025,November,1838,199,20420,22457,0.0,228.0,9.0,9.0,2025-11-01,2495.222222222222,35.91517893559251,69.47542226357719,True
848210,Canada,"San Francisco, CA",2026,January,5402,784,80435,86621,0.0,897.0,38.0,38.0,2026-01-01,2279.5,38.379609480134796,59.3935173097544,True
848210,Canada,"San Francisco, CA",2026,February,1838,199,20420,22457,0.0,248.0,9.0,9.0,2026-02-01,2495.222222222222,36.78942783731278,67.82443677179192,True
848210,Canada,"San Francisco, CA",2026,April,0,415,45535,45950,0.0,553.0,20.0,20.0,2026-04-01,2297.5,40.76351520479618,56.36167510229048,True
848210,Canada,"San Francisco, CA",2026,May,0,1648,177631,179279,0.0,2154.0,81.0,81.0,2026-05-01,2213.320987654321,45.11041538569305,49.064522433022965,True
848210,Canada,"San Francisco, CA",2026,June,0,895,96224,97119,0.0,1128.0,46.0,46.0,2026-06-01,2111.282608695652,49.65069419310124,42.522720840205416,True
848210,Canada,"Savannah, GA",2022,January,291,32,3232,3555,0.0,56.0,49.0,49.0,2022-01-01,72.55102040816327,27.018727902421546,2.6852122968254513,False
848210,Canada,"Savannah, GA",2022,May,6576,292,73060,79928,0.0,599.0,56.0,56.0,2022-05-01,1427.2857142857142,27.5752838833076,51.75960183494997,True
848210,Canada,"Savannah, GA",2022,June,1556,218,43556,45330,0.0,728.0,102.0,102.0,2022-06-01,444.4117647058824,28.363131648422904,15.66864231406525,True
848210,Canada,"Savannah, GA",2022,July,883,45,9810,10738,0.0,6.0,2.0,2.0,2022-07-01,5369.0,28.363131648422904,189.29503506706519,True
848210,Canada,"Savannah, GA",2022,November,3764,29,41825,45618,0.0,25.0,5.0,5.0,2022-11-01,9123.6,30.269076413599546,301.41653069734474,True
848210,Canada,"Savannah, GA",2022,December,0,297,2217,2514,0.0,1.0,1.0,1.0,2022-12-01,2514.0,30.055917573906594,83.64409417274152,True
848210,Canada,"Savannah, GA",2023,March,1355,16,15057,16428,0.0,9.0,6.0,6.0,2023-03-01,2738.0,27.5791662968189,99.27783786255398,True
848210,Canada,"Savannah, GA",2023,April,326,37,3619,3982,0.0,1.0,3.0,3.0,2023-04-01,1327.3333333333333,27.5791662968189,48.128116675029204,True
848210,Canada,"Savannah, GA",2023,June,1629,368,51574,53571,0.0,45.0,35.0,35.0,2023-06-01,1530.6,29.271571193842423,52.28964273438036,True
848210,Canada,"Savannah, GA",2023,August,326,3,3619,3948,0.0,1.0,5.0,5.0,2023-08-01,789.6,27.85799269471869,28.34375070209894,True
848210,Canada,"Savannah, GA",2023,September,417,54,4617,5088,0.0,3.0,3.0,3.0,2023-09-01,1696.0,27.886812317146102,60.81727738229947,True
848210,Canada,"Savannah, GA",2023,October,4398,313,89464,94175,0.0,2048.0,65.0,65.0,2023-10-01,1448.8461538461538,27.886812317146102,51.95452737189816,True
848210,Canada,"Savannah, GA",2023,November,2720,151,30221,33092,0.0,1259.0,9.0,9.0,2023-11-01,3676.8888888888887,29.832204170726364,123.25233723416699,True
848210,Canada,"Savannah, GA",2023,December,4405,182,48940,53527,0.0,2039.0,7.0,7.0,2023-12-01,7646.714285714285,26.759430097572913,285.7577406481405,True
848210,Canada,"Savannah, GA",2024,February,3257,150,36193,39600,0.0,10.0,20.0,20.0,2024-02-01,1980.0,26.912913962014667,73.57062868757373,True
848210,Canada,"Savannah, GA",2024,March,2672,147,29691,32510,0.0,752.0,13.0,13.0,2024-03-01,2500.769230769231,35.08136336948797,71.2848358950689,True
848210,Canada,"Savannah, GA",2024,April,0,77,6926,7003,0.0,2.0,1.0,1.0,2024-04-01,7003.0,35.64690975151301,196.45461693079196,True
848210,Canada,"Savannah, GA",2024,May,756,41,8395,9192,0.0,16.0,5.0,5.0,2024-05-01,1838.4,35.64690975151301,51.57249289812479,True
848210,Canada,"Savannah, GA",2024,June,1757,211,36530,38498,0.0,9.0,17.0,17.0,2024-06-01,2264.5882352941176,32.530915744390256,69.61341798945918,True
848210,Canada,"Savannah, GA",2024,July,278,16,3078,3372,0.0,2.0,2.0,2.0,2024-07-01,1686.0,31.197947357712856,54.04201695286154,True
848210,Canada,"Savannah, GA",2024,August,844,75,9380,10299,0.0,5.0,1.0,1.0,2024-08-01,10299.0,27.821181040651513,370.1855785687673,True
848210,Canada,"Savannah, GA",2024,September,6086,428,67622,74136,0.0,2520.0,28.0,28.0,2024-09-01,2647.714285714286,27.821181040651513,95.16901104397837,True
848210,Canada,"Savannah, GA",2024,October,2127,931,23629,26687,0.0,9.0,9.0,9.0,2024-10-01,2965.222222222222,41.705588213343404,71.09891861622324,True
848210,Canada,"Savannah, GA",2024,November,3279,161,36432,39872,0.0,11.0,17.0,17.0,2024-11-01,2345.4117647058824,42.4831059430653,55.20810478991671,True
848210,Canada,"Savannah, GA",2024,December,3702,1683,41142,46527,0.0,21.0,20.0,20.0,2024-12-01,2326.35,42.4831059430653,54.75941432148843,True
848210,Canada,"Savannah, GA",2025,January,194,139,2154,2487,0.0,1.0,1.0,1.0,2025-01-01,2487.0,37.45238395507016,66.40431762590961,True
848210,Canada,"Savannah, GA",2025,March,1162,201,3418,4781,0.0,2.0,2.0,2.0,2025-03-01,2390.5,37.45238395507016,63.82771261951626,True
848210,Canada,"Savannah, GA",2025,April,1352,436,47491,49279,0.0,810.0,11.0,11.0,2025-04-01,4479.909090909091,35.99807689514431,124.44856718202563,True
848210,Canada,"Savannah, GA",2025,May,0,762,79190,79952,0.0,1560.0,40.0,40.0,2025-05-01,1998.8,39.89238288746703,50.104803356531555,True
848210,Canada,"Savannah, GA",2025,June,8105,932,73292,82329,0.0,993.0,9.0,9.0,2025-06-01,9147.666666666666,37.30480618641108,245.21415875895536,True
848210,Canada,"Savannah, GA",2025,July,1663,166,11072,12901,0.0,6.0,6.0,6.0,2025-07-01,2150.1666666666665,39.89238288746703,53.89917851566052,True
848210,Canada,"Savannah, GA",2025,August,0,535,40140,40675,0.0,476.0,29.0,29.0,2025-08-01,1402.5862068965516,43.22583329982711,32.447869707167946,True
848210,Canada,"Savannah, GA",2025,September,339,784,70421,71544,0.0,716.0,56.0,56.0,2025-09-01,1277.5714285714287,43.22583329982711,29.555738572113047,True
848210,Canada,"Savannah, GA",2025,October,412,510,62079,63001,0.0,569.0,24.0,24.0,2025-10-01,2625.0416666666665,35.91517893559251,73.09003447746181,True
848210,Canada,"Savannah, GA",2025,November,1475,132,8721,10328,0.0,4.0,4.0,4.0,2025-11-01,2582.0,35.91517893559251,71.89160896651408,True
848210,Canada,"Savannah, GA",2025,December,1736,380,27438,29554,0.0,152.0,13.0,13.0,2025-12-01,2273.3846153846152,38.379609480134796,59.23417789233406,True
848210,Canada,"Savannah, GA",2026,January,195,91,4344,4630,0.0,2.0,4.0,4.0,2026-01-01,1157.5,38.379609480134796,30.159243819276472,True
848210,Canada,"Savannah, GA",2026,February,1605,95,9594,11294,0.0,3.0,3.0,3.0,2026-02-01,3764.6666666666665,36.78942783731278,102.33012275468023,True
848210,Canada,"Savannah, GA",2026,March,0,140,13087,13227,0.0,5.0,13.0,13.0,2026-03-01,1017.4615384615385,36.78942783731278,27.656356683797156,True
848210,Canada,"Savannah, GA",2026,April,17436,1183,122958,141577,0.0,1395.0,53.0,53.0,2026-04-01,2671.264150943396,40.76351520479618,65.53076047350055,True
848210,Canada,"Savannah, GA",2026,May,403,648,53317,54368,0.0,572.0,26.0,26.0,2026-05-01,2091.076923076923,45.11041538569305,46.3546368438034,True
848210,Canada,"Savannah, GA",2026,June,41110,2304,322902,366316,0.0,3297.0,759.0,759.0,2026-06-01,482.6297760210804,49.65069419310124,9.720504090920441,True
848210,Canada,"Seattle, WA",2022,March,1455,854,22853,25162,0.0,326.0,117.0,117.0,2022-03-01,215.05982905982907,26.223048419322385,8.20117576038043,True
848210,Canada,"Seattle, WA",2022,April,2153,516,38010,40679,0.0,4390.0,1351.0,1351.0,2022-04-01,30.110288675055514,25.35530984278461,1.18753384840312,False
848210,Canada,"Seattle, WA",2022,May,1171,839,19091,21101,0.0,2135.0,852.0,852.0,2022-05-01,24.766431924882628,27.5752838833076,0.8981387836182794,False
848210,Canada,"Seattle, WA",2022,June,441,378,4896,5715,0.0,2.0,2.0,2.0,2022-06-01,2857.5,28.363131648422904,100.74698504454065,True
848210,Canada,"Seattle, WA",2022,July,888,351,9858,11097,0.0,4.0,3.0,3.0,2022-07-01,3699.0,28.363131648422904,130.41578221513765,True
848210,Canada,"Seattle, WA",2022,August,2736,885,30413,34034,0.0,5563.0,992.0,992.0,2022-08-01,34.30846774193548,29.22391307820087,1.1739861000177747,False
848210,Canada,"Seattle, WA",2022,September,1413,697,18395,20505,0.0,2071.0,407.0,407.0,2022-09-01,50.38083538083538,30.269076413599546,1.664432528182454,False
848210,Canada,"Seattle, WA",2022,October,751,1173,8344,10268,0.0,3.0,2.0,2.0,2022-10-01,5134.0,30.269076413599546,169.6120466263501,True
848210,Canada,"Seattle, WA",2023,January,1218,927,44373,46518,0.0,134.0,386.0,386.0,2023-01-01,120.51295336787565,27.78076093955598,4.338000446786963,True
848210,Canada,"Seattle, WA",2023,February,0,1,4592,4593,0.0,1.0,1.0,1.0,2023-02-01,4593.0,26.222212188380812,175.15684668417032,True
848210,Canada,"Seattle, WA",2023,March,807,564,12420,13791,0.0,3.0,11.0,11.0,2023-03-01,1253.7272727272727,27.5791662968189,45.45921581653768,True
848210,Canada,"Seattle, WA",2023,May,877,399,26731,28007,0.0,1306.0,197.0,197.0,2023-05-01,142.16751269035532,29.271571193842423,4.8568459734837095,True
848210,Canada,"Seattle, WA",2023,June,0,61,2100,2161,0.0,4.0,1.0,1.0,2023-06-01,2161.0,29.271571193842423,73.82589700052003,True
848210,Canada,"Seattle, WA",2023,July,497,513,65521,66531,0.0,22.0,12.0,12.0,2023-07-01,5544.25,27.85799269471869,199.01828752547118,True
848210,Canada,"Seattle, WA",2023,August,1524,665,16933,19122,0.0,3387.0,519.0,519.0,2023-08-01,36.84393063583815,27.85799269471869,1.3225622908151244,False
848210,Canada,"Seattle, WA",2023,September,994,1560,14593,17147,0.0,5.0,78.0,78.0,2023-09-01,219.83333333333334,27.886812317146102,7.883057082080681,True
848210,Canada,"Seattle, WA",2023,October,0,5,7058,7063,0.0,2.0,78.0,78.0,2023-10-01,90.55128205128206,27.886812317146102,3.247100494006873,True
848210,Canada,"Seattle, WA",2023,November,19999,1710,229810,251519,0.0,2751.0,541.0,541.0,2023-11-01,464.91497227356746,29.832204170726364,15.584331939165846,True
848210,Canada,"Seattle, WA",2023,December,5510,797,61221,67528,0.0,28.0,14.0,14.0,2023-12-01,4823.428571428572,26.759430097572913,180.25154324441527,True
848210,Canada,"Seattle, WA",2024,January,9510,1007,105667,116184,0.0,6759.0,1232.0,1232.0,2024-01-01,94.3051948051948,26.912913962014667,3.504087106223381,True
848210,Canada,"Seattle, WA",2024,February,1239,865,18728,20832,0.0,2758.0,514.0,514.0,2024-02-01,40.52918287937743,26.912913962014667,1.505938113449216,False
848210,Canada,"Seattle, WA",2024,March,16447,2237,185352,204036,0.0,200.0,124.0,124.0,2024-03-01,1645.4516129032259,35.08136336948797,46.90386732045763,True
848210,Canada,"Seattle, WA",2024,April,3734,461,43741,47936,0.0,30.0,30.0,30.0,2024-04-01,1597.8666666666666,35.64690975151301,44.82482991667591,True
848210,Canada,"Seattle, WA",2024,May,12614,832,142352,155798,0.0,8591.0,1344.0,1344.0,2024-05-01,115.92113095238095,35.64690975151301,3.2519265136990105,True
848210,Canada,"Seattle, WA",2024,June,11704,915,153585,166204,0.0,1632.0,2744.0,2744.0,2024-06-01,60.56997084548105,32.530915744390256,1.8619202521504776,False
848210,Canada,"Seattle, WA",2024,July,12429,1745,138106,152280,0.0,5890.0,1075.0,1075.0,2024-07-01,141.65581395348838,31.197947357712856,4.540549169125634,True
848210,Canada,"Seattle, WA",2024,August,5194,518,57695,63407,0.0,38.0,25.0,25.0,2024-08-01,2536.28,27.821181040651513,91.16363522792439,True
848210,Canada,"Seattle, WA",2024,September,2059,299,35190,37548,0.0,21.0,16.0,16.0,2024-09-01,2346.75,27.821181040651513,84.35119977728465,True
848210,Canada,"Seattle, WA",2024,October,5959,1618,72218,79795,0.0,46.0,129.0,129.0,2024-10-01,618.5658914728682,41.705588213343404,14.831726825398484,True
848210,Canada,"Seattle, WA",2024,November,8909,2175,101338,112422,0.0,11824.0,4646.0,4646.0,2024-11-01,24.197589324149806,42.4831059430653,0.5695814556633114,False
848210,Canada,"Seattle, WA",2024,December,13617,1662,154467,169746,0.0,2107.0,599.0,599.0,2024-12-01,283.3823038397329,42.4831059430653,6.6704704740636,True
848210,Canada,"Seattle, WA",2025,January,8120,264,94013,102397,0.0,3655.0,1220.0,1220.0,2025-01-01,83.93196721311476,37.45238395507016,2.2410313670233633,False
848210,Canada,"Seattle, WA",2025,February,7671,156,87624,95451,0.0,52.0,29.0,29.0,2025-02-01,3291.4137931034484,35.892259757297474,91.70260706235558,True
848210,Canada,"Seattle, WA",2025,March,11001,1251,205822,218074,0.0,4759.0,640.0,640.0,2025-03-01,340.740625,37.45238395507016,9.09796891457618,True
848210,Canada,"Seattle, WA",2025,April,0,790,102839,103629,0.0,58.0,52.0,52.0,2025-04-01,1992.8653846153845,35.99807689514431,55.36032912036468,True
848210,Canada,"Seattle, WA",2025,May,0,153,17648,17801,0.0,2.0,3.0,3.0,2025-05-01,5933.666666666667,39.89238288746703,148.74184586578917,True
848210,Canada,"Seattle, WA",2025,June,0,784,117211,117995,0.0,1801.0,771.0,771.0,2025-06-01,153.041504539559,37.30480618641108,4.102460786816982,True
848210,Canada,"Seattle, WA",2025,July,3629,1295,66880,71804,0.0,40.0,33.0,33.0,2025-07-01,2175.878787878788,39.89238288746703,54.54371562653338,True
848210,Canada,"Seattle, WA",2025,August,0,791,147905,148696,0.0,1447.0,597.0,597.0,2025-08-01,249.07202680067002,43.22583329982711,5.762110473915751,True
848210,Canada,"Seattle, WA",2025,September,16261,342,75160,91763,0.0,1331.0,2237.0,2237.0,2025-09-01,41.020563254358514,43.22583329982711,0.9489825903373061,False
848210,Canada,"Seattle, WA",2025,October,11657,293,56831,68781,0.0,2103.0,1038.0,1038.0,2025-10-01,66.26300578034682,35.91517893559251,1.8449860962457614,False
848210,Canada,"Seattle, WA",2025,November,14262,910,60334,75506,0.0,40.0,26.0,26.0,2025-11-01,2904.076923076923,35.91517893559251,80.85931935031896,True
848210,Canada,"Seattle, WA",2025,December,52159,1275,143917,197351,0.0,208.0,271.0,271.0,2025-12-01,728.2324723247233,38.379609480134796,18.974462799097914,True
848210,Canada,"Seattle, WA",2026,January,51624,1066,111079,163769,0.0,79.0,368.0,368.0,2026-01-01,445.0244565217391,38.379609480134796,11.595335714712856,True
848210,Canada,"Seattle, WA",2026,February,5123,850,41803,47776,0.0,1069.0,659.0,659.0,2026-02-01,72.49772382397572,36.78942783731278,1.9706129745906695,False
848210,Canada,"Seattle, WA",2026,March,7710,721,46432,54863,0.0,1590.0,3059.0,3059.0,2026-03-01,17.934946060804183,36.78942783731278,0.487502717903487,False
848210,Canada,"Seattle, WA",2026,April,10974,985,48545,60504,0.0,33.0,24.0,24.0,2026-04-01,2521.0,40.76351520479618,61.84451923084844,True
848210,Canada,"Seattle, WA",2026,May,8732,1623,37824,48179,0.0,20.0,10.0,10.0,2026-05-01,4817.9,45.11041538569305,106.80238607441456,True
848210,Canada,"Seattle, WA",2026,June,40792,2640,167127,210559,0.0,66.0,122.0,122.0,2026-06-01,1725.8934426229507,49.65069419310124,34.76071121806705,True
848210,Canada,"St. Albans, VT",2022,March,0,489,97734,98223,0.0,26.0,212.0,212.0,2022-03-01,463.3160377358491,26.223048419322385,17.6682752640786,True
848210,Canada,"St. Albans, VT",2022,June,0,188,54693,54881,0.0,35.0,110.0,110.0,2022-06-01,498.91818181818184,28.363131648422904,17.590377113590826,True
848210,Canada,"St. Albans, VT",2023,January,0,125,8798,8923,0.0,2.0,101.0,101.0,2023-01-01,88.34653465346534,27.78076093955598,3.1801337208035956,True
848210,Canada,"St. Albans, VT",2023,April,0,55,307477,307532,0.0,54.0,1053.0,1053.0,2023-04-01,292.0531813865147,27.5791662968189,10.58963052919411,True
848210,Canada,"St. Albans, VT",2023,September,0,874,174843,175717,0.0,42.0,259.0,259.0,2023-09-01,678.4440154440155,27.886812317146102,24.328489313455044,True
848210,Canada,"St. Albans, VT",2023,October,0,150,2400,2550,0.0,2.0,1.0,1.0,2023-10-01,2550.0,27.886812317146102,91.44107153588659,True
848210,Canada,"St. Albans, VT",2023,December,242,1500,2688,4430,0.0,4.0,1.0,1.0,2023-12-01,4430.0,26.759430097572913,165.54911610026411,True
848210,Canada,"St. Albans, VT",2024,May,1984,2204,22040,26228,0.0,1160.0,125.0,125.0,2024-05-01,209.824,35.64690975151301,5.886176430513564,True
848210,Canada,"St. Albans, VT",2024,July,0,55,4342,4397,0.0,1.0,1.0,1.0,2024-07-01,4397.0,31.197947357712856,140.93875951466916,True
848210,Canada,"St. Albans, VT",2024,September,0,262,52449,52711,0.0,9.0,176.0,176.0,2024-09-01,299.4943181818182,27.821181040651513,10.764974993125046,True
848210,Canada,"St. Albans, VT",2024,December,1294,146,14374,15814,0.0,1.0,3.0,3.0,2024-12-01,5271.333333333333,42.4831059430653,124.08069552159935,True
848210,Canada,"St. Albans, VT",2025,February,438,4,4864,5306,0.0,10.0,2.0,2.0,2025-02-01,2653.0,35.892259757297474,73.9156580817011,True
848210,Canada,"St. Albans, VT",2025,October,0,55,8988,9043,0.0,2.0,18.0,18.0,2025-10-01,502.3888888888889,35.91517893559251,13.988205092610958,True
848210,Canada,"St. Albans, VT",2025,December,0,458,91281,91739,0.0,20.0,161.0,161.0,2025-12-01,569.8074534161491,38.379609480134796,14.84661936727314,True
848210,Canada,"St. Albans, VT",2026,February,0,27,5285,5312,0.0,2.0,6.0,6.0,2026-02-01,885.3333333333334,36.78942783731278,24.064884543689633,True
848210,Canada,"St. Albans, VT",2026,April,10415,74,41661,52150,0.0,1.0,3.0,3.0,2026-04-01,17383.333333333332,40.76351520479618,426.44343222117493,True
848210,Canada,"St. Louis, MO",2025,May,1218,65,3583,4866,0.0,1.0,5.0,5.0,2025-05-01,973.2,39.89238288746703,24.395634694104718,True
848210,Canada,"St. Louis, MO",2025,September,2181,65,3697,5943,0.0,1.0,3.0,3.0,2025-09-01,1981.0,43.22583329982711,45.82907601246691,True
848210,Canada,"St. Louis, MO",2026,June,653,65,3439,4157,0.0,1.0,4.0,4.0,2026-06-01,1039.25,49.65069419310124,20.931227989646107,True
848210,Canada,"Tampa, FL",2023,April,533,37,5921,6491,0.0,1.0,6.0,6.0,2023-04-01,1081.8333333333333,27.5791662968189,39.226469781217304,True
848210,India,"Anchorage, AK",2026,April,1247,600,4550,6397,0.0,201.0,38.0,38.0,2026-04-01,168.3421052631579,17.952031470770606,9.377328996846487,True
848210,India,"Boston, MA",2023,April,376,1877,15657,17910,0.0,5874.0,1674.0,1674.0,2023-04-01,10.698924731182796,26.11538859139496,0.40967894058861903,False
848210,India,"Boston, MA",2025,January,710,447,7884,9041,0.0,126.0,85.0,85.0,2025-01-01,106.36470588235294,24.877655172413792,4.275511704989708,True
848210,India,"Boston, MA",2025,April,407,70,2124,2601,0.0,242.0,696.0,696.0,2025-04-01,3.7370689655172415,20.201037821644466,0.18499390964523355,True
848210,India,"Buffalo, NY",2024,September,1264,150,14045,15459,0.0,5300.0,1.0,1.0,2024-09-01,15459.0,19.575663390186097,789.7050379273526,True
848210,India,"Buffalo, NY",2024,December,169,150,7023,7342,0.0,2650.0,413.0,413.0,2024-12-01,17.777239709443098,17.140152576677565,1.0371692801400385,False
848210,India,"Buffalo, NY",2025,February,506,18,21068,21592,0.0,10600.0,1140.0,1140.0,2025-02-01,18.940350877192984,21.816645807259075,0.8681605341409054,False
848210,India,"Buffalo, NY",2025,December,2031,2,2418,4451,0.0,1.0,37.0,37.0,2025-12-01,120.29729729729729,19.756632433767113,6.088957604520231,True
848210,India,"Charleston, SC",2022,February,329,41,3655,4025,0.0,972.0,204.0,204.0,2022-02-01,19.730392156862745,22.770109322063497,0.8665040592380747,False
848210,India,"Charleston, SC",2022,June,4047,147,44970,49164,0.0,2335.0,2335.0,2335.0,2022-06-01,21.05524625267666,22.26537183615348,0.9456498821406668,False
848210,India,"Charleston, SC",2022,July,1125,65,12505,13695,0.0,436.0,579.0,579.0,2022-07-01,23.65284974093264,19.480781153130813,1.2141633107526246,False
848210,India,"Charleston, SC",2022,August,2129,165,23656,25950,0.0,10714.0,1127.0,1127.0,2022-08-01,23.02573203194321,27.230357262401537,0.8455905227411803,False
848210,India,"Charleston, SC",2023,March,919,262,10207,11388,0.0,990.0,955.0,955.0,2023-03-01,11.924607329842932,24.680945096039437,0.4831503527697762,False
848210,India,"Charleston, SC",2023,April,1302,207,14460,15969,0.0,444.0,661.0,661.0,2023-04-01,24.158850226928895,26.11538859139496,0.9250810165960637,False
848210,India,"Charleston, SC",2023,May,3923,755,43587,48265,0.0,1335.0,1848.0,1848.0,2023-05-01,26.117424242424242,26.11538859139496,1.0000779483338782,False
848210,India,"Charleston, SC",2023,June,748,381,8310,9439,0.0,246.0,348.0,348.0,2023-06-01,27.123563218390803,19.957918931421304,1.3590376487444324,False
848210,India,"Charleston, SC",2023,July,1250,188,13884,15322,0.0,411.0,561.0,561.0,2023-07-01,27.311942959001783,19.957918931421304,1.3684764956131006,False
848210,India,"Charleston, SC",2023,October,2636,652,29292,32580,0.0,1754.0,1263.0,1263.0,2023-10-01,25.795724465558195,20.92603306325999,1.2327097251340944,False
848210,India,"Charleston, SC",2023,November,10100,2098,112191,124389,0.0,26884.0,8483.0,8483.0,2023-11-01,14.663326653306614,22.7273002014775,0.6451855928032029,False
848210,India,"Charleston, SC",2023,December,14484,7916,160924,183324,0.0,24049.0,3527.0,3527.0,2023-12-01,51.977317833853135,20.271483262982233,2.564060910568342,False
848210,India,"Charleston, SC",2024,January,17226,6782,191438,215446,0.0,32607.0,7026.0,7026.0,2024-01-01,30.664104753771706,20.271483262982233,1.5126719814216774,False
848210,India,"Charleston, SC",2024,February,6607,1827,73435,81869,0.0,10162.0,2715.0,2715.0,2024-02-01,30.154327808471454,16.340052236273223,1.8454241989222022,False
848210,India,"Charleston, SC",2024,March,19743,12197,219225,251165,0.0,36879.0,48273.0,48273.0,2024-03-01,5.203012035713546,16.340052236273223,0.3184207712728971,True
848210,India,"Charleston, SC",2024,April,11829,6746,131448,150023,0.0,16019.0,4596.0,4596.0,2024-04-01,32.64208006962576,19.000171688556957,1.7179886900329844,False
848210,India,"Charleston, SC",2024,May,21451,404,238317,260172,0.0,24102.0,6085.0,6085.0,2024-05-01,42.756285949055055,19.00681925185669,2.249523467472254,False
848210,India,"Charleston, SC",2024,June,12191,119,135396,147706,0.0,26272.0,3124.0,3124.0,2024-06-01,47.28104993597951,19.00681925185669,2.4875834988203427,False
848210,India,"Charleston, SC",2024,July,40876,7752,455969,504597,0.0,119950.0,38156.0,38156.0,2024-07-01,13.224578048013418,19.00681925185669,0.6957807023245917,False
848210,India,"Charleston, SC",2024,August,27464,13907,305068,346439,0.0,74416.0,23104.0,23104.0,2024-08-01,14.994762811634349,18.806624862103003,0.7973128044814735,False
848210,India,"Charleston, SC",2024,September,26404,2561,293307,322272,0.0,64048.0,16856.0,16856.0,2024-09-01,19.119126720455625,19.575663390186097,0.9766783551274514,False
848210,India,"Charleston, SC",2024,October,15663,124,173956,189743,0.0,63208.0,7472.0,7472.0,2024-10-01,25.3938704496788,18.806624862103003,1.3502619760789547,False
848210,India,"Charleston, SC",2024,November,52707,6247,585553,644507,0.0,74931.0,57311.0,57311.0,2024-11-01,11.245781787091483,21.653458117615823,0.5193526930436417,False
848210,India,"Charleston, SC",2024,December,24642,4685,273832,303159,0.0,47032.0,7735.0,7735.0,2024-12-01,39.193148028442145,17.140152576677565,2.286627721259137,False
848210,India,"Charleston, SC",2025,January,21317,1368,236873,259558,0.0,39341.0,15157.0,15157.0,2025-01-01,17.124628884343867,24.877655172413792,0.6883538165338403,False
848210,India,"Charleston, SC",2025,February,43624,4423,484559,532606,0.0,44512.0,11898.0,11898.0,2025-02-01,44.764330139519245,21.816645807259075,2.0518429154964215,False
848210,India,"Charleston, SC",2025,March,38586,5178,428746,472510,0.0,79071.0,19812.0,19812.0,2025-03-01,23.849687058348476,21.816645807259075,1.0931876177965425,False
848210,India,"Charleston, SC",2025,April,43722,11913,494664,550299,0.0,90315.0,20416.0,20416.0,2025-04-01,26.95430054858934,20.201037821644466,1.334302761401153,False
848210,India,"Charleston, SC",2025,May,27605,1004,169265,197874,0.0,19742.0,8102.0,8102.0,2025-05-01,24.422858553443593,19.122754636372463,1.2771621567004818,False
848210,India,"Charleston, SC",2025,June,54430,3075,286864,344369,0.0,69042.0,12541.0,12541.0,2025-06-01,27.45945299417909,17.589318917429928,1.5611436192090684,False
848210,India,"Charleston, SC",2025,July,38360,2215,201916,242491,0.0,27069.0,10028.0,10028.0,2025-07-01,24.18139210211408,19.122754636372463,1.2645349774095742,False
848210,India,"Charleston, SC",2025,August,72236,4412,305596,382244,0.0,71572.0,13141.0,13141.0,2025-08-01,29.087892854425082,20.679670508451355,1.4065936322601202,False
848210,India,"Charleston, SC",2025,September,195642,7090,342117,544849,0.0,87016.0,16681.0,16681.0,2025-09-01,32.662849949043824,23.60797436810253,1.3835515677776922,False
848210,India,"Charleston, SC",2025,October,305883,7029,518437,831349,0.0,105389.0,22845.0,22845.0,2025-10-01,36.39085138980083,23.60797436810253,1.5414643722660784,False
848210,India,"Charleston, SC",2025,November,116518,2098,199941,318557,0.0,35493.0,15041.0,15041.0,2025-11-01,21.17924340136959,19.756632433767113,1.0720067538013724,False
848210,India,"Charleston, SC",2025,December,294685,3538,499473,797696,0.0,130581.0,31342.0,31342.0,2025-12-01,25.45134324548529,19.756632433767113,1.2882429903380215,False
848210,India,"Charleston, SC",2026,January,376955,679,638973,1016607,0.0,220667.0,50129.0,50129.0,2026-01-01,20.279818069380998,19.756632433767113,1.0264815189211942,False
848210,India,"Charleston, SC",2026,February,167854,177,297667,465698,0.0,47643.0,22470.0,22470.0,2026-02-01,20.725322652425458,18.409028818923872,1.1258237931118078,False
848210,India,"Charleston, SC",2026,March,274675,428,626643,901746,0.0,251039.0,42390.0,42390.0,2026-03-01,21.272611464968154,17.952031470770606,1.1849695952017518,False
848210,India,"Charleston, SC",2026,April,130503,1285,439076,570864,0.0,139827.0,23586.0,23586.0,2026-04-01,24.20351055711015,17.952031470770606,1.3482324045898741,False
848210,India,"Charleston, SC",2026,May,132142,510,407742,540394,0.0,93024.0,18882.0,18882.0,2026-05-01,28.619531829255376,21.28324157274191,1.3446979742930358,False
848210,India,"Charleston, SC",2026,June,234335,2179,760758,997272,0.0,266051.0,46420.0,46420.0,2026-06-01,21.48367083153813,26.783040048855483,0.8021371282852632,False
848210,India,"Chicago, IL",2022,January,25891,22093,289196,337180,0.0,31712.0,17010.0,17010.0,2022-01-01,19.822457378012935,23.868897390259903,0.8304722691590193,False
848210,India,"Chicago, IL",2022,February,4526,1941,50291,56758,0.0,2483.0,1351.0,1351.0,2022-02-01,42.011843079200595,22.770109322063497,1.8450435386576067,False
848210,India,"Chicago, IL",2022,March,6230,3286,69229,78745,0.0,19796.0,4359.0,4359.0,2022-03-01,18.064923147510896,22.167764095917043,0.8149185939252291,False
848210,India,"Chicago, IL",2022,April,21172,10859,235241,267272,0.0,20755.0,18039.0,18039.0,2022-04-01,14.816342369310938,22.167764095917043,0.6683733327909186,False
848210,India,"Chicago, IL",2022,May,24532,19073,272576,316181,0.0,27956.0,19589.0,19589.0,2022-05-01,16.140742253305426,20.1753531306555,0.8000227876448085,False
848210,India,"Chicago, IL",2022,June,28342,25058,314926,368326,0.0,29970.0,21169.0,21169.0,2022-06-01,17.399310312249042,22.26537183615348,0.781451593994799,False
848210,India,"Chicago, IL",2022,July,11089,20633,123204,154926,0.0,6147.0,4248.0,4248.0,2022-07-01,36.470338983050844,19.480781153130813,1.8721189205079485,False
848210,India,"Chicago, IL",2022,August,23587,19315,262097,304999,0.0,44478.0,16775.0,16775.0,2022-08-01,18.181758569299554,27.230357262401537,0.6677018003874711,False
848210,India,"Chicago, IL",2022,September,14958,10990,166210,192158,0.0,24215.0,9236.0,9236.0,2022-09-01,20.80532698137722,20.578102511572425,1.0110420516020373,False
848210,India,"Chicago, IL",2022,October,35549,20800,394990,451339,0.0,77414.0,31088.0,31088.0,2022-10-01,14.518109881626351,27.882891940024127,0.520681639223603,False
848210,India,"Chicago, IL",2022,November,6444,3854,71595,81893,0.0,2302.0,4758.0,4758.0,2022-11-01,17.211643547709123,24.95263130316315,0.6897726872406946,False
848210,India,"Chicago, IL",2022,December,14652,11742,167009,193403,0.0,13783.0,10333.0,10333.0,2022-12-01,18.71702312977838,25.779643344526733,0.7260388702682414,False
848210,India,"Chicago, IL",2023,January,12195,5192,138699,156086,0.0,11508.0,9633.0,9633.0,2023-01-01,16.203259628360843,24.95263130316315,0.6493607600536628,False
848210,India,"Chicago, IL",2023,February,10938,4039,121527,136504,0.0,2040.0,11634.0,11634.0,2023-02-01,11.73319580539797,24.680945096039437,0.47539491537869843,False
848210,India,"Chicago, IL",2023,March,11725,5608,130273,147606,0.0,29798.0,10597.0,10597.0,2023-03-01,13.929036519769745,24.680945096039437,0.5643639846678701,False
848210,India,"Chicago, IL",2023,April,5242,3000,58244,66486,0.0,37050.0,6918.0,6918.0,2023-04-01,9.610581092801388,26.11538859139496,0.36800452189970784,False
848210,India,"Chicago, IL",2023,May,15259,5332,169552,190143,0.0,14254.0,7694.0,7694.0,2023-05-01,24.71315310631661,26.11538859139496,0.9463061604398111,False
848210,India,"Chicago, IL",2023,June,29824,7918,331390,369132,0.0,38967.0,22675.0,22675.0,2023-06-01,16.27925027563396,19.957918931421304,0.8156787454429565,False
848210,India,"Chicago, IL",2023,July,18010,3912,203216,225138,0.0,4097.0,16758.0,16758.0,2023-07-01,13.434658073755818,19.957918931421304,0.67314924566632,False
848210,India,"Chicago, IL",2023,August,35549,8089,394998,438636,0.0,26679.0,8596.0,8596.0,2023-08-01,51.02791996277338,20.92603306325999,2.438489885231211,False
848210,India,"Chicago, IL",2023,September,39456,11616,438400,489472,0.0,88540.0,28985.0,28985.0,2023-09-01,16.887079523891668,22.7273002014775,0.7430306008275387,False
848210,India,"Chicago, IL",2023,October,6387,4784,70988,82159,0.0,1796.0,4045.0,4045.0,2023-10-01,20.31124845488257,20.92603306325999,0.9706210629353921,False
848210,India,"Chicago, IL",2023,November,22873,7493,257058,287424,0.0,32260.0,14243.0,14243.0,2023-11-01,20.1800182545812,22.7273002014775,0.8879197298264796,False
848210,India,"Chicago, IL",2023,December,11408,5344,126762,143514,0.0,3945.0,5907.0,5907.0,2023-12-01,24.295581513458608,20.271483262982233,1.1985103013070968,False
848210,India,"Chicago, IL",2024,January,6557,4045,74996,85598,0.0,5068.0,5097.0,5097.0,2024-01-01,16.793800274671376,20.271483262982233,0.828444571953871,False
848210,India,"Chicago, IL",2024,February,41053,15240,456156,512449,0.0,61250.0,34636.0,34636.0,2024-02-01,14.795270816491511,16.340052236273223,0.9054604356556182,False
848210,India,"Chicago, IL",2024,March,26985,15414,305458,347857,0.0,32414.0,17152.0,17152.0,2024-03-01,20.280841884328357,16.340052236273223,1.2411736260736663,False
848210,India,"Chicago, IL",2024,April,19174,9652,218537,247363,0.0,72319.0,14881.0,14881.0,2024-04-01,16.622740407230697,19.000171688556957,0.8748731685009935,False
848210,India,"Chicago, IL",2024,May,12538,6124,139307,157969,0.0,16440.0,7096.0,7096.0,2024-05-01,22.261696730552423,19.00681925185669,1.1712478787516105,False
848210,India,"Chicago, IL",2024,June,10327,3912,114758,128997,0.0,5344.0,2928.0,2928.0,2024-06-01,44.056352459016395,19.00681925185669,2.3179234713200487,False
848210,India,"Chicago, IL",2024,July,23654,10402,262816,296872,0.0,61989.0,10265.0,10265.0,2024-07-01,28.920798830979056,19.00681925185669,1.5216011920644699,False
848210,India,"Chicago, IL",2024,August,2748,3643,30533,36924,0.0,14918.0,2364.0,2364.0,2024-08-01,15.619289340101522,18.806624862103003,0.8305205987053934,False
848210,India,"Chicago, IL",2024,September,31601,14724,368560,414885,0.0,73257.0,26958.0,26958.0,2024-09-01,15.390051190741152,19.575663390186097,0.7861828681860495,False
848210,India,"Chicago, IL",2024,October,8409,5363,93422,107194,0.0,19455.0,3929.0,3929.0,2024-10-01,27.282769152456094,18.806624862103003,1.4506999183799993,False
848210,India,"Chicago, IL",2024,November,25785,19461,286500,331746,0.0,38662.0,17250.0,17250.0,2024-11-01,19.231652173913044,21.653458117615823,0.8881561582197092,False
848210,India,"Chicago, IL",2024,December,12229,12512,135889,160630,0.0,13746.0,6661.0,6661.0,2024-12-01,24.114997748085873,17.140152576677565,1.4069301682237596,False
848210,India,"Chicago, IL",2025,January,31632,16595,351468,399695,0.0,42815.0,18798.0,18798.0,2025-01-01,21.2626343228003,24.877655172413792,0.8546880393445561,False
848210,India,"Chicago, IL",2025,February,11863,7919,133667,153449,0.0,23034.0,7180.0,7180.0,2025-02-01,21.371727019498607,21.816645807259075,0.9796064531784061,False
848210,India,"Chicago, IL",2025,March,12805,5793,159112,177710,0.0,37206.0,10944.0,10944.0,2025-03-01,16.23812134502924,21.816645807259075,0.7442996273802233,False
848210,India,"Chicago, IL",2025,April,24399,9384,250157,283940,0.0,56459.0,19899.0,19899.0,2025-04-01,14.269058746670687,20.201037821644466,0.7063527563609657,False
848210,India,"Chicago, IL",2025,May,14812,4568,125068,144448,0.0,103261.0,6889.0,6889.0,2025-05-01,20.967919872260126,19.122754636372463,1.096490556458747,False
848210,India,"Chicago, IL",2025,June,19473,2181,102499,124153,0.0,2943.0,10369.0,10369.0,2025-06-01,11.973478638248626,17.589318917429928,0.6807244040804586,False
848210,India,"Chicago, IL",2025,July,60705,11774,343099,415578,0.0,233520.0,26193.0,26193.0,2025-07-01,15.86599473141679,19.122754636372463,0.8296919054349446,False
848210,India,"Chicago, IL",2025,August,40211,20898,162880,223989,0.0,48478.0,16174.0,16174.0,2025-08-01,13.848707802646222,20.679670508451355,0.6696773914742278,False
848210,India,"Chicago, IL",2025,September,176651,13362,313258,503271,0.0,55801.0,21930.0,21930.0,2025-09-01,22.948974008207934,23.60797436810253,0.9720856880976205,False
848210,India,"Chicago, IL",2025,October,103314,12394,161546,277254,0.0,13368.0,11898.0,11898.0,2025-10-01,23.302571860816943,23.60797436810253,0.9870635869675365,False
848210,India,"Chicago, IL",2025,November,88572,5459,150123,244154,0.0,49157.0,19030.0,19030.0,2025-11-01,12.829952706253284,19.756632433767113,0.6493997774805451,False
848210,India,"Chicago, IL",2025,December,196763,9313,319200,525276,0.0,44012.0,22602.0,22602.0,2025-12-01,23.240244226174674,19.756632433767113,1.1763261934485119,False
848210,India,"Chicago, IL",2026,January,170511,9331,262459,442301,0.0,68796.0,22050.0,22050.0,2026-01-01,20.059002267573696,19.756632433767113,1.0153047253786929,False
848210,India,"Chicago, IL",2026,February,39878,1197,65420,106495,0.0,17343.0,4496.0,4496.0,2026-02-01,23.686610320284696,18.409028818923872,1.2866844065090302,False
848210,India,"Chicago, IL",2026,March,88650,11841,263694,364185,0.0,59613.0,19534.0,19534.0,2026-03-01,18.64364697450599,17.952031470770606,1.0385257515207384,False
848210,India,"Chicago, IL",2026,April,17449,608,37855,55912,0.0,6548.0,1938.0,1938.0,2026-04-01,28.850361197110423,17.952031470770606,1.6070805827231538,False
848210,India,"Chicago, IL",2026,May,46668,13808,156400,216876,0.0,36394.0,13522.0,13522.0,2026-05-01,16.038751663955036,21.28324157274191,0.7535859426834843,False
848210,India,"Chicago, IL",2026,June,26354,15901,99038,141293,0.0,18408.0,7215.0,7215.0,2026-06-01,19.583229383229384,26.783040048855483,0.7311802300077669,False
848210,India,"Cleveland, OH",2022,January,1068,1623,11873,14564,0.0,19301.0,354.0,354.0,2022-01-01,41.14124293785311,23.868897390259903,1.723633993861881,False
848210,India,"Cleveland, OH",2022,February,2370,1078,26348,29796,0.0,27601.0,2073.0,2073.0,2022-02-01,14.373371924746744,22.770109322063497,0.6312385997558392,False
848210,India,"Cleveland, OH",2022,March,2744,429,30503,33676,0.0,1203.0,363.0,363.0,2022-03-01,92.77134986225896,22.167764095917043,4.184966488313812,True
848210,India,"Cleveland, OH",2022,April,4667,1099,51849,57615,0.0,56.0,369.0,369.0,2022-04-01,156.1382113821138,22.167764095917043,7.043480375671809,True
848210,India,"Cleveland, OH",2022,May,10647,6988,127523,145158,0.0,32596.0,2446.0,2446.0,2022-05-01,59.34505314799673,20.1753531306555,2.941462920806314,False
848210,India,"Cleveland, OH",2022,June,15334,6044,170343,191721,0.0,39066.0,4807.0,4807.0,2022-06-01,39.88371125442064,22.26537183615348,1.7912888025368305,False
848210,India,"Cleveland, OH",2022,July,8432,7923,105246,121601,0.0,10842.0,1722.0,1722.0,2022-07-01,70.61614401858304,19.480781153130813,3.6249133678725256,True
848210,India,"Cleveland, OH",2022,August,8409,4150,93441,106000,0.0,63421.0,2152.0,2152.0,2022-08-01,49.25650557620818,27.230357262401537,1.808882090732587,False
848210,India,"Cleveland, OH",2022,September,3278,2691,36409,42378,0.0,59220.0,1163.0,1163.0,2022-09-01,36.43852106620808,20.578102511572425,1.7707425184472814,False
848210,India,"Cleveland, OH",2022,October,11465,4195,127377,143037,0.0,16283.0,1445.0,1445.0,2022-10-01,98.98754325259516,27.882891940024127,3.5501175224405186,True
848210,India,"Cleveland, OH",2022,November,11188,3781,124330,139299,0.0,87623.0,1902.0,1902.0,2022-11-01,73.23817034700315,24.95263130316315,2.9350880657511667,False
848210,India,"Cleveland, OH",2022,December,9430,3623,104815,117868,0.0,39109.0,1512.0,1512.0,2022-12-01,77.95502645502646,25.779643344526733,3.0238985626454395,True
848210,India,"Cleveland, OH",2023,January,7969,4160,88541,100670,0.0,23028.0,2392.0,2392.0,2023-01-01,42.086120401337794,24.95263130316315,1.6866405746957314,False
848210,India,"Cleveland, OH",2023,February,7618,1685,84641,93944,0.0,680.0,598.0,598.0,2023-02-01,157.09698996655518,24.680945096039437,6.365112411832422,True
848210,India,"Cleveland, OH",2023,March,11473,7436,127470,146379,0.0,17140.0,2649.0,2649.0,2023-03-01,55.25821064552662,24.680945096039437,2.2389017288642616,False
848210,India,"Cleveland, OH",2023,April,11901,5544,132239,149684,0.0,28371.0,1378.0,1378.0,2023-04-01,108.62409288824384,26.11538859139496,4.159390257897045,True
848210,India,"Cleveland, OH",2023,May,12434,4292,138138,154864,0.0,22475.0,1837.0,1837.0,2023-05-01,84.30266739248775,26.11538859139496,3.228083974222981,True
848210,India,"Cleveland, OH",2023,June,5486,1059,60959,67504,0.0,258.0,321.0,321.0,2023-06-01,210.29283489096574,19.957918931421304,10.536811759460821,True
848210,India,"Cleveland, OH",2023,July,5912,1678,65662,73252,0.0,982.0,1142.0,1142.0,2023-07-01,64.14360770577933,19.957918931421304,3.213942692431377,True
848210,India,"Cleveland, OH",2023,August,8451,1813,93885,104149,0.0,39786.0,1244.0,1244.0,2023-08-01,83.72106109324758,20.92603306325999,4.0008089846822115,True
848210,India,"Cleveland, OH",2023,September,4061,1429,46832,52322,0.0,1916.0,1076.0,1076.0,2023-09-01,48.62639405204461,22.7273002014775,2.1395587518522508,False
848210,India,"Cleveland, OH",2023,October,1641,364,18231,20236,0.0,585.0,141.0,141.0,2023-10-01,143.5177304964539,20.92603306325999,6.858334308399291,True
848210,India,"Cleveland, OH",2023,November,8076,2349,89717,100142,0.0,61.0,567.0,567.0,2023-11-01,176.6172839506173,22.7273002014775,7.771151099554509,True
848210,India,"Cleveland, OH",2023,December,3906,785,43397,48088,0.0,234.0,298.0,298.0,2023-12-01,161.36912751677852,20.271483262982233,7.9604005993707805,True
848210,India,"Cleveland, OH",2024,January,6742,1424,74913,83079,0.0,50.0,444.0,444.0,2024-01-01,187.11486486486487,20.271483262982233,9.230447641024643,True
848210,India,"Cleveland, OH",2024,February,419,3597,9046,13062,0.0,1000.0,338.0,338.0,2024-02-01,38.64497041420118,16.340052236273223,2.3650457082636094,False
848210,India,"Cleveland, OH",2024,March,19219,32153,213612,264984,0.0,302520.0,10513.0,10513.0,2024-03-01,25.205364786454865,16.340052236273223,1.5425510532029736,False
848210,India,"Cleveland, OH",2024,April,5890,1108,65447,72445,0.0,46.0,365.0,365.0,2024-04-01,198.4794520547945,19.000171688556957,10.446192555950994,True
848210,India,"Cleveland, OH",2024,May,14768,20041,164121,198930,0.0,147988.0,5503.0,5503.0,2024-05-01,36.14937306923496,19.00681925185669,1.9019159697487886,False
848210,India,"Cleveland, OH",2024,June,5558,1012,61748,68318,0.0,1885.0,1415.0,1415.0,2024-06-01,48.28127208480566,19.00681925185669,2.540207882499292,False
848210,India,"Cleveland, OH",2024,July,13215,16035,146862,176112,0.0,145840.0,5309.0,5309.0,2024-07-01,33.17234884158975,19.00681925185669,1.7452866995801675,False
848210,India,"Cleveland, OH",2024,August,15165,16550,168532,200247,0.0,145891.0,7009.0,7009.0,2024-08-01,28.569981452418318,18.806624862103003,1.5191445387943763,False
848210,India,"Cleveland, OH",2024,September,8852,2854,98353,110059,0.0,55579.0,4925.0,4925.0,2024-09-01,22.347005076142132,19.575663390186097,1.1415707672693942,False
848210,India,"Cleveland, OH",2024,October,18371,4070,231972,254413,0.0,181086.0,8337.0,8337.0,2024-10-01,30.51613290152333,18.806624862103003,1.622626767177986,False
848210,India,"Cleveland, OH",2024,November,10234,13702,116236,140172,0.0,117150.0,4402.0,4402.0,2024-11-01,31.842798727850976,21.653458117615823,1.4705641267500722,False
848210,India,"Cleveland, OH",2024,December,2105,664,23394,26163,0.0,648.0,1109.0,1109.0,2024-12-01,23.591523895401263,17.140152576677565,1.3763893751740586,False
848210,India,"Cleveland, OH",2025,January,3237,2528,35958,41723,0.0,1656.0,2737.0,2737.0,2025-01-01,15.244062842528315,24.877655172413792,0.6127612404336271,False
848210,India,"Cleveland, OH",2025,February,1296,444,17945,19685,0.0,19621.0,973.0,973.0,2025-02-01,20.23124357656732,21.816645807259075,0.9273306151322197,False
848210,India,"Cleveland, OH",2025,March,3828,4711,42531,51070,0.0,39040.0,2267.0,2267.0,2025-03-01,22.527569475077193,21.816645807259075,1.0325862955331828,False
848210,India,"Cleveland, OH",2025,April,20727,1119,257543,279389,0.0,281164.0,11249.0,11249.0,2025-04-01,24.836785492043738,20.201037821644466,1.2294806688313946,False
848210,India,"Cleveland, OH",2025,May,6583,2459,34644,43686,0.0,32052.0,1300.0,1300.0,2025-05-01,33.604615384615386,19.122754636372463,1.7573103887814197,False
848210,India,"Cleveland, OH",2025,June,6671,216,35107,41994,0.0,91.0,13.0,13.0,2025-06-01,3230.3076923076924,17.589318917429928,183.65166425555324,True
848210,India,"Cleveland, OH",2025,August,3497,1000,28200,32697,0.0,436.0,105.0,105.0,2025-08-01,311.4,20.679670508451355,15.058267000566437,True
848210,India,"Cleveland, OH",2025,September,62709,1673,107832,172214,0.0,1656.0,637.0,637.0,2025-09-01,270.35164835164835,23.60797436810253,11.451708822461656,True
848210,India,"Cleveland, OH",2025,November,6850,532,11611,18993,0.0,252.0,53.0,53.0,2025-11-01,358.35849056603774,19.756632433767113,18.138642390974898,True
848210,India,"Cleveland, OH",2025,December,41826,9827,70889,122542,0.0,7876.0,6553.0,6553.0,2025-12-01,18.700137341675568,19.756632433767113,0.9465245357156196,False
848210,India,"Cleveland, OH",2026,January,129878,8320,222480,360678,0.0,284165.0,11070.0,11070.0,2026-01-01,32.581571815718156,19.756632433767113,1.649146023490889,False
848210,India,"Cleveland, OH",2026,February,113314,7812,163352,284478,0.0,258998.0,8937.0,8937.0,2026-02-01,31.831487076200066,18.409028818923872,1.7291236484717951,False
848210,India,"Cleveland, OH",2026,March,36507,3197,86925,126629,0.0,61910.0,3318.0,3318.0,2026-03-01,38.16425557564798,17.952031470770606,2.125901775394434,False
848210,India,"Cleveland, OH",2026,April,37705,1018,110896,149619,0.0,148932.0,5880.0,5880.0,2026-04-01,25.445408163265306,17.952031470770606,1.4174110715378019,False
848210,India,"Cleveland, OH",2026,May,37533,1216,115768,154517,0.0,147132.0,5974.0,5974.0,2026-05-01,25.86491463006361,21.28324157274191,1.2152713928309484,False
848210,India,"Cleveland, OH",2026,June,32087,800,94371,127258,0.0,145850.0,5000.0,5000.0,2026-06-01,25.4516,26.783040048855483,0.9502879416814978,False
848210,India,"Columbia-Snake, OR",2022,January,6561,2782,72898,82241,0.0,1902.0,3333.0,3333.0,2022-01-01,24.674767476747675,23.868897390259903,1.0337623507827647,False
848210,India,"Columbia-Snake, OR",2022,February,2251,797,25009,28057,0.0,324.0,1346.0,1346.0,2022-02-01,20.844725111441306,22.770109322063497,0.9154424696258899,False
848210,India,"Columbia-Snake, OR",2022,March,10767,2000,119629,132396,0.0,1557.0,6818.0,6818.0,2022-03-01,19.41859782927545,22.167764095917043,0.8759836014698502,False
848210,India,"Columbia-Snake, OR",2022,April,24905,12039,276719,313663,0.0,3773.0,14958.0,14958.0,2022-04-01,20.969581494852253,22.167764095917043,0.945949325521491,False
848210,India,"Columbia-Snake, OR",2022,May,7591,2337,84345,94273,0.0,1597.0,3532.0,3532.0,2022-05-01,26.69110985277463,20.1753531306555,1.3229562664862975,False
848210,India,"Columbia-Snake, OR",2022,June,7175,2500,79711,89386,0.0,2613.0,3032.0,3032.0,2022-06-01,29.480870712401057,22.26537183615348,1.3240681956423195,False
848210,India,"Columbia-Snake, OR",2022,July,1987,1385,22078,25450,0.0,736.0,811.0,811.0,2022-07-01,31.381011097410603,19.480781153130813,1.6108702649414688,False
848210,India,"Columbia-Snake, OR",2022,August,4083,1573,45363,51019,0.0,860.0,2313.0,2313.0,2022-08-01,22.057501080847384,27.230357262401537,0.8100334809526498,False
848210,India,"Columbia-Snake, OR",2022,November,7004,2654,77819,87477,0.0,1328.0,3904.0,3904.0,2022-11-01,22.407018442622952,24.95263130316315,0.8979821875451868,False
848210,India,"Columbia-Snake, OR",2022,December,5695,1600,63276,70571,0.0,853.0,3007.0,3007.0,2022-12-01,23.468905886265382,25.779643344526733,0.910365809666954,False
848210,India,"Columbia-Snake, OR",2023,January,14427,6500,160304,181231,0.0,2181.0,9160.0,9160.0,2023-01-01,19.78504366812227,24.95263130316315,0.7929041000823907,False
848210,India,"Columbia-Snake, OR",2023,February,11151,1735,123913,136799,0.0,1090.0,4573.0,4573.0,2023-02-01,29.91449814126394,24.680945096039437,1.2120483241164186,False
848210,India,"Columbia-Snake, OR",2023,March,246,45,2729,3020,0.0,81.0,91.0,91.0,2023-03-01,33.18681318681319,24.680945096039437,1.344632997548327,False
848210,India,"Columbia-Snake, OR",2023,April,9064,2200,100705,111969,0.0,1357.0,5233.0,5233.0,2023-04-01,21.39671316644372,26.11538859139496,0.8193143705889161,False
848210,India,"Columbia-Snake, OR",2023,May,245,45,2720,3010,0.0,82.0,89.0,89.0,2023-05-01,33.82022471910113,26.11538859139496,1.2950304990003065,False
848210,India,"Columbia-Snake, OR",2023,June,10825,2100,120275,133200,0.0,1695.0,6403.0,6403.0,2023-06-01,20.802748711541465,19.957918931421304,1.042330554754889,False
848210,India,"Columbia-Snake, OR",2023,July,7996,2100,88848,98944,0.0,1234.0,5183.0,5183.0,2023-07-01,19.090102257379897,19.957918931421304,0.9565176771674758,False
848210,India,"Columbia-Snake, OR",2023,September,7162,1300,79584,88046,0.0,1193.0,2573.0,2573.0,2023-09-01,34.21919937815779,22.7273002014775,1.5056429525198598,False
848210,India,"Columbia-Snake, OR",2023,December,3189,785,35432,39406,0.0,634.0,2200.0,2200.0,2023-12-01,17.91181818181818,20.271483262982233,0.88359682167545,False
848210,India,"Columbia-Snake, OR",2024,February,9012,2001,100139,111152,0.0,1423.0,4059.0,4059.0,2024-02-01,27.38408474993841,16.340052236273223,1.6758872220217618,False
848210,India,"Columbia-Snake, OR",2024,March,533,585,5917,7035,0.0,193.0,299.0,299.0,2024-03-01,23.528428093645484,16.340052236273223,1.4399236767073982,False
848210,India,"Columbia-Snake, OR",2024,May,1479,535,16434,18448,0.0,415.0,643.0,643.0,2024-05-01,28.690513219284604,19.00681925185669,1.5094852452222882,False
848210,India,"Columbia-Snake, OR",2024,September,3451,699,38335,42485,0.0,440.0,1284.0,1284.0,2024-09-01,33.088006230529594,19.575663390186097,1.6902623206689211,False
848210,India,"Columbia-Snake, OR",2024,November,6038,1776,67092,74906,0.0,539.0,4014.0,4014.0,2024-11-01,18.661185849526657,21.653458117615823,0.8618108825003405,False
848210,India,"Columbia-Snake, OR",2025,April,283,535,3143,3961,0.0,330.0,104.0,104.0,2025-04-01,38.08653846153846,20.201037821644466,1.8853753355548157,False
848210,India,"Columbia-Snake, OR",2026,June,1103,512,3245,4860,0.0,110.0,114.0,114.0,2026-06-01,42.63157894736842,26.783040048855483,1.591737863573489,False
848210,India,"Dallas-Fort Worth, TX",2022,January,7912,22132,87937,117981,0.0,9796.0,7011.0,7011.0,2022-01-01,16.82798459563543,23.868897390259903,0.7050172582543494,False
848210,India,"Dallas-Fort Worth, TX",2022,March,9933,16784,110371,137088,0.0,879.0,7640.0,7640.0,2022-03-01,17.9434554973822,22.167764095917043,0.8094391215885911,False
848210,India,"Dallas-Fort Worth, TX",2022,April,3671,18457,40789,62917,0.0,16160.0,4724.0,4724.0,2022-04-01,13.318585944115156,22.167764095917043,0.6008087187542849,False
848210,India,"Dallas-Fort Worth, TX",2022,May,714,6796,9447,16957,0.0,190.0,750.0,750.0,2022-05-01,22.609333333333332,20.1753531306555,1.1206412689242855,False
848210,India,"Dallas-Fort Worth, TX",2022,June,3496,4549,38852,46897,0.0,14150.0,4835.0,4835.0,2022-06-01,9.699482936918304,22.26537183615348,0.4356308535197572,False
848210,India,"Dallas-Fort Worth, TX",2022,July,910,7879,13386,22175,0.0,849.0,1348.0,1348.0,2022-07-01,16.450296735905045,19.480781153130813,0.8444372228503408,False
848210,India,"Dallas-Fort Worth, TX",2022,August,3839,1200,42665,47704,0.0,1906.0,3246.0,3246.0,2022-08-01,14.696241528034504,27.230357262401537,0.5397006505062061,False
848210,India,"Dallas-Fort Worth, TX",2022,September,1402,7867,17420,26689,0.0,454.0,1567.0,1567.0,2022-09-01,17.031908104658584,20.578102511572425,0.8276714578071723,False
848210,India,"Dallas-Fort Worth, TX",2022,October,4593,10046,51042,65681,0.0,1508.0,7085.0,7085.0,2022-10-01,9.270430486944248,27.882891940024127,0.3324773666549678,True
848210,India,"Dallas-Fort Worth, TX",2022,December,3064,11764,34046,48874,0.0,14104.0,4579.0,4579.0,2022-12-01,10.673509499890805,25.779643344526733,0.4140285944707181,False
848210,India,"Dallas-Fort Worth, TX",2023,January,1466,4161,16297,21924,0.0,148.0,1088.0,1088.0,2023-01-01,20.15073529411765,24.95263130316315,0.8075595334734583,False
848210,India,"Dallas-Fort Worth, TX",2023,February,6401,2383,71121,79905,0.0,2033.0,4505.0,4505.0,2023-02-01,17.736958934517205,24.680945096039437,0.7186499084819674,False
848210,India,"Dallas-Fort Worth, TX",2023,March,1931,1134,21449,24514,0.0,10926.0,2603.0,2603.0,2023-03-01,9.417595082597003,24.680945096039437,0.38157351940741724,False
848210,India,"Dallas-Fort Worth, TX",2023,April,213,1040,2372,3625,0.0,75.0,313.0,313.0,2023-04-01,11.581469648562301,26.11538859139496,0.4434729970810545,False
848210,India,"Dallas-Fort Worth, TX",2023,May,1850,2076,20559,24485,0.0,6801.0,1818.0,1818.0,2023-05-01,13.468096809680969,26.11538859139496,0.5157149686877995,False
848210,India,"Dallas-Fort Worth, TX",2023,June,490,2340,5448,8278,0.0,342.0,773.0,773.0,2023-06-01,10.708926261319535,19.957918931421304,0.5365752961577391,False
848210,India,"Dallas-Fort Worth, TX",2023,July,101,1500,4195,5796,0.0,1000.0,670.0,670.0,2023-07-01,8.650746268656716,19.957918931421304,0.4334493139481178,False
848210,India,"Dallas-Fort Worth, TX",2023,August,328,17,3644,3989,0.0,305.0,73.0,73.0,2023-08-01,54.64383561643836,20.92603306325999,2.6112849698386933,False
848210,India,"Dallas-Fort Worth, TX",2023,September,5364,2275,59604,67243,0.0,2223.0,4285.0,4285.0,2023-09-01,15.6926487747958,22.7273002014775,0.6904757113990874,False
848210,India,"Dallas-Fort Worth, TX",2023,October,278,20,3088,3386,0.0,6.0,4.0,4.0,2023-10-01,846.5,20.92603306325999,40.45200528169895,True
848210,India,"Dallas-Fort Worth, TX",2023,November,632,446,7017,8095,0.0,787.0,975.0,975.0,2023-11-01,8.302564102564103,22.7273002014775,0.36531237889946794,False
848210,India,"Dallas-Fort Worth, TX",2024,January,1312,639,14582,16533,0.0,58.0,581.0,581.0,2024-01-01,28.456110154905335,20.271483262982233,1.4037507658292105,False
848210,India,"Dallas-Fort Worth, TX",2024,March,480,600,5328,6408,0.0,342.0,257.0,257.0,2024-03-01,24.93385214007782,16.340052236273223,1.5259346652960664,False
848210,India,"Dallas-Fort Worth, TX",2024,October,69,301,2880,3250,0.0,210.0,170.0,170.0,2024-10-01,19.11764705882353,18.806624862103003,1.0165379061368562,False
848210,India,"Dallas-Fort Worth, TX",2025,February,378,5,4205,4588,0.0,48.0,17.0,17.0,2025-02-01,269.88235294117646,21.816645807259075,12.370478731032899,True
848210,India,"Dallas-Fort Worth, TX",2025,March,1623,919,18029,20571,0.0,837.0,1353.0,1353.0,2025-03-01,15.203991130820398,21.816645807259075,0.6968986555101683,False
848210,India,"Dallas-Fort Worth, TX",2025,May,624,182,6928,7734,0.0,309.0,465.0,465.0,2025-05-01,16.63225806451613,19.122754636372463,0.8697626665606387,False
848210,India,"Dallas-Fort Worth, TX",2025,October,2083,2,3531,5616,0.0,62.0,93.0,93.0,2025-10-01,60.38709677419355,23.60797436810253,2.557910976715751,False
848210,India,"Dallas-Fort Worth, TX",2025,November,17434,1,29549,46984,0.0,480.0,1260.0,1260.0,2025-11-01,37.28888888888889,19.756632433767113,1.8874111776841314,False
848210,India,"Dallas-Fort Worth, TX",2026,May,2257,246,8255,10758,0.0,10.0,44.0,44.0,2026-05-01,244.5,21.28324157274191,11.487911705759076,True
848210,India,"Detroit, MI",2022,February,934,1,10374,11309,0.0,3456.0,446.0,446.0,2022-02-01,25.356502242152466,22.770109322063497,1.1135871981775176,False
848210,India,"Detroit, MI",2022,March,6636,3,73739,80378,0.0,24192.0,3122.0,3122.0,2022-03-01,25.745675848814862,22.167764095917043,1.1614015620798137,False
848210,India,"Detroit, MI",2022,April,4414,46,49047,53507,0.0,16257.0,4217.0,4217.0,2022-04-01,12.688404078728954,22.167764095917043,0.5723808690776333,False
848210,India,"Detroit, MI",2022,May,332,116,3684,4132,0.0,436.0,104.0,104.0,2022-05-01,39.73076923076923,20.1753531306555,1.9692725561467472,False
848210,India,"Detroit, MI",2022,June,11824,7,131381,143212,0.0,51840.0,6690.0,6690.0,2022-06-01,21.406875934230193,22.26537183615348,0.9614425526669489,False
848210,India,"Detroit, MI",2022,July,13787,6,153198,166991,0.0,51840.0,6690.0,6690.0,2022-07-01,24.961285500747383,19.480781153130813,1.2813287775544762,False
848210,India,"Detroit, MI",2022,August,4521,984,56278,61783,0.0,23293.0,2964.0,2964.0,2022-08-01,20.8444669365722,27.230357262401537,0.7654863553829795,False
848210,India,"Detroit, MI",2022,September,3350,4,37229,40583,0.0,17280.0,2230.0,2230.0,2022-09-01,18.19865470852018,20.578102511572425,0.8843699120599616,False
848210,India,"Detroit, MI",2022,October,6023,4,66929,72956,0.0,24192.0,3122.0,3122.0,2022-10-01,23.368353619474696,27.882891940024127,0.8380893083020167,False
848210,India,"Detroit, MI",2022,November,5134,1,57043,62178,0.0,19008.0,2230.0,2230.0,2022-11-01,27.88251121076233,24.95263130316315,1.1174176731905532,False
848210,India,"Detroit, MI",2022,December,13053,77,145045,158175,0.0,43440.0,8293.0,8293.0,2022-12-01,19.073314843844205,25.779643344526733,0.7398595313729837,False
848210,India,"Detroit, MI",2023,January,17230,122,191445,208797,0.0,61927.0,8788.0,8788.0,2023-01-01,23.75933090578061,24.95263130316315,0.9521773722825267,False
848210,India,"Detroit, MI",2023,February,8027,891,89192,98110,0.0,29376.0,3791.0,3791.0,2023-02-01,25.87971511474545,24.680945096039437,1.0485706691555496,False
848210,India,"Detroit, MI",2023,March,5231,803,58130,64164,0.0,19008.0,2453.0,2453.0,2023-03-01,26.157358336730535,24.680945096039437,1.0598199637390717,False
848210,India,"Detroit, MI",2023,April,17283,1631,192033,210947,0.0,62208.0,8028.0,8028.0,2023-04-01,26.276407573492776,26.11538859139496,1.006165674369895,False
848210,India,"Detroit, MI",2023,May,5694,1033,63269,69996,0.0,20736.0,3564.0,3564.0,2023-05-01,19.63973063973064,26.11538859139496,0.7520366993965368,False
848210,India,"Detroit, MI",2023,June,16655,2435,185066,204156,0.0,60480.0,8826.0,8826.0,2023-06-01,23.131203263086334,19.957918931421304,1.1589987584661987,False
848210,India,"Detroit, MI",2023,July,3907,2283,45748,51938,0.0,14814.0,2359.0,2359.0,2023-07-01,22.016956337431115,19.957918931421304,1.103168943269336,False
848210,India,"Detroit, MI",2023,August,14167,1188,157414,172769,0.0,61445.0,7852.0,7852.0,2023-08-01,22.003183902190525,20.92603306325999,1.0514742013297158,False
848210,India,"Detroit, MI",2023,September,5045,225,56053,61323,0.0,27648.0,3668.0,3668.0,2023-09-01,16.71837513631407,22.7273002014775,0.7356076167475101,False
848210,India,"Detroit, MI",2023,October,3970,2,44119,48091,0.0,22464.0,3094.0,3094.0,2023-10-01,15.543309631544926,20.92603306325999,0.7427738255290461,False
848210,India,"Detroit, MI",2023,November,5806,3060,64516,73382,0.0,27056.0,3914.0,3914.0,2023-11-01,18.748594787940725,22.7273002014775,0.8249371734317075,False
848210,India,"Detroit, MI",2023,December,3812,630,46832,51274,0.0,22716.0,3230.0,3230.0,2023-12-01,15.874303405572755,20.271483262982233,0.7830854407462541,False
848210,India,"Detroit, MI",2024,February,3054,2,33938,36994,0.0,17280.0,2524.0,2524.0,2024-02-01,14.65689381933439,16.340052236273223,0.8969918582510774,False
848210,India,"Detroit, MI",2024,March,1980,620,26470,29070,0.0,12348.0,1892.0,1892.0,2024-03-01,15.364693446088795,16.340052236273223,0.9403087103957212,False
848210,India,"Detroit, MI",2024,April,4820,292,53568,58680,0.0,24359.0,3851.0,3851.0,2024-04-01,15.23760062321475,19.000171688556957,0.80197173336027,False
848210,India,"Detroit, MI",2024,May,4582,4,50907,55493,0.0,25920.0,4284.0,4284.0,2024-05-01,12.953548085901026,19.00681925185669,0.6815210853670665,False
848210,India,"Detroit, MI",2024,June,20209,6504,224579,251292,0.0,30843.0,27474.0,27474.0,2024-06-01,9.146538545533959,19.00681925185669,0.48122405039656885,False
848210,India,"Detroit, MI",2024,July,30529,8508,339227,378264,0.0,62753.0,41305.0,41305.0,2024-07-01,9.157825929064279,19.00681925185669,0.48181791007296987,False
848210,India,"Detroit, MI",2024,August,1702,517,18918,21137,0.0,5283.0,1120.0,1120.0,2024-08-01,18.87232142857143,18.806624862103003,1.0034932672369516,False
848210,India,"Detroit, MI",2024,September,3969,7,44120,48096,0.0,22464.0,3714.0,3714.0,2024-09-01,12.949919224555735,19.575663390186097,0.6615315642916062,False
848210,India,"Detroit, MI",2024,October,4887,4,54300,59191,0.0,27648.0,5150.0,5150.0,2024-10-01,11.493398058252428,18.806624862103003,0.6111356047417436,False
848210,India,"Detroit, MI",2024,November,1597,201,17741,19539,0.0,7296.0,1276.0,1276.0,2024-11-01,15.31269592476489,21.653458117615823,0.7071709212260878,False
848210,India,"Detroit, MI",2024,December,210,70,2334,2614,0.0,1450.0,303.0,303.0,2024-12-01,8.627062706270626,17.140152576677565,0.5033247322435965,False
848210,India,"Detroit, MI",2025,January,1222,1,13575,14798,0.0,6912.0,892.0,892.0,2025-01-01,16.58968609865471,24.877655172413792,0.6668508741551573,False
848210,India,"Detroit, MI",2025,February,1221,2,13575,14798,0.0,6912.0,892.0,892.0,2025-02-01,16.58968609865471,21.816645807259075,0.7604141463915964,False
848210,India,"Detroit, MI",2025,March,1222,2,13587,14811,0.0,6912.0,892.0,892.0,2025-03-01,16.6042600896861,21.816645807259075,0.7610821680095915,False
848210,India,"Detroit, MI",2025,April,6186,1933,65941,74060,0.0,23090.0,4575.0,4575.0,2025-04-01,16.187978142076503,20.201037821644466,0.8013438856459069,False
848210,India,"Detroit, MI",2025,May,12925,508,69831,83264,0.0,40752.0,5482.0,5482.0,2025-05-01,15.188617292958774,19.122754636372463,0.794269318504419,False
848210,India,"Detroit, MI",2025,June,20665,10,60782,81457,0.0,38016.0,6953.0,6953.0,2025-06-01,11.715374658420826,17.589318917429928,0.666050499932184,False
848210,India,"Detroit, MI",2025,July,15030,5,44206,59241,0.0,27648.0,3632.0,3632.0,2025-07-01,16.310848017621144,19.122754636372463,0.8529549391695416,False
848210,India,"Detroit, MI",2025,August,22545,7,66310,88862,0.0,41472.0,5416.0,5416.0,2025-08-01,16.407311669128507,20.679670508451355,0.7934029539988646,False
848210,India,"Detroit, MI",2025,September,8454,2,24865,33321,0.0,15552.0,2359.0,2359.0,2025-09-01,14.125052988554472,23.60797436810253,0.5983170249303249,False
848210,India,"Detroit, MI",2025,October,48599,6789,84712,140100,0.0,11373.0,4571.0,4571.0,2025-10-01,30.649748413913805,23.60797436810253,1.2982794684547623,False
848210,India,"Detroit, MI",2025,November,17848,5,52493,70346,0.0,32832.0,4403.0,4403.0,2025-11-01,15.976833976833976,19.756632433767113,0.8086820479348048,False
848210,India,"Detroit, MI",2025,December,26302,10,77359,103671,0.0,45284.0,6822.0,6822.0,2025-12-01,15.196569920844327,19.756632433767113,0.7691882699032787,False
848210,India,"Detroit, MI",2026,January,24228,57,69162,93447,0.0,41661.0,5610.0,5610.0,2026-01-01,16.657219251336898,19.756632433767113,0.8431203701936144,False
848210,India,"Detroit, MI",2026,February,20665,9,60783,81457,0.0,38016.0,5228.0,5228.0,2026-02-01,15.580910482019894,18.409028818923872,0.8463733005840718,False
848210,India,"Detroit, MI",2026,March,10333,4,30391,40728,0.0,19008.0,2870.0,2870.0,2026-03-01,14.190940766550522,17.952031470770606,0.7904921952513357,False
848210,India,"Detroit, MI",2026,April,34379,5509,112098,151986,0.0,50432.0,16998.0,16998.0,2026-04-01,8.941404871161312,17.952031470770606,0.4980720363441684,False
848210,India,"Detroit, MI",2026,May,10333,5,30392,40730,0.0,19008.0,2774.0,2774.0,2026-05-01,14.682768565248738,21.28324157274191,0.6898746375201323,False
848210,India,"Detroit, MI",2026,June,1878,2,5526,7406,0.0,3456.0,505.0,505.0,2026-06-01,14.665346534653466,26.783040048855483,0.5475609381124067,False
848210,India,"Great Falls, MT",2022,July,223,68,2475,2766,0.0,3.0,30.0,30.0,2022-07-01,92.2,19.480781153130813,4.732869758930702,True
848210,India,"Great Falls, MT",2023,February,188,31,2091,2310,0.0,3.0,24.0,24.0,2023-02-01,96.25,24.680945096039437,3.899769624925963,True
848210,India,"Great Falls, MT",2023,August,815,123,9059,9997,0.0,13.0,156.0,156.0,2023-08-01,64.08333333333333,20.92603306325999,3.0623737016761656,True
848210,India,"Great Falls, MT",2024,September,587,31,6523,7141,0.0,20.0,98.0,98.0,2024-09-01,72.86734693877551,19.575663390186097,3.7223436818650155,True
848210,India,"Great Falls, MT",2025,March,193,37,2141,2371,0.0,1.0,40.0,40.0,2025-03-01,59.275,21.816645807259075,2.716962108825976,False
848210,India,"Great Falls, MT",2026,April,1916,1,5634,7551,0.0,1.0,1.0,1.0,2026-04-01,7551.0,17.952031470770606,420.62092038410776,True
848210,India,"Houston-Galveston, TX",2022,March,690,386,7668,8744,0.0,1488.0,300.0,300.0,2022-03-01,29.14666666666667,22.167764095917043,1.3148221237177018,False
848210,India,"Houston-Galveston, TX",2022,April,54,573,2253,2880,0.0,820.0,234.0,234.0,2022-04-01,12.307692307692308,22.167764095917043,0.5552067522208608,False
848210,India,"Houston-Galveston, TX",2022,June,76,962,3167,4205,0.0,840.0,392.0,392.0,2022-06-01,10.72704081632653,22.26537183615348,0.4817813461757893,False
848210,India,"Houston-Galveston, TX",2022,August,267,500,2965,3732,0.0,210.0,227.0,227.0,2022-08-01,16.440528634361232,27.230357262401537,0.6037573607989926,False
848210,India,"Houston-Galveston, TX",2023,January,526,709,5845,7080,0.0,301.0,282.0,282.0,2023-01-01,25.106382978723403,24.95263130316315,1.0061617419699045,False
848210,India,"Houston-Galveston, TX",2023,February,194,506,8072,8772,0.0,1400.0,1202.0,1202.0,2023-02-01,7.29783693843594,24.680945096039437,0.2956870942355861,True
848210,India,"Houston-Galveston, TX",2023,March,583,506,6475,7564,0.0,660.0,403.0,403.0,2023-03-01,18.76923076923077,24.680945096039437,0.7604745562293187,False
848210,India,"Houston-Galveston, TX",2023,April,305,133,3393,3831,0.0,31.0,193.0,193.0,2023-04-01,19.849740932642487,26.11538859139496,0.7600783294177361,False
848210,India,"Houston-Galveston, TX",2023,May,759,397,8430,9586,0.0,3.0,2.0,2.0,2023-05-01,4793.0,26.11538859139496,183.53163626978528,True
848210,India,"Houston-Galveston, TX",2023,August,229,22,2545,2796,0.0,2.0,94.0,94.0,2023-08-01,29.74468085106383,20.92603306325999,1.4214199490722785,False
848210,India,"Houston-Galveston, TX",2023,September,6048,1057,67203,74308,0.0,3095.0,3655.0,3655.0,2023-09-01,20.33050615595075,22.7273002014775,0.894541189482289,False
848210,India,"Houston-Galveston, TX",2023,November,2023,538,22480,25041,0.0,8.0,4.0,4.0,2023-11-01,6260.25,22.7273002014775,275.4506670173266,True
848210,India,"Houston-Galveston, TX",2023,December,1026,21,11402,12449,0.0,1.0,75.0,75.0,2023-12-01,165.98666666666668,20.271483262982233,8.188185566557678,True
848210,India,"Houston-Galveston, TX",2024,January,2381,33,26452,28866,0.0,756.0,386.0,386.0,2024-01-01,74.78238341968913,20.271483262982233,3.689043492749703,True
848210,India,"Houston-Galveston, TX",2024,February,923,311,10252,11486,0.0,147.0,365.0,365.0,2024-02-01,31.46849315068493,16.340052236273223,1.9258502173468048,False
848210,India,"Houston-Galveston, TX",2024,March,880,175,9774,10829,0.0,54.0,1.0,1.0,2024-03-01,10829.0,16.340052236273223,662.7273795343654,True
848210,India,"Houston-Galveston, TX",2024,May,2611,154,29016,31781,0.0,12.0,139.0,139.0,2024-05-01,228.64028776978418,19.00681925185669,12.029381914990818,True
848210,India,"Houston-Galveston, TX",2024,June,405,241,4495,5141,0.0,920.0,309.0,309.0,2024-06-01,16.637540453074433,19.00681925185669,0.875345855222419,False
848210,India,"Houston-Galveston, TX",2024,July,10595,11445,119574,141614,0.0,678.0,2539.0,2539.0,2024-07-01,55.77550216620717,19.00681925185669,2.93449953025458,False
848210,India,"Houston-Galveston, TX",2024,August,860,3,9558,10421,0.0,4.0,18.0,18.0,2024-08-01,578.9444444444445,18.806624862103003,30.78406937392941,True
848210,India,"Houston-Galveston, TX",2024,September,296,83,3290,3669,0.0,710.0,147.0,147.0,2024-09-01,24.959183673469386,19.575663390186097,1.2750108732448995,False
848210,India,"Houston-Galveston, TX",2024,October,407,211,4510,5128,0.0,586.0,325.0,325.0,2024-10-01,15.778461538461539,18.806624862103003,0.8389842225362043,False
848210,India,"Houston-Galveston, TX",2024,November,673,288,7470,8431,0.0,169.0,318.0,318.0,2024-11-01,26.5125786163522,21.653458117615823,1.224403902247065,False
848210,India,"Houston-Galveston, TX",2025,January,335,112,8197,8644,0.0,208.0,122.0,122.0,2025-01-01,70.85245901639344,24.877655172413792,2.84803605988397,False
848210,India,"Houston-Galveston, TX",2025,February,335,53,3729,4117,0.0,74.0,238.0,238.0,2025-02-01,17.298319327731093,21.816645807259075,0.7928954560913944,False
848210,India,"Houston-Galveston, TX",2025,April,827,156,5605,6588,0.0,552.0,353.0,353.0,2025-04-01,18.662889518413596,20.201037821644466,0.9238579563678251,False
848210,India,"Houston-Galveston, TX",2025,May,284,117,3150,3551,0.0,116.0,196.0,196.0,2025-05-01,18.117346938775512,19.122754636372463,0.9474234901448448,False
848210,India,"Houston-Galveston, TX",2025,June,2882,118,15164,18164,0.0,535.0,1143.0,1143.0,2025-06-01,15.8915135608049,17.589318917429928,0.9034752076191757,False
848210,India,"Houston-Galveston, TX",2025,July,6229,651,36696,43576,0.0,495.0,2105.0,2105.0,2025-07-01,20.701187648456056,19.122754636372463,1.0825421359055318,False
848210,India,"Houston-Galveston, TX",2025,August,496,124,2609,3229,0.0,95.0,167.0,167.0,2025-08-01,19.335329341317365,20.679670508451355,0.9349921379750907,False
848210,India,"Houston-Galveston, TX",2025,September,6636,240,12264,19140,0.0,294.0,439.0,439.0,2025-09-01,43.59908883826879,23.60797436810253,1.846794992169124,False
848210,India,"Houston-Galveston, TX",2025,October,12560,934,22027,35521,0.0,5050.0,525.0,525.0,2025-10-01,67.65904761904761,23.60797436810253,2.8659404048855572,False
848210,India,"Houston-Galveston, TX",2025,November,10372,717,17580,28669,0.0,4140.0,954.0,954.0,2025-11-01,30.051362683438157,19.756632433767113,1.5210771766991915,False
848210,India,"Houston-Galveston, TX",2025,December,1876,553,3180,5609,0.0,1000.0,92.0,92.0,2025-12-01,60.96739130434783,19.756632433767113,3.0859202097694145,True
848210,India,"Houston-Galveston, TX",2026,January,2653,5,4499,7157,0.0,104.0,162.0,162.0,2026-01-01,44.17901234567901,19.756632433767113,2.2361610711636417,False
848210,India,"Houston-Galveston, TX",2026,February,18195,1545,45414,65154,0.0,22314.0,6539.0,6539.0,2026-02-01,9.963908854564918,18.409028818923872,0.5412511954091977,False
848210,India,"Houston-Galveston, TX",2026,March,4052,1288,7217,12557,0.0,563.0,254.0,254.0,2026-03-01,49.43700787401575,17.952031470770606,2.753839193882252,False
848210,India,"Houston-Galveston, TX",2026,April,5799,986,21948,28733,0.0,9897.0,389.0,389.0,2026-04-01,73.86375321336762,17.952031470770606,4.1145066692664924,True
848210,India,"Houston-Galveston, TX",2026,June,2050,1,6030,8081,0.0,922.0,153.0,153.0,2026-06-01,52.81699346405229,26.783040048855483,1.9720313066667468,False
848210,India,"Laredo, TX",2023,December,119,150,4946,5215,0.0,1428.0,586.0,586.0,2023-12-01,8.899317406143345,20.271483262982233,0.4390067214466932,False
848210,India,"Laredo, TX",2024,August,61,4,2530,2595,0.0,727.0,334.0,334.0,2024-08-01,7.769461077844311,18.806624862103003,0.41312362716929907,False
848210,India,"Laredo, TX",2025,April,792,417,4166,5375,0.0,384.0,365.0,365.0,2025-04-01,14.726027397260275,20.201037821644466,0.7289738045776057,False
848210,India,"Laredo, TX",2025,July,1412,421,7427,9260,0.0,1938.0,618.0,618.0,2025-07-01,14.983818770226538,19.122754636372463,0.783559641649459,False
848210,India,"Laredo, TX",2025,November,2044,1,3465,5510,0.0,100.0,65.0,65.0,2025-11-01,84.76923076923077,19.756632433767113,4.290672059290184,True
848210,India,"Los Angeles, CA",2022,January,3812,3800,42358,49970,0.0,23100.0,4609.0,4609.0,2022-01-01,10.841831199826427,23.868897390259903,0.45422421583037237,False
848210,India,"Los Angeles, CA",2022,March,4502,2870,50023,57395,0.0,16244.0,5086.0,5086.0,2022-03-01,11.284899724734565,22.167764095917043,0.5090680176812721,False
848210,India,"Los Angeles, CA",2022,April,2122,1977,23574,27673,0.0,9050.0,1826.0,1826.0,2022-04-01,15.154983570646221,22.167764095917043,0.6836496231677932,False
848210,India,"Los Angeles, CA",2022,May,5094,10559,56605,72258,0.0,35000.0,6930.0,6930.0,2022-05-01,10.426839826839826,20.1753531306555,0.5168107720006514,False
848210,India,"Los Angeles, CA",2022,June,3817,2209,42402,48428,0.0,21280.0,4398.0,4398.0,2022-06-01,11.011368804001819,22.26537183615348,0.49455130976622935,False
848210,India,"Los Angeles, CA",2022,July,1773,872,19705,22350,0.0,1739.0,804.0,804.0,2022-07-01,27.79850746268657,19.480781153130813,1.4269708819257994,False
848210,India,"Los Angeles, CA",2022,August,9062,6765,122927,138754,0.0,87582.0,12741.0,12741.0,2022-08-01,10.890353975355152,27.230357262401537,0.39993430385109446,False
848210,India,"Los Angeles, CA",2022,October,3202,3365,35572,42139,0.0,24565.0,3853.0,3853.0,2022-10-01,10.936672722553855,27.882891940024127,0.3922359540781691,False
848210,India,"Los Angeles, CA",2022,November,955,5045,10615,16615,0.0,5642.0,1199.0,1199.0,2022-11-01,13.857381150959133,24.95263130316315,0.5553474895131595,False
848210,India,"Los Angeles, CA",2022,December,1454,5500,16155,23109,0.0,10350.0,1938.0,1938.0,2022-12-01,11.924148606811146,25.779643344526733,0.4625412558061149,False
848210,India,"Los Angeles, CA",2023,January,4097,3500,45526,53123,0.0,32250.0,5932.0,5932.0,2023-01-01,8.95532703978422,24.95263130316315,0.35889309351711485,False
848210,India,"Los Angeles, CA",2023,February,831,2318,9231,12380,0.0,6044.0,772.0,772.0,2023-02-01,16.036269430051814,24.680945096039437,0.6497429238487776,False
848210,India,"Los Angeles, CA",2023,March,7340,3897,81551,92788,0.0,61275.0,9832.0,9832.0,2023-03-01,9.437347436940602,24.680945096039437,0.382373827267053,False
848210,India,"Los Angeles, CA",2023,April,8781,6287,108459,123527,0.0,67742.0,11048.0,11048.0,2023-04-01,11.1809377262853,26.11538859139496,0.42813598913743245,False
848210,India,"Los Angeles, CA",2023,June,9090,2592,103201,114883,0.0,74075.0,11888.0,11888.0,2023-06-01,9.663778600269179,19.957918931421304,0.4842077289458642,False
848210,India,"Los Angeles, CA",2023,July,5810,1992,64553,72355,0.0,43875.0,7716.0,7716.0,2023-07-01,9.377268014515293,19.957918931421304,0.46985199442572795,False
848210,India,"Los Angeles, CA",2023,August,884,400,9820,11104,0.0,2510.0,612.0,612.0,2023-08-01,18.143790849673202,20.92603306325999,0.8670439731612776,False
848210,India,"Los Angeles, CA",2023,September,4756,1000,52842,58598,0.0,33900.0,6746.0,6746.0,2023-09-01,8.686332641565372,22.7273002014775,0.38219817420287666,False
848210,India,"Los Angeles, CA",2023,November,4301,1000,47790,53091,0.0,30900.0,6229.0,6229.0,2023-11-01,8.523197945095522,22.7273002014775,0.37502025623533713,False
848210,India,"Los Angeles, CA",2023,December,1150,288,12778,14216,0.0,3844.0,661.0,661.0,2023-12-01,21.50680786686838,20.271483262982233,1.0609390338072584,False
848210,India,"Los Angeles, CA",2024,January,13809,6099,153446,173354,0.0,43144.0,9587.0,9587.0,2024-01-01,18.082194638573068,20.271483262982233,0.8920015572611292,False
848210,India,"Los Angeles, CA",2024,February,4798,2536,53310,60644,0.0,33450.0,6686.0,6686.0,2024-02-01,9.070296141190548,16.340052236273223,0.5550959085097311,False
848210,India,"Los Angeles, CA",2024,March,3322,2500,36907,42729,0.0,24075.0,4543.0,4543.0,2024-03-01,9.405458947831828,16.340052236273223,0.575607642609164,False
848210,India,"Los Angeles, CA",2024,April,1153,3083,12817,17053,0.0,1846.0,860.0,860.0,2024-04-01,19.82906976744186,19.000171688556957,1.043625820464776,False
848210,India,"Los Angeles, CA",2024,May,6845,1453,79706,88004,0.0,43252.0,8859.0,8859.0,2024-05-01,9.93385257929789,19.00681925185669,0.5226467641779409,False
848210,India,"Los Angeles, CA",2024,June,335,200,3720,4255,0.0,2400.0,312.0,312.0,2024-06-01,13.637820512820513,19.00681925185669,0.7175225024296633,False
848210,India,"Los Angeles, CA",2024,August,335,500,3720,4555,0.0,2400.0,312.0,312.0,2024-08-01,14.599358974358974,18.806624862103003,0.7762880942969178,False
848210,India,"Los Angeles, CA",2024,October,1878,1394,20862,24134,0.0,10955.0,2669.0,2669.0,2024-10-01,9.042337954289996,18.806624862103003,0.48080599366402527,False
848210,India,"Los Angeles, CA",2024,November,510,500,5665,6675,0.0,110.0,282.0,282.0,2024-11-01,23.670212765957448,21.653458117615823,1.0931377629100696,False
848210,India,"Los Angeles, CA",2024,December,242,500,2687,3429,0.0,1350.0,351.0,351.0,2024-12-01,9.76923076923077,17.140152576677565,0.5699617156572845,False
848210,India,"Los Angeles, CA",2025,February,549,69,6100,6718,0.0,2520.0,1089.0,1089.0,2025-02-01,6.168962350780532,21.816645807259075,0.2827640144722855,True
848210,India,"Los Angeles, CA",2025,March,861,800,9566,11227,0.0,5325.0,1079.0,1079.0,2025-03-01,10.405004633920296,21.816645807259075,0.47692962180548526,False
848210,India,"Los Angeles, CA",2025,April,335,150,3720,4205,0.0,2400.0,312.0,312.0,2025-04-01,13.477564102564102,20.201037821644466,0.6671718661960785,False
848210,India,"Los Angeles, CA",2025,July,573,1025,3016,4614,0.0,1.0,1.0,1.0,2025-07-01,4614.0,19.122754636372463,241.28322973008997,True
848210,India,"Los Angeles, CA",2025,August,3933,1082,23685,28700,0.0,18039.0,2358.0,2358.0,2025-08-01,12.171331636980492,20.679670508451355,0.5885650659669031,False
848210,India,"Los Angeles, CA",2025,September,4071,1000,6900,11971,0.0,6000.0,780.0,780.0,2025-09-01,15.347435897435897,23.60797436810253,0.6500954151395681,False
848210,India,"Los Angeles, CA",2025,October,11221,1500,21975,34696,0.0,10070.0,3869.0,3869.0,2025-10-01,8.967691910054278,23.60797436810253,0.3798585922801918,False
848210,India,"Los Angeles, CA",2025,November,3365,500,5704,9569,0.0,110.0,282.0,282.0,2025-11-01,33.93262411347518,19.756632433767113,1.7175307698430995,False
848210,India,"Los Angeles, CA",2025,December,14896,2000,25248,42144,0.0,18101.0,2660.0,2660.0,2025-12-01,15.843609022556391,19.756632433767113,0.8019387451617126,False
848210,India,"Los Angeles, CA",2026,February,15325,4000,42900,62225,0.0,33027.0,4978.0,4978.0,2026-02-01,12.5,18.409028818923872,0.679014635859031,False
848210,India,"Los Angeles, CA",2026,March,3081,1536,10868,15485,0.0,307.0,387.0,387.0,2026-03-01,40.012919896640824,17.952031470770606,2.228879776742238,False
848210,India,"Los Angeles, CA",2026,April,1294,61,3805,5160,0.0,351.0,15.0,15.0,2026-04-01,344.0,17.952031470770606,19.16217674640883,True
848210,India,"Los Angeles, CA",2026,May,4079,700,11997,16776,0.0,6725.0,1356.0,1356.0,2026-05-01,12.371681415929203,21.28324157274191,0.5812874591328225,False
848210,India,"Los Angeles, CA",2026,June,13888,2500,40846,57234,0.0,31645.0,5005.0,5005.0,2026-06-01,11.435364635364635,26.783040048855483,0.42696290691815253,False
848210,India,"Miami, FL",2022,January,189,1175,2103,3467,0.0,1.0,11.0,11.0,2022-01-01,315.1818181818182,23.868897390259903,13.204707910405334,True
848210,India,"Miami, FL",2022,February,273,267,3034,3574,0.0,969.0,969.0,969.0,2022-02-01,3.6883384932920538,22.770109322063497,0.16198158915812377,True
848210,India,"Miami, FL",2022,April,1459,1262,16213,18934,0.0,2537.0,1589.0,1589.0,2022-04-01,11.91567023285085,22.167764095917043,0.5375224213544175,False
848210,India,"Miami, FL",2022,May,829,439,9214,10482,0.0,188.0,743.0,743.0,2022-05-01,14.107671601615074,20.1753531306555,0.699252771946734,False
848210,India,"Miami, FL",2022,June,247,195,2745,3187,0.0,1124.0,2450.0,2450.0,2022-06-01,1.3008163265306123,22.26537183615348,0.05842329228108407,True
848210,India,"Miami, FL",2022,August,238,263,2640,3141,0.0,2000.0,294.0,294.0,2022-08-01,10.683673469387756,27.230357262401537,0.39234422693892806,False
848210,India,"Miami, FL",2022,October,874,117,9710,10701,0.0,237.0,282.0,282.0,2022-10-01,37.9468085106383,27.882891940024127,1.3609351781824344,False
848210,India,"Miami, FL",2023,January,2345,1461,26056,29862,0.0,21566.0,1011.0,1011.0,2023-01-01,29.537091988130562,24.95263130316315,1.1837265428751098,False
848210,India,"Miami, FL",2023,September,615,525,6833,7973,0.0,887.0,750.0,750.0,2023-09-01,10.630666666666666,22.7273002014775,0.46774876788821435,False
848210,India,"Miami, FL",2023,October,283,356,3140,3779,0.0,1026.0,357.0,357.0,2023-10-01,10.585434173669467,20.92603306325999,0.5058500166596029,False
848210,India,"Miami, FL",2023,November,1327,196,14749,16272,0.0,360.0,428.0,428.0,2023-11-01,38.018691588785046,22.7273002014775,1.672820407692483,False
848210,India,"Miami, FL",2023,December,592,57,6580,7229,0.0,94.0,245.0,245.0,2023-12-01,29.506122448979593,20.271483262982233,1.4555482727236215,False
848210,India,"Miami, FL",2024,June,658,361,7310,8329,0.0,890.0,1780.0,1780.0,2024-06-01,4.679213483146067,19.00681925185669,0.24618603571394387,True
848210,India,"Miami, FL",2024,October,1769,899,19650,22318,0.0,2015.0,1005.0,1005.0,2024-10-01,22.206965174129355,18.806624862103003,1.1808054521722469,False
848210,India,"Miami, FL",2024,November,1156,329,12845,14330,0.0,508.0,444.0,444.0,2024-11-01,32.27477477477478,21.653458117615823,1.4905136444934932,False
848210,India,"Miami, FL",2024,December,760,110,8439,9309,0.0,262.0,250.0,250.0,2024-12-01,37.236,17.140152576677565,2.172442738384176,False
848210,India,"Miami, FL",2025,January,599,195,6654,7448,0.0,2588.0,1500.0,1500.0,2025-01-01,4.965333333333334,24.877655172413792,0.19959008591932198,True
848210,India,"Miami, FL",2025,February,248,94,2757,3099,0.0,270.0,437.0,437.0,2025-02-01,7.091533180778032,21.816645807259075,0.32505148790647087,True
848210,India,"Miami, FL",2025,May,925,49,4869,5843,0.0,170.0,144.0,144.0,2025-05-01,40.576388888888886,19.122754636372463,2.1218903688546265,False
848210,India,"Miami, FL",2025,July,1108,43,5831,6982,0.0,1200.0,268.0,268.0,2025-07-01,26.05223880597015,19.122754636372463,1.3623685133948982,False
848210,India,"Miami, FL",2026,February,1469,1,2160,3630,0.0,16.0,298.0,298.0,2026-02-01,12.181208053691275,18.409028818923872,0.6616974840720221,False
848210,India,"Miami, FL",2026,March,849,1,4466,5316,0.0,1482.0,842.0,842.0,2026-03-01,6.31353919239905,17.952031470770606,0.3516894008724705,False
848210,India,"Miami, FL",2026,April,1512,434,5846,7792,0.0,3008.0,664.0,664.0,2026-04-01,11.734939759036145,17.952031470770606,0.6536831097997408,False
848210,India,"Miami, FL",2026,June,1054,4138,8501,13693,0.0,3067.0,135.0,135.0,2026-06-01,101.42962962962963,26.783040048855483,3.787084268425459,True
848210,India,"Milwaukee, WI",2025,October,1284,46,2177,3507,0.0,45.0,16.0,16.0,2025-10-01,219.1875,23.60797436810253,9.284468738501813,True
848210,India,"Minneapolis, MN",2023,February,352,1,3906,4259,0.0,93.0,150.0,150.0,2023-02-01,28.393333333333334,24.680945096039437,1.1504151572335706,False
848210,India,"Mobile, AL",2022,October,305,68,3389,3762,0.0,1455.0,297.0,297.0,2022-10-01,12.666666666666666,27.882891940024127,0.4542809509828666,False
848210,India,"Mobile, AL",2024,September,205,175,2300,2680,0.0,40.0,80.0,80.0,2024-09-01,33.5,19.575663390186097,1.7113085432800512,False
848210,India,"Mobile, AL",2026,June,1937,3,5700,7640,0.0,940.0,333.0,333.0,2026-06-01,22.942942942942942,26.783040048855483,0.8566220601205934,False
848210,India,"New Orleans, LA",2022,January,28970,4523,321896,355389,0.0,60165.0,11964.0,11964.0,2022-01-01,29.704864593781345,23.868897390259903,1.2445009129706555,False
848210,India,"New Orleans, LA",2022,February,4680,676,51987,57343,0.0,25296.0,1479.0,1479.0,2022-02-01,38.771467207572684,22.770109322063497,1.7027352244639593,False
848210,India,"New Orleans, LA",2022,March,22122,3198,245794,271114,0.0,60846.0,8543.0,8543.0,2022-03-01,31.735221819033125,22.167764095917043,1.4315932667687608,False
848210,India,"New Orleans, LA",2022,April,5450,1304,60538,67292,0.0,23168.0,1537.0,1537.0,2022-04-01,43.78139232270657,22.167764095917043,1.975002626934776,False
848210,India,"New Orleans, LA",2022,May,36692,5300,407676,449668,0.0,53200.0,15872.0,15872.0,2022-05-01,28.330897177419356,20.1753531306555,1.4042330260069595,False
848210,India,"New Orleans, LA",2022,June,3441,474,38233,42148,0.0,16033.0,2406.0,2406.0,2022-06-01,17.517871986699916,22.26537183615348,0.7867765297436087,False
848210,India,"New Orleans, LA",2022,July,10686,1543,118745,130974,0.0,23184.0,5213.0,5213.0,2022-07-01,25.12449645117974,19.480781153130813,1.28970682713829,False
848210,India,"New Orleans, LA",2022,August,19241,2765,213781,235787,0.0,65231.0,9649.0,9649.0,2022-08-01,24.43641828168722,27.230357262401537,0.8973961687762333,False
848210,India,"New Orleans, LA",2022,September,7588,1574,84312,93474,0.0,32515.0,6043.0,6043.0,2022-09-01,15.46814496111203,20.578102511572425,0.7516798476639559,False
848210,India,"New Orleans, LA",2022,October,28179,4047,313104,345330,0.0,34981.0,12404.0,12404.0,2022-10-01,27.840212834569495,27.882891940024127,0.9984693443726557,False
848210,India,"New Orleans, LA",2022,November,6972,1007,77459,85438,0.0,12355.0,4418.0,4418.0,2022-11-01,19.338614757808962,24.95263130316315,0.7750130446305868,False
848210,India,"New Orleans, LA",2022,December,19778,2859,219759,242396,0.0,38313.0,8802.0,8802.0,2022-12-01,27.53874119518291,25.779643344526733,1.0682359265854489,False
848210,India,"New Orleans, LA",2023,January,18421,2558,204692,225671,0.0,54375.0,7633.0,7633.0,2023-01-01,29.56517751866894,24.95263130316315,1.1848520967374319,False
848210,India,"New Orleans, LA",2023,February,14288,4848,158761,177897,0.0,69912.0,6082.0,6082.0,2023-02-01,29.249753370601777,24.680945096039437,1.185114802402583,False
848210,India,"New Orleans, LA",2023,March,9322,1346,103570,114238,0.0,26756.0,6374.0,6374.0,2023-03-01,17.922497646689678,24.680945096039437,0.7261673966271943,False
848210,India,"New Orleans, LA",2023,April,20927,3977,232519,257423,0.0,26049.0,7416.0,7416.0,2023-04-01,34.711839266450916,26.11538859139496,1.329171846130924,False
848210,India,"New Orleans, LA",2023,May,20331,3310,225899,249540,0.0,24562.0,10107.0,10107.0,2023-05-01,24.689818937370138,26.11538859139496,0.9454126577884984,False
848210,India,"New Orleans, LA",2023,June,20530,2969,228124,251623,0.0,20485.0,9720.0,9720.0,2023-06-01,25.887139917695475,19.957918931421304,1.2970861344135103,False
848210,India,"New Orleans, LA",2023,July,23090,3395,256565,283050,0.0,32351.0,11167.0,11167.0,2023-07-01,25.34700456702785,19.957918931421304,1.2700224233861421,False
848210,India,"New Orleans, LA",2023,August,22386,2956,248740,274082,0.0,36158.0,10972.0,10972.0,2023-08-01,24.98013124316442,20.92603306325999,1.1937346733443828,False
848210,India,"New Orleans, LA",2023,September,14158,2267,157283,173708,0.0,21004.0,9712.0,9712.0,2023-09-01,17.885914332784186,22.7273002014775,0.7869792792907898,False
848210,India,"New Orleans, LA",2023,October,7766,1111,86301,95178,0.0,36933.0,7364.0,7364.0,2023-10-01,12.924769147202607,20.92603306325999,0.6176406731333485,False
848210,India,"New Orleans, LA",2023,November,16561,2805,183997,203363,0.0,54246.0,8651.0,8651.0,2023-11-01,23.50745578545833,22.7273002014775,1.034326804198684,False
848210,India,"New Orleans, LA",2023,December,11320,3847,125755,140922,0.0,31356.0,5586.0,5586.0,2023-12-01,25.227712137486574,20.271483262982233,1.2444926604633275,False
848210,India,"New Orleans, LA",2024,January,10060,1617,157460,169137,0.0,12158.0,4375.0,4375.0,2024-01-01,38.659885714285714,20.271483262982233,1.9071069054370853,False
848210,India,"New Orleans, LA",2024,February,11446,4590,127154,143190,0.0,26923.0,6560.0,6560.0,2024-02-01,21.827743902439025,16.340052236273223,1.335842969582661,False
848210,India,"New Orleans, LA",2024,March,14324,1753,159148,175225,0.0,44084.0,8603.0,8603.0,2024-03-01,20.367894920376614,16.340052236273223,1.2465012122275838,False
848210,India,"New Orleans, LA",2024,April,18486,4280,205435,228201,0.0,67226.0,12348.0,12348.0,2024-04-01,18.48080660835763,19.000171688556957,0.9726652427824048,False
848210,India,"New Orleans, LA",2024,May,5781,4166,64229,74176,0.0,32940.0,4140.0,4140.0,2024-05-01,17.916908212560386,19.00681925185669,0.9426568420073845,False
848210,India,"New Orleans, LA",2024,June,25401,4230,282210,311841,0.0,38012.0,18205.0,18205.0,2024-06-01,17.129414995880254,19.00681925185669,0.9012247009297444,False
848210,India,"New Orleans, LA",2024,July,8213,1505,91249,100967,0.0,58047.0,8544.0,8544.0,2024-07-01,11.817298689138577,19.00681925185669,0.6217399414678075,False
848210,India,"New Orleans, LA",2024,August,14216,2395,157944,174555,0.0,16921.0,11691.0,11691.0,2024-08-01,14.930715935334874,18.806624862103003,0.7939072558107741,False
848210,India,"New Orleans, LA",2024,September,19718,5894,219079,244691,0.0,82289.0,11611.0,11611.0,2024-09-01,21.074067694427697,19.575663390186097,1.0765442414070523,False
848210,India,"New Orleans, LA",2024,October,20205,4922,224492,249619,0.0,69234.0,14743.0,14743.0,2024-10-01,16.931357254290173,18.806624862103003,0.9002868605311707,False
848210,India,"New Orleans, LA",2024,November,10854,2014,120573,133441,0.0,36093.0,12638.0,12638.0,2024-11-01,10.558711821490743,21.653458117615823,0.48762242798072386,False
848210,India,"New Orleans, LA",2024,December,26119,4242,290239,320600,0.0,219343.0,18070.0,18070.0,2024-12-01,17.742114001106806,17.140152576677565,1.0351199571728622,False
848210,India,"New Orleans, LA",2025,January,7677,1109,85295,94081,0.0,20037.0,10348.0,10348.0,2025-01-01,9.091708542713567,24.877655172413792,0.3654568117334119,False
848210,India,"New Orleans, LA",2025,February,11883,2775,132021,146679,0.0,53069.0,9876.0,9876.0,2025-02-01,14.85206561360875,21.816645807259075,0.6807676003369412,False
848210,India,"New Orleans, LA",2025,March,29836,5687,331465,366988,0.0,120994.0,14878.0,14878.0,2025-03-01,24.666487431106333,21.816645807259075,1.1306269372947801,False
848210,India,"New Orleans, LA",2025,April,11817,3591,125634,141042,0.0,68197.0,10520.0,10520.0,2025-04-01,13.407034220532319,20.201037821644466,0.663680467256356,False
848210,India,"New Orleans, LA",2025,May,32397,3144,319355,354896,0.0,27252.0,30070.0,30070.0,2025-05-01,11.80232790156302,19.122754636372463,0.6171876450851064,False
848210,India,"New Orleans, LA",2025,June,14258,2615,104964,121837,0.0,22075.0,8608.0,8608.0,2025-06-01,14.15392657992565,17.589318917429928,0.8046887231034275,False
848210,India,"New Orleans, LA",2025,July,5413,766,28483,34662,0.0,2302.0,1813.0,1813.0,2025-07-01,19.118587975730833,19.122754636372463,0.9997821098099693,False
848210,India,"New Orleans, LA",2025,August,42074,2331,257306,301711,0.0,31527.0,14906.0,14906.0,2025-08-01,20.240909700791626,20.679670508451355,0.9787829884678086,False
848210,India,"New Orleans, LA",2025,September,82258,2109,201307,285674,0.0,82537.0,20199.0,20199.0,2025-09-01,14.14297737511758,23.60797436810253,0.599076276286821,False
848210,India,"New Orleans, LA",2025,October,71889,1847,173346,247082,0.0,55761.0,24536.0,24536.0,2025-10-01,10.070182588849038,23.60797436810253,0.4265585192457332,False
848210,India,"New Orleans, LA",2025,November,33484,1330,91572,126386,0.0,40297.0,10794.0,10794.0,2025-11-01,11.708912358717805,19.756632433767113,0.5926572961242869,False
848210,India,"New Orleans, LA",2025,December,114279,15987,276769,407035,0.0,138776.0,35065.0,35065.0,2025-12-01,11.608013688863538,19.756632433767113,0.5875502177700924,False
848210,India,"New Orleans, LA",2026,January,95626,9902,187305,292833,0.0,17388.0,18764.0,18764.0,2026-01-01,15.606107439778299,19.756632433767113,0.7899173855714939,False
848210,India,"New Orleans, LA",2026,February,122639,11869,258007,392515,0.0,117629.0,34200.0,34200.0,2026-02-01,11.477046783625731,18.409028818923872,0.623446619401655,False
848210,India,"New Orleans, LA",2026,March,74347,6137,157847,238331,0.0,75824.0,26998.0,26998.0,2026-03-01,8.827727979850359,17.952031470770606,0.4917397785439277,False
848210,India,"New Orleans, LA",2026,April,95894,6967,222795,325656,0.0,49677.0,24792.0,24792.0,2026-04-01,13.135527589545015,17.952031470770606,0.7317014573493927,False
848210,India,"New Orleans, LA",2026,May,53144,10909,901621,965674,0.0,310177.0,20906.0,20906.0,2026-05-01,46.19123696546446,21.28324157274191,2.170310232470554,False
848210,India,"New Orleans, LA",2026,June,27217,7495,110687,145399,0.0,98602.0,9326.0,9326.0,2026-06-01,15.590714132532705,26.783040048855483,0.582111444559444,False
848210,India,"New York, NY",2022,January,9559,8152,106193,123904,0.0,118356.0,5273.0,5273.0,2022-01-01,23.497819078323534,23.868897390259903,0.984453479108432,False
848210,India,"New York, NY",2022,February,16814,8500,186813,212127,0.0,147200.0,10400.0,10400.0,2022-02-01,20.396826923076922,22.770109322063497,0.8957720243930959,False
848210,India,"New York, NY",2022,March,51455,16952,571728,640135,0.0,139095.0,29407.0,29407.0,2022-03-01,21.76811643486245,22.167764095917043,0.9819716747559487,False
848210,India,"New York, NY",2022,April,32451,12458,360549,405458,0.0,182674.0,12891.0,12891.0,2022-04-01,31.45279652470716,22.167764095917043,1.418852906798132,False
848210,India,"New York, NY",2022,May,18805,10187,208923,237915,0.0,68674.0,7699.0,7699.0,2022-05-01,30.902065203273153,20.1753531306555,1.5316740680151428,False
848210,India,"New York, NY",2022,June,30806,21836,342272,394914,0.0,291187.0,18168.0,18168.0,2022-06-01,21.73678996036988,22.26537183615348,0.9762599124922174,False
848210,India,"New York, NY",2022,July,14087,13494,156535,184116,0.0,129980.0,7934.0,7934.0,2022-07-01,23.205949079909253,19.480781153130813,1.1912227183035602,False
848210,India,"New York, NY",2022,August,18404,14696,204496,237596,0.0,77431.0,13592.0,13592.0,2022-08-01,17.48057680988817,27.230357262401537,0.6419517981875534,False
848210,India,"New York, NY",2022,September,24388,12343,270967,307698,0.0,250801.0,10184.0,10184.0,2022-09-01,30.213864886095838,20.578102511572425,1.4682532011444975,False
848210,India,"New York, NY",2022,October,13832,4523,153702,172057,0.0,147248.0,8293.0,8293.0,2022-10-01,20.74725672253708,27.882891940024127,0.7440855405947224,False
848210,India,"New York, NY",2022,November,15293,3896,169903,189092,0.0,70886.0,5398.0,5398.0,2022-11-01,35.030011115227865,24.95263130316315,1.4038604061282804,False
848210,India,"New York, NY",2022,December,7969,3578,88554,100101,0.0,24793.0,3211.0,3211.0,2022-12-01,31.174400498287138,25.779643344526733,1.20926422765681,False
848210,India,"New York, NY",2023,January,12264,4395,136275,152934,0.0,141191.0,6372.0,6372.0,2023-01-01,24.00094161958569,24.95263130316315,0.9618601472520126,False
848210,India,"New York, NY",2023,February,9984,4850,110938,125772,0.0,147388.0,5415.0,5415.0,2023-02-01,23.226592797783933,24.680945096039437,0.9410738813851628,False
848210,India,"New York, NY",2023,March,14603,5682,162258,182543,0.0,179776.0,7583.0,7583.0,2023-03-01,24.072662534616907,24.680945096039437,0.9753541625308286,False
848210,India,"New York, NY",2023,April,4989,1195,55419,61603,0.0,1689.0,1840.0,1840.0,2023-04-01,33.479891304347824,26.11538859139496,1.2819985881956002,False
848210,India,"New York, NY",2023,May,18904,5981,210070,234955,0.0,263139.0,10796.0,10796.0,2023-05-01,21.763153019636903,26.11538859139496,0.8333459386780052,False
848210,India,"New York, NY",2023,July,15475,4709,171997,192181,0.0,206110.0,8531.0,8531.0,2023-07-01,22.527370765443678,19.957918931421304,1.1287434748508316,False
848210,India,"New York, NY",2023,August,8310,2000,92365,102675,0.0,145800.0,4955.0,4955.0,2023-08-01,20.721493440968718,20.92603306325999,0.9902255902170783,False
848210,India,"New York, NY",2023,September,5968,2592,66316,74876,0.0,8194.0,1461.0,1461.0,2023-09-01,51.2498288843258,22.7273002014775,2.2549897449321348,False
848210,India,"New York, NY",2023,October,7149,4313,79447,90909,0.0,46487.0,3782.0,3782.0,2023-10-01,24.037281861448967,20.92603306325999,1.1486783848990196,False
848210,India,"New York, NY",2023,November,415,182,4615,5212,0.0,32.0,330.0,330.0,2023-11-01,15.793939393939393,22.7273002014775,0.6949324932537578,False
848210,India,"New York, NY",2023,December,4354,4255,48386,56995,0.0,4042.0,2089.0,2089.0,2023-12-01,27.28338918142652,20.271483262982233,1.3458999929841706,False
848210,India,"New York, NY",2024,January,957,1023,10629,12609,0.0,290.0,105.0,105.0,2024-01-01,120.08571428571429,20.271483262982233,5.923874081034952,True
848210,India,"New York, NY",2024,February,4854,5056,53950,63860,0.0,1664.0,2195.0,2195.0,2024-02-01,29.093394077448746,16.340052236273223,1.7804957815780065,False
848210,India,"New York, NY",2024,March,4906,3203,60559,68668,0.0,16158.0,4685.0,4685.0,2024-03-01,14.656990394877267,16.340052236273223,0.896997768608124,False
848210,India,"New York, NY",2024,April,2411,1274,26770,30455,0.0,728.0,1685.0,1685.0,2024-04-01,18.07418397626113,19.000171688556957,0.95126424500398,False
848210,India,"New York, NY",2024,May,9746,14644,108318,132708,0.0,126834.0,5202.0,5202.0,2024-05-01,25.510957324106112,19.00681925185669,1.342200238033729,False
848210,India,"New York, NY",2024,June,10713,14862,123824,149399,0.0,138186.0,5744.0,5744.0,2024-06-01,26.00957520891365,19.00681925185669,1.3684338691426705,False
848210,India,"New York, NY",2024,July,785,550,8726,10061,0.0,910.0,464.0,464.0,2024-07-01,21.683189655172413,19.00681925185669,1.1408110619589482,False
848210,India,"New York, NY",2024,August,3939,2516,45726,52181,0.0,871.0,1288.0,1288.0,2024-08-01,40.51319875776397,18.806624862103003,2.154198270812623,False
848210,India,"New York, NY",2024,September,1682,1793,18685,22160,0.0,578.0,882.0,882.0,2024-09-01,25.124716553287982,19.575663390186097,1.2834669279143716,False
848210,India,"New York, NY",2024,October,2317,695,25762,28774,0.0,1533.0,638.0,638.0,2024-10-01,45.10031347962382,18.806624862103003,2.3981077843746914,False
848210,India,"New York, NY",2024,November,586,519,6505,7610,0.0,617.0,1151.0,1151.0,2024-11-01,6.611642050390964,21.653458117615823,0.305338852319952,True
848210,India,"New York, NY",2024,December,9978,5075,110892,125945,0.0,146775.0,5174.0,5174.0,2024-12-01,24.34190181677619,17.140152576677565,1.4201683274335593,False
848210,India,"New York, NY",2025,January,18969,2022,210830,231821,0.0,292563.0,11219.0,11219.0,2025-01-01,20.66324984401462,24.877655172413792,0.8305947526327794,False
848210,India,"New York, NY",2025,February,9500,4248,105590,119338,0.0,119455.0,4785.0,4785.0,2025-02-01,24.94002089864159,21.816645807259075,1.1431647705598846,False
848210,India,"New York, NY",2025,March,1681,455,18669,20805,0.0,907.0,968.0,968.0,2025-03-01,21.492768595041323,21.816645807259075,0.9851545826485395,False
848210,India,"New York, NY",2025,April,10423,1566,113268,125257,0.0,147221.0,5802.0,5802.0,2025-04-01,21.588590141330577,20.201037821644466,1.0686871799328752,False
848210,India,"New York, NY",2025,May,17676,1113,130651,149440,0.0,13541.0,4684.0,4684.0,2025-05-01,31.904355251921434,19.122754636372463,1.6683974593930997,False
848210,India,"New York, NY",2025,June,2895,824,15234,18953,0.0,1119.0,489.0,489.0,2025-06-01,38.758691206543965,17.589318917429928,2.2035356450406103,False
848210,India,"New York, NY",2025,July,9502,1724,50012,61238,0.0,2392.0,1982.0,1982.0,2025-07-01,30.8970736629667,19.122754636372463,1.6157229567856755,False
848210,India,"New York, NY",2025,August,20210,705,99157,120072,0.0,145984.0,5717.0,5717.0,2025-08-01,21.002623753716986,20.679670508451355,1.0156169434679168,False
848210,India,"New York, NY",2025,September,55749,568,94490,150807,0.0,145840.0,4957.0,4957.0,2025-09-01,30.42303812789994,23.60797436810253,1.2886763452693957,False
848210,India,"New York, NY",2025,October,4760,103,8069,12932,0.0,312.0,847.0,847.0,2025-10-01,15.268004722550177,23.60797436810253,0.646730824275176,False
848210,India,"New York, NY",2025,November,27153,2638,46023,75814,0.0,2933.0,1987.0,1987.0,2025-11-01,38.15500754906895,19.756632433767113,1.9312505649422416,False
848210,India,"New York, NY",2025,December,13652,1592,23139,38383,0.0,659.0,2942.0,2942.0,2025-12-01,13.04656696125085,19.756632433767113,0.6603639058928013,False
848210,India,"New York, NY",2026,January,25210,1296,33115,59621,0.0,4334.0,1733.0,1733.0,2026-01-01,34.40334679746105,19.756632433767113,1.7413568285382712,False
848210,India,"New York, NY",2026,February,5125,261,13859,19245,0.0,1412.0,1305.0,1305.0,2026-02-01,14.74712643678161,18.409028818923872,0.8010811749950683,False
848210,India,"New York, NY",2026,March,5909,1128,14390,21427,0.0,18730.0,1602.0,1602.0,2026-03-01,13.375156054931336,17.952031470770606,0.7450497219052166,False
848210,India,"New York, NY",2026,April,10864,1492,19472,31828,0.0,460.0,793.0,793.0,2026-04-01,40.13619167717528,17.952031470770606,2.2357465082726042,False
848210,India,"New York, NY",2026,May,14872,3665,50256,68793,0.0,4692.0,1479.0,1479.0,2026-05-01,46.5131845841785,21.28324157274191,2.1854370456307435,False
848210,India,"New York, NY",2026,June,18309,1558,62845,82712,0.0,31894.0,2304.0,2304.0,2026-06-01,35.89930555555556,26.783040048855483,1.34037456129218,False
848210,India,"Nogales, AZ",2023,December,272,4,3025,3301,0.0,7.0,1.0,1.0,2023-12-01,3301.0,20.271483262982233,162.83958885376472,True
848210,India,"Nogales, AZ",2025,June,412,866,2166,3444,0.0,10.0,10.0,10.0,2025-06-01,344.4,17.589318917429928,19.58006456172222,True
848210,India,"Norfolk, VA",2022,March,6944,2150,77192,86286,0.0,1120.0,4360.0,4360.0,2022-03-01,19.790366972477063,22.167764095917043,0.8927543114788983,False
848210,India,"Norfolk, VA",2022,April,26052,9603,289464,325119,0.0,4200.0,21625.0,21625.0,2022-04-01,15.034404624277457,22.167764095917043,0.6782102407453244,False
848210,India,"Norfolk, VA",2022,May,14762,4500,164030,183292,0.0,2380.0,9265.0,9265.0,2022-05-01,19.78327037236913,20.1753531306555,0.9805662505262118,False
848210,India,"Norfolk, VA",2022,June,39078,8500,434196,481774,0.0,6300.0,24525.0,24525.0,2022-06-01,19.6441997961264,22.26537183615348,0.8822758470275829,False
848210,India,"Norfolk, VA",2022,July,13026,1762,144732,159520,0.0,2100.0,8175.0,8175.0,2022-07-01,19.5131498470948,19.480781153130813,1.001661570637725,False
848210,India,"Norfolk, VA",2022,August,38210,10198,424547,472955,0.0,6160.0,23980.0,23980.0,2022-08-01,19.722894078398667,27.230357262401537,0.7242980284225341,False
848210,India,"Norfolk, VA",2024,January,2834,656,31486,34976,0.0,1400.0,854.0,854.0,2024-01-01,40.95550351288056,20.271483262982233,2.0203506068877273,False
848210,India,"Ogdensburg, NY",2025,April,472,18,2484,2974,0.0,71.0,12.0,12.0,2025-04-01,247.83333333333334,20.201037821644466,12.268346583054834,True
848210,India,"Ogdensburg, NY",2025,May,119,65,4944,5128,0.0,4.0,1.0,1.0,2025-05-01,5128.0,19.122754636372463,268.1622024395105,True
848210,India,"Ogdensburg, NY",2026,April,957,3,2815,3775,0.0,96.0,84.0,84.0,2026-04-01,44.94047619047619,17.952031470770606,2.503364383225821,False
848210,India,"Pembina, ND",2024,July,203,100,2255,2558,0.0,1.0,40.0,40.0,2024-07-01,63.95,19.00681925185669,3.3645818983496154,True
848210,India,"Pembina, ND",2024,August,402,200,4458,5060,0.0,441.0,240.0,240.0,2024-08-01,21.083333333333332,18.806624862103003,1.1210588549473381,False
848210,India,"Pembina, ND",2024,September,364,300,4050,4714,0.0,2.0,80.0,80.0,2024-09-01,58.925,19.575663390186097,3.0101151018739407,True
848210,India,"Pembina, ND",2024,October,182,100,2025,2307,0.0,1.0,40.0,40.0,2024-10-01,57.675,18.806624862103003,3.0667384723677973,True
848210,India,"Pembina, ND",2025,April,587,93,4245,4925,0.0,97.0,88.0,88.0,2025-04-01,55.96590909090909,20.201037821644466,2.7704472208325974,False
848210,India,"Pembina, ND",2025,May,422,500,2221,3143,0.0,1.0,40.0,40.0,2025-05-01,78.575,19.122754636372463,4.108979145219293,True
848210,India,"Pembina, ND",2025,July,1081,13,5687,6781,0.0,208.0,82.0,82.0,2025-07-01,82.6951219512195,19.122754636372463,4.324435653947529,True
848210,India,"Pembina, ND",2025,September,3363,131,5700,9194,0.0,1.0,40.0,40.0,2025-09-01,229.85,23.60797436810253,9.73611697539614,True
848210,India,"Pembina, ND",2026,January,2695,154,4568,7417,0.0,77.0,142.0,142.0,2026-01-01,52.232394366197184,19.756632433767113,2.6437903595819305,False
848210,India,"Philadelphia, PA",2022,January,262,741,2910,3913,0.0,550.0,200.0,200.0,2022-01-01,19.565,23.868897390259903,0.8196859570054469,False
848210,India,"Philadelphia, PA",2022,March,321,1,3565,3887,0.0,100.0,110.0,110.0,2022-03-01,35.336363636363636,22.167764095917043,1.5940427497995633,False
848210,India,"Philadelphia, PA",2022,April,1355,3500,15060,19915,0.0,6950.0,1500.0,1500.0,2022-04-01,13.276666666666667,22.167764095917043,0.5989177171509157,False
848210,India,"Philadelphia, PA",2022,May,513,1387,5700,7600,0.0,800.0,327.0,327.0,2022-05-01,23.24159021406728,20.1753531306555,1.1519793514172885,False
848210,India,"Philadelphia, PA",2022,September,198,456,2199,2853,0.0,300.0,120.0,120.0,2022-09-01,23.775,20.578102511572425,1.1553543377787017,False
848210,India,"Philadelphia, PA",2022,December,314,135,3495,3944,0.0,450.0,115.0,115.0,2022-12-01,34.29565217391304,25.779643344526733,1.3303385045159803,False
848210,India,"Philadelphia, PA",2023,January,292,733,3242,4267,0.0,510.0,165.0,165.0,2023-01-01,25.86060606060606,24.95263130316315,1.0363879362625699,False
848210,India,"Philadelphia, PA",2023,July,695,2241,7720,10656,0.0,74.0,191.0,191.0,2023-07-01,55.79057591623037,19.957918931421304,2.7954104888358335,False
848210,India,"Philadelphia, PA",2023,August,164,96,6856,7116,0.0,200.0,11.0,11.0,2023-08-01,646.9090909090909,20.92603306325999,30.91408146749393,True
848210,India,"Philadelphia, PA",2023,November,311,358,3460,4129,0.0,400.0,40.0,40.0,2023-11-01,103.225,22.7273002014775,4.541894509462648,True
848210,India,"Philadelphia, PA",2024,February,55,313,2292,2660,0.0,600.0,68.0,68.0,2024-02-01,39.11764705882353,16.340052236273223,2.3939731950174803,False
848210,India,"Philadelphia, PA",2024,April,594,1510,6600,8704,0.0,1.0,89.0,89.0,2024-04-01,97.79775280898876,19.000171688556957,5.14720363647495,True
848210,India,"Philadelphia, PA",2024,June,286,143,11900,12329,0.0,20.0,5.0,5.0,2024-06-01,2465.8,19.00681925185669,129.73238537842818,True
848210,India,"Philadelphia, PA",2025,March,299,590,3320,4209,0.0,500.0,125.0,125.0,2025-03-01,33.672,21.816645807259075,1.5434086567421046,False
848210,India,"Philadelphia, PA",2025,June,0,30,2393,2423,0.0,29.0,9.0,9.0,2025-06-01,269.22222222222223,17.589318917429928,15.306006075962364,True
848210,India,"Philadelphia, PA",2025,August,1845,417,6682,8944,0.0,695.0,30.0,30.0,2025-08-01,298.1333333333333,20.679670508451355,14.41673518016123,True
848210,India,"Philadelphia, PA",2025,October,7559,1322,8012,16893,0.0,438.0,271.0,271.0,2025-10-01,62.33579335793358,23.60797436810253,2.6404549744918997,False
848210,India,"Philadelphia, PA",2026,March,1671,318,2833,4822,0.0,221.0,61.0,61.0,2026-03-01,79.04918032786885,17.952031470770606,4.4033557125039735,True
848210,India,"Philadelphia, PA",2026,April,2176,707,6400,9283,0.0,400.0,9.0,9.0,2026-04-01,1031.4444444444443,17.952031470770606,57.455583571354374,True
848210,India,"Philadelphia, PA",2026,June,2933,853,8626,12412,0.0,486.0,51.0,51.0,2026-06-01,243.37254901960785,26.783040048855483,9.086815707838507,True
848210,India,"San Francisco, CA",2024,December,197,0,2194,2391,0.0,12.0,28.0,28.0,2024-12-01,85.39285714285714,17.140152576677565,4.982035997687112,True
848210,India,"San Francisco, CA",2025,July,0,64,2901,2965,0.0,128.0,180.0,180.0,2025-07-01,16.47222222222222,19.122754636372463,0.8613937968377844,False
848210,India,"San Francisco, CA",2026,February,8623,11,14615,23249,0.0,1157.0,229.0,229.0,2026-02-01,101.52401746724891,18.409028818923872,5.514903500117594,True
848210,India,"San Francisco, CA",2026,April,7082,2,29205,36289,0.0,592.0,5866.0,5866.0,2026-04-01,6.186327991817252,17.952031470770606,0.34460322787924,False
848210,India,"San Juan, PR",2022,November,810,1044,9005,10859,0.0,440.0,1229.0,1229.0,2022-11-01,8.835638730675345,24.95263130316315,0.3540964727657914,False
848210,India,"Savannah, GA",2022,January,13439,4838,151242,169519,0.0,51627.0,6121.0,6121.0,2022-01-01,27.69465773566411,23.868897390259903,1.1602822402246937,False
848210,India,"Savannah, GA",2022,February,7478,3356,83069,93903,0.0,51040.0,1650.0,1650.0,2022-02-01,56.910909090909094,22.770109322063497,2.499369163579916,False
848210,India,"Savannah, GA",2022,March,13573,2810,150868,167251,0.0,61794.0,7002.0,7002.0,2022-03-01,23.886175378463296,22.167764095917043,1.0775184757069278,False
848210,India,"Savannah, GA",2022,April,9175,3714,101993,114882,0.0,26520.0,3439.0,3439.0,2022-04-01,33.405641174760106,22.167764095917043,1.506946800327639,False
848210,India,"Savannah, GA",2022,May,15884,5375,176433,197692,0.0,72485.0,10694.0,10694.0,2022-05-01,18.486253974191136,20.1753531306555,0.9162790784614394,False
848210,India,"Savannah, GA",2022,June,15826,5860,175845,197531,0.0,35888.0,11169.0,11169.0,2022-06-01,17.685647775091773,22.26537183615348,0.7943118087241928,False
848210,India,"Savannah, GA",2022,July,17533,3333,194844,215710,0.0,31446.0,7259.0,7259.0,2022-07-01,29.716214354594296,19.480781153130813,1.5254118467327742,False
848210,India,"Savannah, GA",2022,August,5591,2490,62159,70240,0.0,5233.0,1268.0,1268.0,2022-08-01,55.39432176656151,27.230357262401537,2.034285530401304,False
848210,India,"Savannah, GA",2022,September,21293,4207,236580,262080,0.0,17966.0,4194.0,4194.0,2022-09-01,62.48927038626609,20.578102511572425,3.036687680563563,True
848210,India,"Savannah, GA",2022,October,22503,7561,249979,280043,0.0,69321.0,9254.0,9254.0,2022-10-01,30.26183272098552,27.882891940024127,1.0853190116031894,False
848210,India,"Savannah, GA",2022,November,40092,7056,453837,500985,0.0,55097.0,10774.0,10774.0,2022-11-01,46.49944310376833,24.95263130316315,1.8635086031136832,False
848210,India,"Savannah, GA",2022,December,37239,7465,423084,467788,0.0,56677.0,15289.0,15289.0,2022-12-01,30.596376479822094,25.779643344526733,1.1868425047981899,False
848210,India,"Savannah, GA",2023,January,43269,11016,480754,535039,0.0,63579.0,12025.0,12025.0,2023-01-01,44.49388773388773,24.95263130316315,1.7831340988975142,False
848210,India,"Savannah, GA",2023,February,11373,2003,126358,139734,0.0,11401.0,2435.0,2435.0,2023-02-01,57.38562628336756,24.680945096039437,2.3250984133738157,False
848210,India,"Savannah, GA",2023,March,25376,20102,289592,335070,0.0,55816.0,12690.0,12690.0,2023-03-01,26.404255319148938,24.680945096039437,1.069823510258772,False
848210,India,"Savannah, GA",2023,April,19343,5878,214928,240149,0.0,32160.0,3665.0,3665.0,2023-04-01,65.52496589358799,26.11538859139496,2.509055749420421,False
848210,India,"Savannah, GA",2023,May,14513,6210,163741,184464,0.0,25525.0,5307.0,5307.0,2023-05-01,34.758620689655174,26.11538859139496,1.3309631816509966,False
848210,India,"Savannah, GA",2023,June,16580,4940,185746,207266,0.0,20859.0,6034.0,6034.0,2023-06-01,34.34968511766655,19.957918931421304,1.7211055539256237,False
848210,India,"Savannah, GA",2023,July,7291,1384,81018,89693,0.0,6879.0,2166.0,2166.0,2023-07-01,41.40951061865189,19.957918931421304,2.074841107479281,False
848210,India,"Savannah, GA",2023,August,20538,5123,234864,260525,0.0,57751.0,8507.0,8507.0,2023-08-01,30.624779593276127,20.92603306325999,1.4634775497437356,False
848210,India,"Savannah, GA",2023,September,36352,10603,403904,450859,0.0,53702.0,13488.0,13488.0,2023-09-01,33.42667556346382,22.7273002014775,1.4707719468276637,False
848210,India,"Savannah, GA",2023,October,23867,11465,265169,300501,0.0,82690.0,9730.0,9730.0,2023-10-01,30.883967112024667,20.92603306325999,1.4758634385533829,False
848210,India,"Savannah, GA",2023,November,4495,5904,49922,60321,0.0,11600.0,5275.0,5275.0,2023-11-01,11.435260663507108,22.7273002014775,0.5031508609528422,False
848210,India,"Savannah, GA",2023,December,1638,1501,18240,21379,0.0,8000.0,1866.0,1866.0,2023-12-01,11.457127545551982,20.271483262982233,0.5651844710581119,False
848210,India,"Savannah, GA",2024,January,16910,8149,187871,212930,0.0,130444.0,22480.0,22480.0,2024-01-01,9.471975088967971,20.271483262982233,0.4672561433264605,False
848210,India,"Savannah, GA",2024,February,2799,933,31118,34850,0.0,11082.0,5085.0,5085.0,2024-02-01,6.853490658800394,16.340052236273223,0.4194289320315852,False
848210,India,"Savannah, GA",2024,March,7817,3499,86855,98171,0.0,8430.0,2680.0,2680.0,2024-03-01,36.630970149253734,16.340052236273223,2.2417902721226786,False
848210,India,"Savannah, GA",2024,April,20467,10723,262551,293741,0.0,58565.0,19570.0,19570.0,2024-04-01,15.009759836484415,19.000171688556957,0.7899802213642202,False
848210,India,"Savannah, GA",2024,May,23594,12364,262054,298012,0.0,139773.0,22832.0,22832.0,2024-05-01,13.052382620882971,19.00681925185669,0.6867210366936037,False
848210,India,"Savannah, GA",2024,June,11581,5742,146536,163859,0.0,70569.0,4547.0,4547.0,2024-06-01,36.0367275126457,19.00681925185669,1.8959893833433195,False
848210,India,"Savannah, GA",2024,July,19437,4654,217861,241952,0.0,133919.0,7250.0,7250.0,2024-07-01,33.372689655172415,19.00681925185669,1.7558271698675931,False
848210,India,"Savannah, GA",2024,August,9164,4411,133357,146932,0.0,74511.0,3979.0,3979.0,2024-08-01,36.92686604674542,18.806624862103003,1.9635030909324025,False
848210,India,"Savannah, GA",2024,September,3059,271,34001,37331,0.0,2369.0,942.0,942.0,2024-09-01,39.62951167728238,19.575663390186097,2.024427519383579,False
848210,India,"Savannah, GA",2024,October,2518,345,29759,32622,0.0,3377.0,720.0,720.0,2024-10-01,45.30833333333333,18.806624862103003,2.4091687724698327,False
848210,India,"Savannah, GA",2024,November,4827,2454,53639,60920,0.0,25277.0,5187.0,5187.0,2024-11-01,11.744746481588587,21.653458117615823,0.5423958805006687,False
848210,India,"Savannah, GA",2024,December,6082,1227,77853,85162,0.0,22720.0,2807.0,2807.0,2024-12-01,30.33915211970075,17.140152576677565,1.7700631300670526,False
848210,India,"Savannah, GA",2025,January,2737,954,30412,34103,0.0,3039.0,3372.0,3372.0,2025-01-01,10.113582443653618,24.877655172413792,0.40653278508612484,False
848210,India,"Savannah, GA",2025,February,572,112,16628,17312,0.0,118.0,294.0,294.0,2025-02-01,58.8843537414966,21.816645807259075,2.6990562280616,False
848210,India,"Savannah, GA",2025,March,244,32,2714,2990,0.0,60.0,8.0,8.0,2025-03-01,373.75,21.816645807259075,17.131414393483062,True
848210,India,"Savannah, GA",2025,April,2132,323,15353,17808,0.0,251.0,340.0,340.0,2025-04-01,52.37647058823529,20.201037821644466,2.592761374473363,False
848210,India,"Savannah, GA",2025,May,1519,286,10008,11813,0.0,1358.0,267.0,267.0,2025-05-01,44.243445692883896,19.122754636372463,2.3136544150773437,False
848210,India,"Savannah, GA",2025,June,2739,698,17217,20654,0.0,397.0,1059.0,1059.0,2025-06-01,19.503305004721437,17.589318917429928,1.1088152472688904,False
848210,India,"Savannah, GA",2025,July,5643,373,34003,40019,0.0,4407.0,7708.0,7708.0,2025-07-01,5.191878567721847,19.122754636372463,0.2715026504521805,True
848210,India,"Savannah, GA",2025,August,0,6,3173,3179,0.0,42.0,30.0,30.0,2025-08-01,105.96666666666667,20.679670508451355,5.12419511826169,True
848210,India,"Savannah, GA",2025,September,0,44,7325,7369,0.0,97.0,33.0,33.0,2025-09-01,223.3030303030303,23.60797436810253,9.45879671085809,True
848210,India,"Savannah, GA",2025,October,10799,208,18867,29874,0.0,455.0,31.0,31.0,2025-10-01,963.6774193548387,23.60797436810253,40.81999600342219,True
848210,India,"Savannah, GA",2025,December,38953,4498,70110,113561,0.0,8548.0,1234.0,1234.0,2025-12-01,92.02674230145867,19.756632433767113,4.658017635848246,True
848210,India,"Savannah, GA",2026,January,53934,3553,91412,148899,0.0,13706.0,2343.0,2343.0,2026-01-01,63.550576184379004,19.756632433767113,3.216670472431391,True
848210,India,"Savannah, GA",2026,February,56567,63,96865,153495,0.0,14758.0,1365.0,1365.0,2026-02-01,112.45054945054945,18.409028818923872,6.108445510985023,True
848210,India,"Savannah, GA",2026,March,5496,438,28907,34841,0.0,1052.0,121.0,121.0,2026-03-01,287.94214876033055,17.952031470770606,16.039530079320343,True
848210,India,"Savannah, GA",2026,April,860,88,5615,6563,0.0,286.0,48.0,48.0,2026-04-01,136.72916666666666,17.952031470770606,7.616361796674003,True
848210,India,"Savannah, GA",2026,May,20723,7419,60953,89095,0.0,7079.0,1541.0,1541.0,2026-05-01,57.81635301752109,21.28324157274191,2.716520076132023,False
848210,India,"Savannah, GA",2026,June,5547,348,22297,28192,0.0,701.0,303.0,303.0,2026-06-01,93.04290429042905,26.783040048855483,3.473948592867263,True
848210,India,"Seattle, WA",2022,February,184,4,2049,2237,0.0,2.0,73.0,73.0,2022-02-01,30.643835616438356,22.770109322063497,1.3457922042888688,False
848210,India,"St. Louis, MO",2022,September,223,101,2478,2802,0.0,324.0,77.0,77.0,2022-09-01,36.38961038961039,20.578102511572425,1.7683656872224303,False
848210,India,"St. Louis, MO",2022,November,617,819,6851,8287,0.0,538.0,1432.0,1432.0,2022-11-01,5.787011173184357,24.95263130316315,0.23191987662041716,True
848210,India,"St. Louis, MO",2023,January,368,135,4084,4587,0.0,350.0,736.0,736.0,2023-01-01,6.232336956521739,24.95263130316315,0.24976672322857146,True
848210,India,"St. Louis, MO",2024,September,502,557,5569,6628,0.0,620.0,996.0,996.0,2024-09-01,6.6546184738955825,19.575663390186097,0.3399434461685602,False
848210,India,"St. Louis, MO",2024,November,201,19,2234,2454,0.0,125.0,96.0,96.0,2024-11-01,25.5625,21.653458117615823,1.1805273717090037,False
848210,India,"St. Louis, MO",2025,July,891,53,4691,5635,0.0,406.0,1076.0,1076.0,2025-07-01,5.2369888475836435,19.122754636372463,0.2738616348516349,True
848210,India,"St. Louis, MO",2025,August,367,326,2955,3648,0.0,105.0,105.0,105.0,2025-08-01,34.74285714285714,20.679670508451355,1.6800488735378278,False
848210,India,"St. Louis, MO",2026,January,2217,263,3757,6237,0.0,38.0,3.0,3.0,2026-01-01,2079.0,19.756632433767113,105.23048434340816,True
848210,India,"St. Louis, MO",2026,May,4117,477,21670,26264,0.0,59.0,19.0,19.0,2026-05-01,1382.3157894736842,21.28324157274191,64.94855516953102,True
848210,India,"St. Louis, MO",2026,June,868,177,4568,5613,0.0,31.0,148.0,148.0,2026-06-01,37.92567567567568,26.783040048855483,1.4160332660704196,False
848210,India,"Tampa, FL",2022,December,50,250,2084,2384,0.0,124.0,174.0,174.0,2022-12-01,13.701149425287356,25.779643344526733,0.5314716438152836,False
848210,India,"Tampa, FL",2025,July,1299,219,3822,5340,0.0,1970.0,183.0,183.0,2025-07-01,29.18032786885246,19.122754636372463,1.5259479308148405,False
848210,India,"Tampa, FL",2025,October,6662,698,11291,18651,0.0,8904.0,250.0,250.0,2025-10-01,74.604,23.60797436810253,3.160118646214721,True
848210,India,"Washington, DC",2025,July,1329,85,3554,4968,0.0,119.0,29.0,29.0,2025-07-01,171.31034482758622,19.122754636372463,8.958455415295928,True
848210,India,"Wilmington, NC",2022,January,3768,100,41866,45734,0.0,4739.0,1376.0,1376.0,2022-01-01,33.236918604651166,23.868897390259903,1.392478171958376,False
848210,India,"Wilmington, NC",2022,March,1017,831,11300,13148,0.0,24.0,40.0,40.0,2022-03-01,328.7,22.167764095917043,14.8278373307185,True
848210,India,"Wilmington, NC",2022,April,2858,801,31760,35419,0.0,5610.0,909.0,909.0,2022-04-01,38.964796479647966,22.167764095917043,1.7577233459834893,False
848210,India,"Wilmington, NC",2023,June,1122,1543,12463,15128,0.0,850.0,2188.0,2188.0,2023-06-01,6.914076782449726,19.957918931421304,0.3464327521425271,False
848210,India,"Wilmington, NC",2024,February,2787,1382,30964,35133,0.0,44123.0,2538.0,2538.0,2024-02-01,13.842789598108746,16.340052236273223,0.8471692377689704,False
848210,India,"Wilmington, NC",2024,July,4096,540,56975,61611,0.0,2770.0,1535.0,1535.0,2024-07-01,40.13745928338762,19.00681925185669,2.1117399366791356,False
848210,India,"Wilmington, NC",2024,August,542,103,6025,6670,0.0,500.0,19.0,19.0,2024-08-01,351.05263157894734,18.806624862103003,18.666434522568117,True
848210,India,"Wilmington, NC",2024,September,1095,89,12172,13356,0.0,582.0,318.0,318.0,2024-09-01,42.0,19.575663390186097,2.145521158739169,False
848210,India,"Wilmington, NC",2024,November,518,86,5762,6366,0.0,500.0,34.0,34.0,2024-11-01,187.23529411764707,21.653458117615823,8.646900328835919,True
848210,India,"Wilmington, NC",2024,December,2885,505,32044,35434,0.0,2560.0,599.0,599.0,2024-12-01,59.15525876460768,17.140152576677565,3.4512679219145137,True
848210,India,"Wilmington, NC",2025,March,117,215,4885,5217,0.0,350.0,368.0,368.0,2025-03-01,14.17663043478261,21.816645807259075,0.649807975067625,False
848210,India,"Wilmington, NC",2025,April,1185,628,6235,8048,0.0,508.0,41.0,41.0,2025-04-01,196.29268292682926,20.201037821644466,9.71696031955897,True
848210,India,"Wilmington, NC",2025,May,891,50,9897,10838,0.0,138.0,444.0,444.0,2025-05-01,24.40990990990991,19.122754636372463,1.2764850239452954,False
848210,India,"Wilmington, NC",2025,June,1558,575,8200,10333,0.0,2.0,2.0,2.0,2025-06-01,5166.5,17.589318917429928,293.72939476811223,True
848210,India,"Wilmington, NC",2025,July,1417,88,7459,8964,0.0,766.0,134.0,134.0,2025-07-01,66.8955223880597,19.122754636372463,3.4982157989320735,True
848210,India,"Wilmington, NC",2025,August,1925,975,7373,10273,0.0,5751.0,244.0,244.0,2025-08-01,42.10245901639344,20.679670508451355,2.035934711783103,False
848210,India,"Wilmington, NC",2025,September,10461,419,15520,26400,0.0,4000.0,873.0,873.0,2025-09-01,30.240549828178693,23.60797436810253,1.2809464021207022,False
848210,India,"Wilmington, NC",2025,October,1593,101,2701,4395,0.0,504.0,473.0,473.0,2025-10-01,9.291754756871036,23.60797436810253,0.3935854305833802,False
848210,India,"Wilmington, NC",2025,November,5457,46,9250,14753,0.0,562.0,325.0,325.0,2025-11-01,45.393846153846155,19.756632433767113,2.297650994218079,False
848210,India,"Wilmington, NC",2026,January,9085,85,15274,24444,0.0,836.0,705.0,705.0,2026-01-01,34.672340425531914,19.756632433767113,1.7549721867716468,False
848210,India,"Wilmington, NC",2026,April,1220,385,3587,5192,0.0,58.0,118.0,118.0,2026-04-01,44.0,17.952031470770606,2.450976095470897,False
848210,India,"Wilmington, NC",2026,May,7868,4100,23139,35107,0.0,2562.0,566.0,566.0,2026-05-01,62.02650176678445,21.28324157274191,2.914335278993575,False
848210,Mexico,"Boston, MA",2025,January,382,18,4243,4643,0.0,10.0,25.0,25.0,2025-01-01,185.72,16.019503723021245,11.593367885242676,True
848210,Mexico,"Buffalo, NY",2022,November,1837,7,20408,22252,0.0,583.0,40.0,40.0,2022-11-01,556.3,18.094739606335867,30.74374166761768,True
848210,Mexico,"Buffalo, NY",2023,May,427,83,4741,5251,0.0,5.0,17.0,17.0,2023-05-01,308.88235294117646,15.99605468968214,19.309908532659207,True
848210,Mexico,"Buffalo, NY",2023,September,1235,60,13720,15015,0.0,12.0,34.0,34.0,2023-09-01,441.61764705882354,17.046420601893733,25.90676702003722,True
848210,Mexico,"Buffalo, NY",2023,October,454,252,5043,5749,0.0,1.0,1.0,1.0,2023-10-01,5749.0,17.046420601893733,337.25555260330304,True
848210,Mexico,"Buffalo, NY",2024,August,1290,59,14335,15684,0.0,48.0,69.0,69.0,2024-08-01,227.30434782608697,14.24675373795875,15.954816936328594,True
848210,Mexico,"Charleston, SC",2022,March,255,64,2838,3157,0.0,25.0,14.0,14.0,2022-03-01,225.5,15.368789722427378,14.672593227749886,True
848210,Mexico,"Chicago, IL",2022,June,213,41,2367,2621,0.0,36.0,10.0,10.0,2022-06-01,262.1,18.938451477431467,13.839568684500883,True
848210,Mexico,"Chicago, IL",2022,September,5252,2192,58361,65805,0.0,1509.0,2211.0,2211.0,2022-09-01,29.762550881953867,15.421047128288409,1.9299954558440695,False
848210,Mexico,"Chicago, IL",2022,October,470,119,5217,5806,0.0,137.0,101.0,101.0,2022-10-01,57.48514851485149,15.421047128288409,3.727707206691599,True
848210,Mexico,"Chicago, IL",2022,December,2018,391,22417,24826,0.0,537.0,451.0,451.0,2022-12-01,55.04656319290466,19.259696259961405,2.8581220830226615,False
848210,Mexico,"Chicago, IL",2023,January,986,178,10956,12120,0.0,308.0,177.0,177.0,2023-01-01,68.47457627118644,19.87158821818786,3.4458532211589277,True
848210,Mexico,"Chicago, IL",2023,February,621,92,6901,7614,0.0,194.0,106.0,106.0,2023-02-01,71.83018867924528,19.87158821818786,3.6147180532606495,True
848210,Mexico,"Chicago, IL",2023,April,784,176,8715,9675,0.0,245.0,213.0,213.0,2023-04-01,45.42253521126761,15.971209021931784,2.844026094010356,False
848210,Mexico,"Chicago, IL",2023,May,642,108,7126,7876,0.0,168.0,142.0,142.0,2023-05-01,55.46478873239437,15.99605468968214,3.467404294895951,True
848210,Mexico,"Chicago, IL",2023,June,613,112,6816,7541,0.0,188.0,116.0,116.0,2023-06-01,65.00862068965517,19.752538711160508,3.2911526786642487,True
848210,Mexico,"Chicago, IL",2024,February,1573,254,17474,19301,0.0,349.0,326.0,326.0,2024-02-01,59.20552147239264,14.273686401567634,4.147878817478453,True
848210,Mexico,"Chicago, IL",2024,June,197,48,2193,2438,0.0,1.0,7.0,7.0,2024-06-01,348.2857142857143,14.914197361146833,23.35262876385409,True
848210,Mexico,"Chicago, IL",2024,July,1755,215,19500,21470,0.0,500.0,513.0,513.0,2024-07-01,41.851851851851855,14.54658433337217,2.8770913427310267,False
848210,Mexico,"Chicago, IL",2024,August,395,46,4386,4827,0.0,2.0,7.0,7.0,2024-08-01,689.5714285714286,14.24675373795875,48.40200380063769,True
848210,Mexico,"Chicago, IL",2024,September,1451,153,16122,17726,0.0,250.0,295.0,295.0,2024-09-01,60.088135593220336,14.24675373795875,4.217672088563079,True
848210,Mexico,"Chicago, IL",2024,November,2466,422,27393,30281,0.0,708.0,559.0,559.0,2024-11-01,54.169946332737034,15.867760143078387,3.413836977890436,True
848210,Mexico,"Chicago, IL",2025,March,4238,275,26374,30887,0.0,637.0,413.0,413.0,2025-03-01,74.78692493946731,17.20109699417507,4.347799734214215,True
848210,Mexico,"Chicago, IL",2025,April,1207,42,3549,4798,0.0,2.0,84.0,84.0,2025-04-01,57.11904761904762,17.20109699417507,3.3206630738952434,True
848210,Mexico,"Chicago, IL",2025,June,1945,115,5720,7780,0.0,150.0,112.0,112.0,2025-06-01,69.46428571428571,14.637430281095732,4.745661252029938,True
848210,Mexico,"Chicago, IL",2025,September,5557,75,6616,12248,0.0,171.0,92.0,92.0,2025-09-01,133.1304347826087,17.308310663704404,7.69170587293558,True
848210,Mexico,"Chicago, IL",2025,October,25494,382,41718,67594,0.0,1303.0,743.0,743.0,2025-10-01,90.97442799461642,17.308310663704404,5.256112497760406,True
848210,Mexico,"Cleveland, OH",2022,January,0,140,5059,5199,0.0,1.0,1.0,1.0,2022-01-01,5199.0,13.758687650098427,377.87034143207745,True
848210,Mexico,"Cleveland, OH",2022,March,648,155,7203,8006,0.0,80.0,19.0,19.0,2022-03-01,421.36842105263156,15.368789722427378,27.417150514964543,True
848210,Mexico,"Cleveland, OH",2022,April,613,464,6816,7893,0.0,15.0,11.0,11.0,2022-04-01,717.5454545454545,15.222920912040028,47.13585905697884,True
848210,Mexico,"Cleveland, OH",2022,June,540,75,6000,6615,0.0,5.0,4.0,4.0,2022-06-01,1653.75,18.938451477431467,87.32234533381661,True
848210,Mexico,"Cleveland, OH",2022,August,432,75,4800,5307,0.0,4.0,4.0,4.0,2022-08-01,1326.75,18.925680652462134,70.10315900196682,True
848210,Mexico,"Cleveland, OH",2022,September,2197,1264,24413,27874,0.0,750.0,532.0,532.0,2022-09-01,52.39473684210526,15.421047128288409,3.3976121340030287,True
848210,Mexico,"Cleveland, OH",2022,October,649,225,20434,21308,0.0,424.0,358.0,358.0,2022-10-01,59.5195530726257,15.421047128288409,3.8596310988144817,True
848210,Mexico,"Cleveland, OH",2022,November,593,192,6591,7376,0.0,120.0,114.0,114.0,2022-11-01,64.70175438596492,18.094739606335867,3.575721772935026,True
848210,Mexico,"Cleveland, OH",2023,January,675,93,7500,8268,0.0,6.0,17.0,17.0,2023-01-01,486.3529411764706,19.87158821818786,24.474789626091717,True
848210,Mexico,"Cleveland, OH",2023,February,1418,778,21183,23379,0.0,1394.0,67.0,67.0,2023-02-01,348.94029850746267,19.87158821818786,17.559758921941036,True
848210,Mexico,"Cleveland, OH",2023,March,270,466,3000,3736,0.0,1.0,60.0,60.0,2023-03-01,62.266666666666666,15.99605468968214,3.8926265178894544,True
848210,Mexico,"Cleveland, OH",2023,April,0,111,7722,7833,0.0,39.0,11.0,11.0,2023-04-01,712.0909090909091,15.971209021931784,44.58591131786332,True
848210,Mexico,"Cleveland, OH",2023,May,0,103,5544,5647,0.0,28.0,6.0,6.0,2023-05-01,941.1666666666666,15.99605468968214,58.83742491039012,True
848210,Mexico,"Cleveland, OH",2023,June,475,750,19778,21003,0.0,899.0,34.0,34.0,2023-06-01,617.7352941176471,19.752538711160508,31.273716414417986,True
848210,Mexico,"Cleveland, OH",2023,July,1603,2344,52905,56852,0.0,436.0,193.0,193.0,2023-07-01,294.5699481865285,19.752538711160508,14.913017131316476,True
848210,Mexico,"Cleveland, OH",2023,August,3690,2777,74835,81302,0.0,740.0,244.0,244.0,2023-08-01,333.2049180327869,18.715275394502203,17.803901412568536,True
848210,Mexico,"Cleveland, OH",2023,September,1138,548,12640,14326,0.0,5.0,19.0,19.0,2023-09-01,754.0,17.046420601893733,44.23215979524969,True
848210,Mexico,"Cleveland, OH",2023,October,2179,1563,90796,94538,0.0,332.0,96.0,96.0,2023-10-01,984.7708333333334,17.046420601893733,57.769948092441915,True
848210,Mexico,"Cleveland, OH",2024,January,3962,300,44015,48277,0.0,204.0,195.0,195.0,2024-01-01,247.57435897435897,15.234181372063052,16.251241397740547,True
848210,Mexico,"Cleveland, OH",2024,February,794,4259,16751,21804,0.0,416.0,230.0,230.0,2024-02-01,94.8,14.273686401567634,6.641591900855298,True
848210,Mexico,"Cleveland, OH",2024,March,307,750,12794,13851,0.0,75.0,24.0,24.0,2024-03-01,577.125,14.119006791594487,40.875750576420266,True
848210,Mexico,"Cleveland, OH",2024,April,243,75,10113,10431,0.0,19440.0,4666.0,4666.0,2024-04-01,2.235533647663952,14.273686401567634,0.15661922118580596,True
848210,Mexico,"Cleveland, OH",2024,May,2082,500,23141,25723,0.0,377.0,110.0,110.0,2024-05-01,233.84545454545454,14.54658433337217,16.075626359170517,True
848210,Mexico,"Cleveland, OH",2024,August,1542,160,17138,18840,0.0,97.0,287.0,287.0,2024-08-01,65.64459930313589,14.24675373795875,4.607688215192055,True
848210,Mexico,"Cleveland, OH",2024,September,273,80,3032,3385,0.0,10.0,64.0,64.0,2024-09-01,52.890625,14.24675373795875,3.7124685365396144,True
848210,Mexico,"Cleveland, OH",2024,October,3180,150,35340,38670,0.0,1010.0,16.0,16.0,2024-10-01,2416.875,13.022544217513076,185.59161402191438,True
848210,Mexico,"Cleveland, OH",2024,November,4646,830,96428,101904,0.0,2510.0,668.0,668.0,2024-11-01,152.55089820359282,15.867760143078387,9.613889851374925,True
848210,Mexico,"Cleveland, OH",2024,December,1590,638,24031,26259,0.0,443.0,30.0,30.0,2024-12-01,875.3,16.019503723021245,54.63964521835513,True
848210,Mexico,"Cleveland, OH",2025,January,376,75,4181,4632,0.0,156.0,39.0,39.0,2025-01-01,118.76923076923077,16.019503723021245,7.414039337470259,True
848210,Mexico,"Cleveland, OH",2025,February,201,2424,8363,10988,0.0,6821.0,252.0,252.0,2025-02-01,43.6031746031746,17.195484981261124,2.5357339237998464,False
848210,Mexico,"Cleveland, OH",2025,April,0,2,35340,35342,0.0,416.0,20.0,20.0,2025-04-01,1767.1,17.20109699417507,102.73181998789993,True
848210,Mexico,"Cleveland, OH",2025,May,7406,101,21783,29290,0.0,209.0,12.0,12.0,2025-05-01,2440.8333333333335,15.36583435886745,158.8480831126984,True
848210,Mexico,"Cleveland, OH",2025,June,3045,2,8955,12002,0.0,405.0,217.0,217.0,2025-06-01,55.30875576036866,14.637430281095732,3.778583719835033,True
848210,Mexico,"Cleveland, OH",2025,October,30499,819,73989,105307,0.0,3804.0,520.0,520.0,2025-10-01,202.51346153846154,17.308310663704404,11.700359756260504,True
848210,Mexico,"Cleveland, OH",2025,November,23726,75,40214,64015,0.0,2000.0,911.0,911.0,2025-11-01,70.2689352360044,17.792431091700383,3.9493723411851613,True
848210,Mexico,"Cleveland, OH",2025,December,12451,2,14823,27276,0.0,4.0,2.0,2.0,2025-12-01,13638.0,18.91852268246678,720.8808123606482,True
848210,Mexico,"Cleveland, OH",2026,January,2404,500,4074,6978,0.0,40.0,42.0,42.0,2026-01-01,166.14285714285714,19.663703070527458,8.449215112075048,True
848210,Mexico,"Cleveland, OH",2026,March,7720,1294,13085,22099,0.0,3.0,70.0,70.0,2026-03-01,315.7,18.023113038013882,17.516396825239553,True
848210,Mexico,"Cleveland, OH",2026,April,978,75,5147,6200,0.0,960.0,547.0,547.0,2026-04-01,11.3345521023766,18.023113038013882,0.6288898082406772,False
848210,Mexico,"Cleveland, OH",2026,May,4621,1095,13591,19307,0.0,1924.0,1114.0,1114.0,2026-05-01,17.331238779174146,17.755497550946657,0.9761054979982867,False
848210,Mexico,"Cleveland, OH",2026,June,3262,2,9595,12859,0.0,20.0,62.0,62.0,2026-06-01,207.40322580645162,18.0229338716184,11.507739377164318,True
848210,Mexico,"Detroit, MI",2022,March,1056,163,11735,12954,0.0,4.0,21.0,21.0,2022-03-01,616.8571428571429,15.368789722427378,40.137001936917336,True
848210,Mexico,"Detroit, MI",2022,July,636,5,7071,7712,0.0,3.0,11.0,11.0,2022-07-01,701.0909090909091,18.938451477431467,37.019442161170545,True
848210,Mexico,"Detroit, MI",2022,October,757,42,8418,9217,0.0,458.0,38.0,38.0,2022-10-01,242.55263157894737,15.421047128288409,15.728674555050688,True
848210,Mexico,"Detroit, MI",2022,December,257,9,2853,3119,0.0,153.0,342.0,342.0,2022-12-01,9.119883040935672,19.259696259961405,0.4735216442584722,False
848210,Mexico,"Detroit, MI",2023,January,6857,285,76186,83328,0.0,876.0,772.0,772.0,2023-01-01,107.93782383419689,19.87158821818786,5.431766331359699,True
848210,Mexico,"Detroit, MI",2023,June,3105,561,34504,38170,0.0,751.0,181.0,181.0,2023-06-01,210.88397790055248,19.752538711160508,10.676297410894305,True
848210,Mexico,"Detroit, MI",2023,September,0,200,31326,31526,0.0,4600.0,675.0,675.0,2023-09-01,46.70518518518519,17.046420601893733,2.739882247185464,False
848210,Mexico,"Detroit, MI",2023,October,454,252,5043,5749,0.0,1.0,1.0,1.0,2023-10-01,5749.0,17.046420601893733,337.25555260330304,True
848210,Mexico,"Detroit, MI",2024,February,0,150,4198,4348,0.0,45.0,59.0,59.0,2024-02-01,73.69491525423729,14.273686401567634,5.162991057877214,True
848210,Mexico,"Detroit, MI",2024,June,0,111,10142,10253,0.0,127.0,117.0,117.0,2024-06-01,87.63247863247864,14.914197361146833,5.875775712930495,True
848210,Mexico,"Detroit, MI",2024,October,750,833,8333,9916,0.0,768.0,768.0,768.0,2024-10-01,12.911458333333334,13.022544217513076,0.9914697249382075,False
848210,Mexico,"Detroit, MI",2024,November,0,42,2400,2442,0.0,16.0,14.0,14.0,2024-11-01,174.42857142857142,15.867760143078387,10.992639783798232,True
848210,Mexico,"Detroit, MI",2024,December,0,250,3505,3755,0.0,100.0,25.0,25.0,2024-12-01,150.2,16.019503723021245,9.376070732088358,True
848210,Mexico,"Detroit, MI",2025,January,0,1,6018,6019,0.0,1.0,40.0,40.0,2025-01-01,150.475,16.019503723021245,9.39323730633153,True
848210,Mexico,"Detroit, MI",2025,February,216,18,2400,2634,0.0,12.0,29.0,29.0,2025-02-01,90.82758620689656,17.195484981261124,5.282060163227523,True
848210,Mexico,"Detroit, MI",2025,May,0,5,6734,6739,0.0,5.0,108.0,108.0,2025-05-01,62.398148148148145,15.36583435886745,4.060836964062344,True
848210,Mexico,"Detroit, MI",2025,June,870,1,2559,3430,0.0,1.0,36.0,36.0,2025-06-01,95.27777777777777,14.637430281095732,6.509187469936522,True
848210,Mexico,"Detroit, MI",2025,July,0,100,7983,8083,0.0,1.0,23.0,23.0,2025-07-01,351.4347826086956,14.637430281095732,24.009322391962083,True
848210,Mexico,"Detroit, MI",2025,November,19362,1094,43027,63483,0.0,5910.0,1443.0,1443.0,2025-11-01,43.99376299376299,17.792431091700383,2.4726111213820983,False
848210,Mexico,"Detroit, MI",2025,December,2110,1035,5802,8947,0.0,3.0,34.0,34.0,2025-12-01,263.1470588235294,18.91852268246678,13.909493000074875,True
848210,Mexico,"Detroit, MI",2026,March,1776,26,3011,4813,0.0,37.0,19.0,19.0,2026-03-01,253.31578947368422,18.023113038013882,14.055051918023103,True
848210,Mexico,"Detroit, MI",2026,April,0,46,28844,28890,0.0,18.0,224.0,224.0,2026-04-01,128.97321428571428,18.023113038013882,7.155989867770752,True
848210,Mexico,"Detroit, MI",2026,May,4495,22,13221,17738,0.0,5.0,35.0,35.0,2026-05-01,506.8,17.755497550946657,28.543272220100604,True
848210,Mexico,"El Paso, TX",2022,October,120,300,5000,5420,0.0,1.0,5.0,5.0,2022-10-01,1084.0,15.421047128288409,70.29354044392404,True
848210,Mexico,"El Paso, TX",2023,August,840,3,9331,10174,0.0,46656.0,20.0,20.0,2023-08-01,508.7,18.715275394502203,27.1810053166215,True
848210,Mexico,"El Paso, TX",2024,January,0,600,105000,105600,0.0,3.0,2.0,2.0,2024-01-01,52800.0,15.234181372063052,3465.8902050901397,True
848210,Mexico,"El Paso, TX",2024,June,0,1,2388,2389,0.0,4.0,1.0,1.0,2024-06-01,2389.0,14.914197361146833,160.18294127068577,True
848210,Mexico,"El Paso, TX",2025,June,0,14,17728,17742,0.0,3389.0,211.0,211.0,2025-06-01,84.08530805687204,14.637430281095732,5.744540294444194,True
848210,Mexico,"El Paso, TX",2025,July,0,21,24308,24329,0.0,6624.0,386.0,386.0,2025-07-01,63.02849740932643,14.637430281095732,4.305981049879216,True
848210,Mexico,"El Paso, TX",2025,August,0,10,11625,11635,0.0,3168.0,185.0,185.0,2025-08-01,62.891891891891895,13.637420277881331,4.6117147239274345,True
848210,Mexico,"El Paso, TX",2025,September,0,11,7397,7408,0.0,2016.0,117.0,117.0,2025-09-01,63.31623931623932,17.308310663704404,3.65814090967374,True
848210,Mexico,"El Paso, TX",2025,October,0,23,21136,21159,0.0,5760.0,335.0,335.0,2025-10-01,63.16119402985075,17.308310663704404,3.649183057610586,True
848210,Mexico,"El Paso, TX",2025,November,0,28,17965,17993,0.0,4896.0,285.0,285.0,2025-11-01,63.13333333333333,17.792431091700383,3.5483252967484065,True
848210,Mexico,"El Paso, TX",2025,December,0,16,6341,6357,0.0,1728.0,101.0,101.0,2025-12-01,62.94059405940594,18.91852268246678,3.326929650682383,True
848210,Mexico,"El Paso, TX",2026,January,0,12,9577,9589,0.0,2592.0,152.0,152.0,2026-01-01,63.08552631578947,19.663703070527458,3.2082220774755257,True
848210,Mexico,"El Paso, TX",2026,February,0,4,4256,4260,0.0,1152.0,63.0,63.0,2026-02-01,67.61904761904762,19.663703070527458,3.43877485214863,True
848210,Mexico,"El Paso, TX",2026,March,0,9,6385,6394,0.0,1728.0,94.0,94.0,2026-03-01,68.02127659574468,18.023113038013882,3.774113631328615,True
848210,Mexico,"El Paso, TX",2026,April,0,13,13833,13846,0.0,3744.0,204.0,204.0,2026-04-01,67.87254901960785,18.023113038013882,3.765861584314143,True
848210,Mexico,"Houston-Galveston, TX",2022,April,27806,7190,308966,343962,0.0,211.0,13090.0,13090.0,2022-04-01,26.27669977081742,15.222920912040028,1.7261273261976156,False
848210,Mexico,"Houston-Galveston, TX",2024,April,2199,708,24437,27344,0.0,2.0,352.0,352.0,2024-04-01,77.68181818181819,14.273686401567634,5.442309435443856,True
848210,Mexico,"Houston-Galveston, TX",2024,June,235,286,2614,3135,0.0,6.0,10.0,10.0,2024-06-01,313.5,14.914197361146833,21.020239467710336,True
848210,Mexico,"Laredo, TX",2022,January,141305,21960,3040801,3204066,0.0,1833686.0,304143.0,304143.0,2022-01-01,10.534735305431985,13.758687650098427,0.7656787895287834,False
848210,Mexico,"Laredo, TX",2022,February,150095,22816,3097887,3270798,0.0,1455048.0,289605.0,289605.0,2022-02-01,11.29399699590822,15.368789722427378,0.7348657376336608,False
848210,Mexico,"Laredo, TX",2022,March,235476,35801,4733860,5005137,0.0,1261679.0,380823.0,380823.0,2022-03-01,13.142948298815986,15.368789722427378,0.8551713268375801,False
848210,Mexico,"Laredo, TX",2022,April,124625,24387,2865344,3014356,0.0,711178.0,253306.0,253306.0,2022-04-01,11.900057637797762,15.222920912040028,0.7817197308294386,False
848210,Mexico,"Laredo, TX",2022,May,176886,44602,4107735,4329223,0.0,1573318.0,376359.0,376359.0,2022-05-01,11.5029081276122,15.222920912040028,0.7556308144854371,False
848210,Mexico,"Laredo, TX",2022,June,81887,29866,2560127,2671880,0.0,1441223.0,208110.0,208110.0,2022-06-01,12.838787179856807,18.938451477431467,0.6779216978302849,False
848210,Mexico,"Laredo, TX",2022,July,120764,20355,3056740,3197859,0.0,700180.0,198726.0,198726.0,2022-07-01,16.091799764499864,18.938451477431467,0.8496893097979054,False
848210,Mexico,"Laredo, TX",2022,August,230517,38017,3824342,4092876,0.0,588028.0,286604.0,286604.0,2022-08-01,14.280596223360456,18.925680652462134,0.7545618298014884,False
848210,Mexico,"Laredo, TX",2022,September,168633,21825,3142014,3332472,0.0,1488286.0,285739.0,285739.0,2022-09-01,11.662643181364812,15.421047128288409,0.7562808857493749,False
848210,Mexico,"Laredo, TX",2022,October,101520,37074,2924692,3063286,0.0,2210770.0,296615.0,296615.0,2022-10-01,10.32748175244003,15.421047128288409,0.6697004208939399,False
848210,Mexico,"Laredo, TX",2022,November,126671,24942,3310475,3462088,0.0,473645.0,237035.0,237035.0,2022-11-01,14.605809268673402,18.094739606335867,0.8071853801952023,False
848210,Mexico,"Laredo, TX",2022,December,80393,15747,2824224,2920364,0.0,406726.0,187865.0,187865.0,2022-12-01,15.545013706651053,19.259696259961405,0.8071266284176698,False
848210,Mexico,"Laredo, TX",2023,January,167873,26338,3426308,3620519,0.0,394491.0,230087.0,230087.0,2023-01-01,15.735434857249649,19.87158821818786,0.7918559243718368,False
848210,Mexico,"Laredo, TX",2023,February,144146,24861,3389579,3558586,0.0,385922.0,191505.0,191505.0,2023-02-01,18.58220934179264,19.87158821818786,0.9351144527433852,False
848210,Mexico,"Laredo, TX",2023,March,183657,32358,3955291,4171306,0.0,1560277.0,338278.0,338278.0,2023-03-01,12.330999946789326,15.99605468968214,0.7708775811289976,False
848210,Mexico,"Laredo, TX",2023,April,167072,27418,3502148,3696638,0.0,823499.0,276855.0,276855.0,2023-04-01,13.352252984414225,15.971209021931784,0.8360201764361616,False
848210,Mexico,"Laredo, TX",2023,May,182544,32281,3820010,4034835,0.0,1477201.0,335859.0,335859.0,2023-05-01,12.013478870597483,15.99605468968214,0.7510276192257883,False
848210,Mexico,"Laredo, TX",2023,June,179640,28895,3887761,4096296,0.0,1112376.0,296866.0,296866.0,2023-06-01,13.798467995661342,19.752538711160508,0.698566811964529,False
848210,Mexico,"Laredo, TX",2023,July,171812,19412,3220306,3411530,0.0,777933.0,213462.0,213462.0,2023-07-01,15.981907786866046,19.752538711160508,0.8091065164112806,False
848210,Mexico,"Laredo, TX",2023,August,177993,17881,3614174,3810048,0.0,470838.0,282993.0,282993.0,2023-08-01,13.463400154774146,18.715275394502203,0.7193802854073498,False
848210,Mexico,"Laredo, TX",2023,September,225305,37664,4182691,4445660,0.0,500424.0,386761.0,386761.0,2023-09-01,11.4945922675761,17.046420601893733,0.6743111962343071,False
848210,Mexico,"Laredo, TX",2023,October,197956,34059,3848159,4080174,0.0,474008.0,320645.0,320645.0,2023-10-01,12.724895133247049,17.046420601893733,0.7464848738880353,False
848210,Mexico,"Laredo, TX",2023,November,178012,36060,3456526,3670598,0.0,494563.0,261448.0,261448.0,2023-11-01,14.039495425476577,17.046420601893733,0.8236037202975557,False
848210,Mexico,"Laredo, TX",2023,December,242423,56391,3597823,3896637,0.0,510142.0,312820.0,312820.0,2023-12-01,12.456482961447477,17.457648583486254,0.7135258165999779,False
848210,Mexico,"Laredo, TX",2024,January,147757,19973,3443232,3610962,0.0,390341.0,223998.0,223998.0,2024-01-01,16.120510004553612,15.234181372063052,1.0581802599590904,False
848210,Mexico,"Laredo, TX",2024,February,267550,43533,4155127,4466210,0.0,760778.0,426848.0,426848.0,2024-02-01,10.463232813554239,14.273686401567634,0.7330434842960467,False
848210,Mexico,"Laredo, TX",2024,March,259868,34713,4799537,5094118,0.0,782842.0,463808.0,463808.0,2024-03-01,10.983247378225473,14.119006791594487,0.7779050991578362,False
848210,Mexico,"Laredo, TX",2024,April,188222,23405,3523207,3734834,0.0,645821.0,325180.0,325180.0,2024-04-01,11.485435758656743,14.273686401567634,0.8046579864186546,False
848210,Mexico,"Laredo, TX",2024,May,271226,27493,4456556,4755275,0.0,775148.0,406849.0,406849.0,2024-05-01,11.688058714658263,14.54658433337217,0.8034916270924167,False
848210,Mexico,"Laredo, TX",2024,June,246066,21192,3697123,3964381,0.0,735712.0,369286.0,369286.0,2024-06-01,10.735259392449214,14.914197361146833,0.7198013498477481,False
848210,Mexico,"Laredo, TX",2024,July,246861,14385,3797829,4059075,0.0,661168.0,329519.0,329519.0,2024-07-01,12.318181956123926,14.54658433337217,0.8468092353380899,False
848210,Mexico,"Laredo, TX",2024,August,246313,20412,4335820,4602545,0.0,874793.0,413363.0,413363.0,2024-08-01,11.134390354240704,14.24675373795875,0.7815387672894542,False
848210,Mexico,"Laredo, TX",2024,September,191479,22698,3718061,3932238,0.0,639838.0,383734.0,383734.0,2024-09-01,10.247301516154419,14.24675373795875,0.7192727343108153,False
848210,Mexico,"Laredo, TX",2024,October,211909,25481,4233519,4470909,0.0,817670.0,397594.0,397594.0,2024-10-01,11.24491063748447,13.022544217513076,0.8634956771628393,False
848210,Mexico,"Laredo, TX",2024,November,155097,20000,3901256,4076353,0.0,782838.0,386113.0,386113.0,2024-11-01,10.557409359436226,15.867760143078387,0.6653370900644369,False
848210,Mexico,"Laredo, TX",2024,December,179061,24645,4025888,4229594,0.0,747292.0,359036.0,359036.0,2024-12-01,11.780417562584253,16.019503723021245,0.735379682558761,False
848210,Mexico,"Laredo, TX",2025,January,132130,15907,3371805,3519842,0.0,538494.0,263226.0,263226.0,2025-01-01,13.371938942201758,16.019503723021245,0.8347286640962083,False
848210,Mexico,"Laredo, TX",2025,February,141378,18951,3834617,3994946,0.0,688660.0,372289.0,372289.0,2025-02-01,10.73076561488521,17.195484981261124,0.6240455344283177,False
848210,Mexico,"Laredo, TX",2025,March,388757,22920,3929594,4341271,0.0,661678.0,334516.0,334516.0,2025-03-01,12.97776787956331,17.20109699417507,0.7544732689989518,False
848210,Mexico,"Laredo, TX",2025,April,520287,34926,4290350,4845563,0.0,1117159.0,364242.0,364242.0,2025-04-01,13.303141867220145,17.20109699417507,0.7733891548733829,False
848210,Mexico,"Laredo, TX",2025,May,589873,31130,4820620,5441623,0.0,1185717.0,436270.0,436270.0,2025-05-01,12.473062553006166,15.36583435886745,0.8117400110985904,False
848210,Mexico,"Laredo, TX",2025,June,520441,24194,4579829,5124464,0.0,1228279.0,453633.0,453633.0,2025-06-01,11.296497388858395,14.637430281095732,0.7717541379819819,False
848210,Mexico,"Laredo, TX",2025,July,493698,35522,4697249,5226469,0.0,1235400.0,466822.0,466822.0,2025-07-01,11.195849809991817,14.637430281095732,0.7648780964272996,False
848210,Mexico,"Laredo, TX",2025,August,510528,27906,3809025,4347459,0.0,1253813.0,310461.0,310461.0,2025-08-01,14.003237121570825,13.637420277881331,1.0268244899867767,False
848210,Mexico,"Laredo, TX",2025,September,1148661,36395,5165649,6350705,0.0,1620832.0,2859955.0,2859955.0,2025-09-01,2.2205611626756365,17.308310663704404,0.12829450579091822,True
848210,Mexico,"Laredo, TX",2025,October,995029,38732,5303342,6337103,0.0,1478262.0,422969.0,422969.0,2025-10-01,14.982428972336034,17.308310663704404,0.8656205255059495,False
848210,Mexico,"Laredo, TX",2025,November,926299,28522,4066536,5021357,0.0,1204915.0,343995.0,343995.0,2025-11-01,14.597180191572551,17.792431091700383,0.8204151594765307,False
848210,Mexico,"Laredo, TX",2025,December,1266270,27596,5623300,6917166,0.0,1554653.0,483458.0,483458.0,2025-12-01,14.307687534387682,18.91852268246678,0.7562793234192485,False
848210,Mexico,"Laredo, TX",2026,January,740067,20074,4833803,5593944,0.0,949599.0,334763.0,334763.0,2026-01-01,16.710162114690092,19.663703070527458,0.8497973171561861,False
848210,Mexico,"Laredo, TX",2026,February,933843,23211,5078969,6036023,0.0,870366.0,363121.0,363121.0,2026-02-01,16.62262166054841,19.663703070527458,0.8453454367637848,False
848210,Mexico,"Laredo, TX",2026,March,703005,17369,5496151,6216525,0.0,1032330.0,423885.0,423885.0,2026-03-01,14.665593262323508,18.023113038013882,0.8137103302515619,False
848210,Mexico,"Laredo, TX",2026,April,628999,24885,5143168,5797052,0.0,782631.0,390000.0,390000.0,2026-04-01,14.864235897435897,18.023113038013882,0.8247318798969211,False
848210,Mexico,"Laredo, TX",2026,May,383055,16694,4053428,4453177,0.0,587399.0,314377.0,314377.0,2026-05-01,14.165085232062141,17.755497550946657,0.7977858796362995,False
848210,Mexico,"Laredo, TX",2026,June,357927,13609,4113443,4484979,0.0,557225.0,336333.0,336333.0,2026-06-01,13.334935911730339,18.0229338716184,0.7398870798016698,False
848210,Mexico,"Los Angeles, CA",2022,March,319,72,3543,3934,0.0,1.0,19.0,19.0,2022-03-01,207.05263157894737,15.368789722427378,13.472279556066765,True
848210,Mexico,"Los Angeles, CA",2022,December,335,12,3725,4072,0.0,58.0,2.0,2.0,2022-12-01,2036.0,19.259696259961405,105.71298594322069,True
848210,Mexico,"Los Angeles, CA",2024,October,423,276,4695,5394,0.0,1.0,77.0,77.0,2024-10-01,70.05194805194805,13.022544217513076,5.379282794658532,True
848210,Mexico,"Los Angeles, CA",2025,October,0,136,6354,6490,0.0,121.0,189.0,189.0,2025-10-01,34.33862433862434,17.308310663704404,1.9839385255912105,False
848210,Mexico,"Los Angeles, CA",2025,December,5611,104,14044,19759,0.0,159.0,17.0,17.0,2025-12-01,1162.2941176470588,18.91852268246678,61.436832947016754,True
848210,Mexico,"Los Angeles, CA",2026,January,19272,1115,32666,53053,0.0,830.0,569.0,569.0,2026-01-01,93.2390158172232,19.663703070527458,4.741681436238356,True
848210,Mexico,"Miami, FL",2022,June,0,2486,99094,101580,0.0,624.0,74.0,74.0,2022-06-01,1372.7027027027027,18.938451477431467,72.48230956678385,True
848210,Mexico,"Miami, FL",2022,July,0,5532,298395,303927,0.0,1619.0,173.0,173.0,2022-07-01,1756.8034682080925,18.938451477431467,92.76383923477779,True
848210,Mexico,"Miami, FL",2022,August,0,8295,535050,543345,0.0,2780.0,383.0,383.0,2022-08-01,1418.6553524804178,18.925680652462134,74.95927774179462,True
848210,Mexico,"Miami, FL",2022,September,0,1319,52935,54254,0.0,162.0,56.0,56.0,2022-09-01,968.8214285714286,15.421047128288409,62.82462017733024,True
848210,Mexico,"Miami, FL",2025,September,10774,711,12826,24311,0.0,22.0,194.0,194.0,2025-09-01,125.31443298969072,17.308310663704404,7.2401307917632645,True
848210,Mexico,"New Orleans, LA",2022,January,895,1100,17062,19057,0.0,410.0,64.0,64.0,2022-01-01,297.765625,13.758687650098427,21.642007767933436,True
848210,Mexico,"New Orleans, LA",2022,March,1800,650,20002,22452,0.0,573.0,693.0,693.0,2022-03-01,32.3982683982684,15.368789722427378,2.108055935659672,False
848210,Mexico,"New Orleans, LA",2022,June,232,650,2580,3462,0.0,78.0,455.0,455.0,2022-06-01,7.608791208791208,18.938451477431467,0.4017641684093568,False
848210,Mexico,"New Orleans, LA",2022,September,680,450,7558,8688,0.0,320.0,2.0,2.0,2022-09-01,4344.0,15.421047128288409,281.69293329188747,True
848210,Mexico,"New Orleans, LA",2022,October,2986,843,33174,37003,0.0,420.0,148.0,148.0,2022-10-01,250.02027027027026,15.421047128288409,16.212924335834007,True
848210,Mexico,"New Orleans, LA",2022,November,2835,1340,31498,35673,0.0,397.0,101.0,101.0,2022-11-01,353.1980198019802,18.094739606335867,19.519375657570006,True
848210,Mexico,"New Orleans, LA",2022,December,786,1100,8736,10622,0.0,284.0,556.0,556.0,2022-12-01,19.10431654676259,19.259696259961405,0.9919323902567544,False
848210,Mexico,"New Orleans, LA",2023,May,419,627,4661,5707,0.0,7.0,81.0,81.0,2023-05-01,70.45679012345678,15.99605468968214,4.404635486080402,True
848210,Mexico,"New Orleans, LA",2023,June,768,650,8538,9956,0.0,2592.0,99.0,99.0,2023-06-01,100.56565656565657,19.752538711160508,5.091277533294256,True
848210,Mexico,"New Orleans, LA",2023,July,195,0,2169,2364,0.0,30.0,215.0,215.0,2023-07-01,10.995348837209303,19.752538711160508,0.5566549696721642,False
848210,Mexico,"New Orleans, LA",2023,September,181,200,2011,2392,0.0,28.0,300.0,300.0,2023-09-01,7.973333333333334,17.046420601893733,0.46774237944401975,False
848210,Mexico,"New Orleans, LA",2023,October,704,232,7822,8758,0.0,61.0,42.0,42.0,2023-10-01,208.52380952380952,17.046420601893733,12.232703533118505,True
848210,Mexico,"New Orleans, LA",2024,February,733,650,8145,9528,0.0,28.0,50.0,50.0,2024-02-01,190.56,14.273686401567634,13.3504404285547,True
848210,Mexico,"New Orleans, LA",2024,March,460,323,9285,10068,0.0,286.0,44.0,44.0,2024-03-01,228.8181818181818,14.119006791594487,16.206393636300596,True
848210,Mexico,"New Orleans, LA",2024,April,319,450,3540,4309,0.0,300.0,3.0,3.0,2024-04-01,1436.3333333333333,14.273686401567634,100.62805731640464,True
848210,Mexico,"New Orleans, LA",2024,May,319,450,3540,4309,0.0,300.0,5.0,5.0,2024-05-01,861.8,14.54658433337217,59.24414833404528,True
848210,Mexico,"New Orleans, LA",2024,June,747,650,8296,9693,0.0,1.0,1.0,1.0,2024-06-01,9693.0,14.914197361146833,649.9176432552354,True
848210,Mexico,"New Orleans, LA",2024,July,60,0,2486,2546,0.0,2.0,3.0,3.0,2024-07-01,848.6666666666666,14.54658433337217,58.34130179410508,True
848210,Mexico,"New Orleans, LA",2024,August,2364,1800,26272,30436,0.0,366.0,20.0,20.0,2024-08-01,1521.8,14.24675373795875,106.81731628064492,True
848210,Mexico,"New Orleans, LA",2024,September,957,504,14213,15674,0.0,388.0,620.0,620.0,2024-09-01,25.280645161290323,14.24675373795875,1.7744846037405073,False
848210,Mexico,"New Orleans, LA",2024,October,866,1350,9609,11825,0.0,615.0,10.0,10.0,2024-10-01,1182.5,13.022544217513076,90.80406871721283,True
848210,Mexico,"New Orleans, LA",2024,November,0,450,3587,4037,0.0,300.0,4.0,4.0,2024-11-01,1009.25,15.867760143078387,63.60380992021996,True
848210,Mexico,"New Orleans, LA",2024,December,1728,450,19192,21370,0.0,706.0,240.0,240.0,2024-12-01,89.04166666666667,16.019503723021245,5.558328660251005,True
848210,Mexico,"New Orleans, LA",2025,January,1314,1800,14598,17712,0.0,641.0,42.0,42.0,2025-01-01,421.7142857142857,16.019503723021245,26.3250530731642,True
848210,Mexico,"New Orleans, LA",2025,February,44331,6403,492571,543305,0.0,2955.0,18495.0,18495.0,2025-02-01,29.375777237091107,17.195484981261124,1.7083424671710932,False
848210,Mexico,"New Orleans, LA",2025,March,107442,5315,449738,562495,0.0,2374.0,15273.0,15273.0,2025-03-01,36.82937209454593,17.20109699417507,2.1411060066121204,False
848210,Mexico,"New Orleans, LA",2025,April,100641,2815,296010,399466,0.0,3034.0,18044.0,18044.0,2025-04-01,22.138439370427843,17.20109699417507,1.2870364824943863,False
848210,Mexico,"New Orleans, LA",2025,June,23588,1617,69378,94583,0.0,1090.0,7392.0,7392.0,2025-06-01,12.795319264069263,14.637430281095732,0.8741506547494502,False
848210,Mexico,"New Orleans, LA",2025,July,59688,2510,175554,237752,0.0,3356.0,16543.0,16543.0,2025-07-01,14.371758447681799,14.637430281095732,0.9818498309941023,False
848210,Mexico,"New Orleans, LA",2025,August,83684,2439,246122,332245,0.0,3849.0,22420.0,22420.0,2025-08-01,14.81913470115968,13.637420277881331,1.0866523432730884,False
848210,Mexico,"New Orleans, LA",2025,September,53249,962,90252,144463,0.0,1025.0,7785.0,7785.0,2025-09-01,18.556583172768143,17.308310663704404,1.0721198349924104,False
848210,Mexico,"New Orleans, LA",2025,October,88274,1650,159218,249142,0.0,3069.0,13724.0,13724.0,2025-10-01,18.153745263771494,17.308310663704404,1.0488455873304823,False
848210,Mexico,"New Orleans, LA",2025,November,199312,2637,269211,471160,0.0,6126.0,21175.0,21175.0,2025-11-01,22.25076741440378,17.792431091700383,1.2505748820791034,False
848210,Mexico,"New Orleans, LA",2025,December,165037,3228,321668,489933,0.0,8545.0,28703.0,28703.0,2025-12-01,17.069052015468767,18.91852268246678,0.9022402172706616,False
848210,Mexico,"New Orleans, LA",2026,January,41938,912,85645,128495,0.0,1982.0,5353.0,5353.0,2026-01-01,24.0042966560807,19.663703070527458,1.2207414122347613,False
848210,Mexico,"New Orleans, LA",2026,February,148365,1674,373226,523265,0.0,7200.0,29776.0,29776.0,2026-02-01,17.573381246641592,19.663703070527458,0.8936964306067608,False
848210,Mexico,"New Orleans, LA",2026,March,90521,869,161430,252820,0.0,2020.0,9940.0,9940.0,2026-03-01,25.43460764587525,18.023113038013882,1.4112216681008012,False
848210,Mexico,"New Orleans, LA",2026,April,61030,913,121948,183891,0.0,1866.0,6301.0,6301.0,2026-04-01,29.18441517219489,18.023113038013882,1.619277153210984,False
848210,Mexico,"New Orleans, LA",2026,May,47382,725,152082,200189,0.0,7808.0,10287.0,10287.0,2026-05-01,19.460386896082433,17.755497550946657,1.096020364410733,False
848210,Mexico,"New Orleans, LA",2026,June,86998,1651,256959,345608,0.0,3581.0,19513.0,19513.0,2026-06-01,17.71167939322503,18.0229338716184,0.9827300881970433,False
848210,Mexico,"New York, NY",2022,February,217,75,2415,2707,0.0,30.0,9.0,9.0,2022-02-01,300.77777777777777,15.368789722427378,19.570687296141386,True
848210,Mexico,"New York, NY",2022,May,224,11,2488,2723,0.0,30.0,9.0,9.0,2022-05-01,302.55555555555554,15.222920912040028,19.875000159546254,True
848210,Mexico,"New York, NY",2022,July,0,87,4339,4426,0.0,2764.0,46.0,46.0,2022-07-01,96.21739130434783,18.938451477431467,5.080531078214497,True
848210,Mexico,"New York, NY",2022,August,0,21,2363,2384,0.0,2250.0,540.0,540.0,2022-08-01,4.4148148148148145,18.925680652462134,0.2332711248744689,True
848210,Mexico,"New York, NY",2023,August,373,486,4144,5003,0.0,88.0,7.0,7.0,2023-08-01,714.7142857142857,18.715275394502203,38.18882012947776,True
848210,Mexico,"New York, NY",2024,October,256,600,2847,3703,0.0,15.0,6.0,6.0,2024-10-01,617.1666666666666,13.022544217513076,47.392172862556606,True
848210,Mexico,"New York, NY",2025,May,921,450,2708,4079,0.0,40.0,9.0,9.0,2025-05-01,453.22222222222223,15.36583435886745,29.495451508669476,True
848210,Mexico,"New York, NY",2025,December,608,33,2218,2859,0.0,15.0,53.0,53.0,2025-12-01,53.943396226415096,18.91852268246678,2.8513535190783426,False
848210,Mexico,"New York, NY",2026,March,10848,1219,18387,30454,0.0,150.0,160.0,160.0,2026-03-01,190.3375,18.023113038013882,10.560744950028615,True
848210,Mexico,"Nogales, AZ",2022,January,651,6,7233,7890,0.0,2.0,2.0,2.0,2022-01-01,3945.0,13.758687650098427,286.72792786103975,True
848210,Mexico,"Nogales, AZ",2022,April,2822,37,31353,34212,0.0,9.0,9.0,9.0,2022-04-01,3801.3333333333335,15.222920912040028,249.71116616173208,True
848210,Mexico,"Nogales, AZ",2022,May,912,10,10133,11055,0.0,5.0,5.0,5.0,2022-05-01,2211.0,15.222920912040028,145.2415086943852,True
848210,Mexico,"Nogales, AZ",2022,June,546,5,6072,6623,0.0,2.0,2.0,2.0,2022-06-01,3311.5,18.938451477431467,174.85590117788885,True
848210,Mexico,"Nogales, AZ",2022,July,714,4,7928,8646,0.0,2.0,2.0,2.0,2022-07-01,4323.0,18.938451477431467,228.2657589587841,True
848210,Mexico,"Nogales, AZ",2022,August,477,11,5297,5785,0.0,3.0,3.0,3.0,2022-08-01,1928.3333333333333,18.925680652462134,101.8897744680304,True
848210,Mexico,"Nogales, AZ",2022,November,215,4,2390,2609,0.0,3.0,3.0,3.0,2022-11-01,869.6666666666666,18.094739606335867,48.06185032705047,True
848210,Mexico,"Nogales, AZ",2023,January,2126,13,23623,25762,0.0,944.0,2.0,2.0,2023-01-01,12881.0,19.87158821818786,648.2119022681042,True
848210,Mexico,"Nogales, AZ",2023,February,207,4,2303,2514,0.0,1.0,1.0,1.0,2023-02-01,2514.0,19.87158821818786,126.5122833865394,True
848210,Mexico,"Nogales, AZ",2023,May,1545,16,17166,18727,0.0,4.0,4.0,4.0,2023-05-01,4681.75,15.99605468968214,292.68154496995106,True
848210,Mexico,"Nogales, AZ",2023,June,634,25,7038,7697,0.0,2.0,2.0,2.0,2023-06-01,3848.5,19.752538711160508,194.83571485550536,True
848210,Mexico,"Nogales, AZ",2023,July,1193,6,13257,14456,0.0,4.0,3.0,3.0,2023-07-01,4818.666666666667,19.752538711160508,243.95176423292068,True
848210,Mexico,"Nogales, AZ",2023,September,226,1,2513,2740,0.0,27.0,4.0,4.0,2023-09-01,685.0,17.046420601893733,40.184389203907216,True
848210,Mexico,"Nogales, AZ",2023,October,264,5,2933,3202,0.0,2.0,2.0,2.0,2023-10-01,1601.0,17.046420601893733,93.9200103875262,True
848210,Mexico,"Nogales, AZ",2023,November,212,19,2358,2589,0.0,7.0,6.0,6.0,2023-11-01,431.5,17.046420601893733,25.31323203136637,True
848210,Mexico,"Nogales, AZ",2023,December,762,14,8466,9242,0.0,6.0,4.0,4.0,2023-12-01,2310.5,17.457648583486254,132.34886639805407,True
848210,Mexico,"Nogales, AZ",2024,February,214,8,2380,2602,0.0,2.0,2.0,2.0,2024-02-01,1301.0,14.273686401567634,91.1467411710205,True
848210,Mexico,"Nogales, AZ",2024,March,2183,87,29450,31720,0.0,47.0,34.0,34.0,2024-03-01,932.9411764705883,14.119006791594487,66.07696916938939,True
848210,Mexico,"Nogales, AZ",2024,May,1145,361,12731,14237,0.0,8.0,6.0,6.0,2024-05-01,2372.8333333333335,14.54658433337217,163.11962168944896,True
848210,Mexico,"Nogales, AZ",2024,June,441,14,4898,5353,0.0,3.0,3.0,3.0,2024-06-01,1784.3333333333333,14.914197361146833,119.63991692786117,True
848210,Mexico,"Nogales, AZ",2024,July,1023,54,16293,17370,0.0,5102.0,427.0,427.0,2024-07-01,40.67915690866511,14.54658433337217,2.796474827107053,False
848210,Mexico,"Nogales, AZ",2024,August,506,5,5617,6128,0.0,2.0,1.0,1.0,2024-08-01,6128.0,14.24675373795875,430.13307541581815,True
848210,Mexico,"Nogales, AZ",2024,September,730,9,8108,8847,0.0,2.0,2.0,2.0,2024-09-01,4423.5,14.24675373795875,310.49178510148033,True
848210,Mexico,"Nogales, AZ",2024,October,217,5,2415,2637,0.0,2.0,1.0,1.0,2024-10-01,2637.0,13.022544217513076,202.49499298713764,True
848210,Mexico,"Nogales, AZ",2024,November,1428,33,15871,17332,0.0,6.0,5.0,5.0,2024-11-01,3466.4,15.867760143078387,218.45553302695117,True
848210,Mexico,"Nogales, AZ",2025,January,909,52,10105,11066,0.0,6.0,5.0,5.0,2025-01-01,2213.2,16.019503723021245,138.15658950904097,True
848210,Mexico,"Nogales, AZ",2025,April,0,1,4298,4299,0.0,8.0,2.0,2.0,2025-04-01,2149.5,17.20109699417507,124.96296025351758,True
848210,Mexico,"Nogales, AZ",2025,June,0,167,13545,13712,0.0,13.0,11.0,11.0,2025-06-01,1246.5454545454545,14.637430281095732,85.16149560455091,True
848210,Mexico,"Nogales, AZ",2025,August,0,175,13048,13223,0.0,11.0,11.0,11.0,2025-08-01,1202.090909090909,13.637420277881331,88.14650312131191,True
848210,Mexico,"Ogdensburg, NY",2024,October,189,71,2096,2356,0.0,8.0,9.0,9.0,2024-10-01,261.77777777777777,13.022544217513076,20.101892027038144,True
848210,Mexico,"Pembina, ND",2022,May,191,20,2126,2337,0.0,58.0,148.0,148.0,2022-05-01,15.79054054054054,15.222920912040028,1.0372871692482863,False
848210,Mexico,"Philadelphia, PA",2024,June,386,145,4282,4813,0.0,34.0,8.0,8.0,2024-06-01,601.625,14.914197361146833,40.339079967340446,True
848210,Mexico,"Philadelphia, PA",2024,September,249,57,2773,3079,0.0,33.0,7.0,7.0,2024-09-01,439.85714285714283,14.24675373795875,30.874201305606675,True
848210,Mexico,"Philadelphia, PA",2026,March,1899,242,3218,5359,0.0,35.0,8.0,8.0,2026-03-01,669.875,18.023113038013882,37.167552497014086,True
848210,Mexico,"San Diego, CA",2022,January,16350,746,583434,600530,0.0,51870.0,11608.0,11608.0,2022-01-01,51.7341488628532,13.758687650098427,3.7601078081369996,True
848210,Mexico,"San Diego, CA",2022,February,17757,1270,1347905,1366932,0.0,48935.0,12325.0,12325.0,2022-02-01,110.90726166328601,15.368789722427378,7.216395283321574,True
848210,Mexico,"San Diego, CA",2022,March,32516,1297,1347993,1381806,0.0,69320.0,14019.0,14019.0,2022-03-01,98.56665953349027,15.368789722427378,6.413430160323805,True
848210,Mexico,"San Diego, CA",2022,April,19926,942,844278,865146,0.0,66779.0,13791.0,13791.0,2022-04-01,62.732651729388735,15.222920912040028,4.120933958198034,True
848210,Mexico,"San Diego, CA",2022,May,13401,1082,838337,852820,0.0,64302.0,13721.0,13721.0,2022-05-01,62.15436192697325,15.222920912040028,4.082945860791701,True
848210,Mexico,"San Diego, CA",2022,June,20812,1693,1441737,1464242,0.0,54154.0,16127.0,16127.0,2022-06-01,90.79444409995659,18.938451477431467,4.794185216682278,True
848210,Mexico,"San Diego, CA",2022,July,21186,1568,1146677,1169431,0.0,58203.0,14407.0,14407.0,2022-07-01,81.17102797251336,18.938451477431467,4.2860435590123656,True
848210,Mexico,"San Diego, CA",2022,August,12573,1543,988985,1003101,0.0,46942.0,11150.0,11150.0,2022-08-01,89.96421524663677,18.925680652462134,4.753552429562574,True
848210,Mexico,"San Diego, CA",2022,September,19733,2088,1208497,1230318,0.0,48691.0,17497.0,17497.0,2022-09-01,70.31593987540721,15.421047128288409,4.559738342697849,True
848210,Mexico,"San Diego, CA",2022,October,12020,1240,922412,935672,0.0,56019.0,14785.0,14785.0,2022-10-01,63.285221508285424,15.421047128288409,4.103821289294606,True
848210,Mexico,"San Diego, CA",2022,November,18427,1003,998341,1017771,0.0,55160.0,14038.0,14038.0,2022-11-01,72.50113976349907,18.094739606335867,4.006752312595469,True
848210,Mexico,"San Diego, CA",2022,December,13198,859,945389,959446,0.0,49304.0,14445.0,14445.0,2022-12-01,66.42062997577017,19.259696259961405,3.4486852273911857,True
848210,Mexico,"San Diego, CA",2023,January,27830,1498,1003965,1033293,0.0,37894.0,9655.0,9655.0,2023-01-01,107.0215432418436,19.87158821818786,5.38565624784284,True
848210,Mexico,"San Diego, CA",2023,February,27260,1628,1142886,1171774,0.0,38251.0,10575.0,10575.0,2023-02-01,110.80605200945627,19.87158821818786,5.576104476039759,True
848210,Mexico,"San Diego, CA",2023,March,26439,1503,1406893,1434835,0.0,42852.0,13158.0,13158.0,2023-03-01,109.04658762729898,15.99605468968214,6.817092698341222,True
848210,Mexico,"San Diego, CA",2023,April,21931,1615,843834,867380,0.0,39911.0,9337.0,9337.0,2023-04-01,92.89707614865588,15.971209021931784,5.8165337402502795,True
848210,Mexico,"San Diego, CA",2023,May,22998,1353,983406,1007757,0.0,35073.0,9509.0,9509.0,2023-05-01,105.97928278473026,15.99605468968214,6.625338862656526,True
848210,Mexico,"San Diego, CA",2023,June,29781,1869,1961846,1993496,0.0,48588.0,13270.0,13270.0,2023-06-01,150.2257724189902,19.752538711160508,7.60539060906182,True
848210,Mexico,"San Diego, CA",2023,July,23366,1368,915245,939979,0.0,34656.0,10158.0,10158.0,2023-07-01,92.53583382555621,19.752538711160508,4.6847564851637,True
848210,Mexico,"San Diego, CA",2023,August,24725,1596,1629519,1655840,0.0,44238.0,13946.0,13946.0,2023-08-01,118.73225297576366,18.715275394502203,6.3441360318236315,True
848210,Mexico,"San Diego, CA",2023,September,21955,1771,1808067,1831793,0.0,63943.0,14202.0,14202.0,2023-09-01,128.9813406562456,17.046420601893733,7.56647648609097,True
848210,Mexico,"San Diego, CA",2023,October,17862,1555,1432830,1452247,0.0,49349.0,10830.0,10830.0,2023-10-01,134.09482917820867,17.046420601893733,7.866450811574585,True
848210,Mexico,"San Diego, CA",2023,November,20878,1591,1032591,1055060,0.0,60033.0,9387.0,9387.0,2023-11-01,112.39586662405455,17.046420601893733,6.59351715230869,True
848210,Mexico,"San Diego, CA",2023,December,23222,1057,987192,1011471,0.0,47932.0,9960.0,9960.0,2023-12-01,101.55331325301205,17.457648583486254,5.8171243834679185,True
848210,Mexico,"San Diego, CA",2024,January,26997,1258,1410767,1439022,0.0,37578.0,11009.0,11009.0,2024-01-01,130.71323462621493,15.234181372063052,8.580259840277417,True
848210,Mexico,"San Diego, CA",2024,February,27432,1523,1341408,1370363,0.0,39827.0,9781.0,9781.0,2024-02-01,140.10459053266538,14.273686401567634,9.815585588126565,True
848210,Mexico,"San Diego, CA",2024,March,32184,1796,1605128,1639108,0.0,48461.0,11711.0,11711.0,2024-03-01,139.96311160447442,14.119006791594487,9.913098964425679,True
848210,Mexico,"San Diego, CA",2024,April,28024,960,1010896,1039880,0.0,40379.0,10956.0,10956.0,2024-04-01,94.91420226359985,14.273686401567634,6.649592795675805,True
848210,Mexico,"San Diego, CA",2024,May,31040,1282,1457726,1490048,0.0,42212.0,9765.0,9765.0,2024-05-01,152.59068100358422,14.54658433337217,10.489794546030783,True
848210,Mexico,"San Diego, CA",2024,June,32829,1338,1581778,1615945,0.0,44522.0,16802.0,16802.0,2024-06-01,96.17575288656113,14.914197361146833,6.448604008493935,True
848210,Mexico,"San Diego, CA",2024,July,18892,1066,924353,944311,0.0,32577.0,7791.0,7791.0,2024-07-01,121.2053651649339,14.54658433337217,8.33222166710776,True
848210,Mexico,"San Diego, CA",2024,August,18192,1262,1328819,1348273,0.0,34397.0,9278.0,9278.0,2024-08-01,145.31935762017676,14.24675373795875,10.200173337241798,True
848210,Mexico,"San Diego, CA",2024,September,5878,1452,1103080,1110410,0.0,28908.0,6243.0,6243.0,2024-09-01,177.8648085856159,14.24675373795875,12.484585040009264,True
848210,Mexico,"San Diego, CA",2024,October,6592,2106,1931474,1940172,0.0,18876.0,10246.0,10246.0,2024-10-01,189.3589693538942,13.022544217513076,14.540858237151465,True
848210,Mexico,"San Diego, CA",2024,November,1987,929,651192,654108,0.0,18307.0,4496.0,4496.0,2024-11-01,145.48665480427047,15.867760143078387,9.168695108347263,True
848210,Mexico,"San Diego, CA",2024,December,11628,1233,1646209,1659070,0.0,32791.0,11470.0,11470.0,2024-12-01,144.64428945074107,16.019503723021245,9.029261577115914,True
848210,Mexico,"San Diego, CA",2025,January,10970,1475,1089825,1102270,0.0,33516.0,7984.0,7984.0,2025-01-01,138.05986973947896,16.019503723021245,8.618236377764713,True
848210,Mexico,"San Diego, CA",2025,February,20296,3156,1672877,1696329,0.0,75002.0,12195.0,12195.0,2025-02-01,139.10036900369005,17.195484981261124,8.08935422032443,True
848210,Mexico,"San Diego, CA",2025,March,35123,3637,1953623,1992383,0.0,57294.0,12796.0,12796.0,2025-03-01,155.7035792435136,17.20109699417507,9.051956354658111,True
848210,Mexico,"San Diego, CA",2025,April,24315,3224,1463115,1490654,0.0,57681.0,11776.0,11776.0,2025-04-01,126.58406929347827,17.20109699417507,7.359069560292831,True
848210,Mexico,"San Diego, CA",2025,May,17612,2998,1352496,1373106,0.0,59432.0,9710.0,9710.0,2025-05-01,141.41153450051493,15.36583435886745,9.202984439234692,True
848210,Mexico,"San Diego, CA",2025,June,56023,3179,1655770,1714972,0.0,93336.0,15841.0,15841.0,2025-06-01,108.26159964648697,14.637430281095732,7.396216246119855,True
848210,Mexico,"San Diego, CA",2025,July,31090,2602,1233474,1267166,0.0,80889.0,12429.0,12429.0,2025-07-01,101.95236945852442,14.637430281095732,6.965182241735156,True
848210,Mexico,"San Diego, CA",2025,August,155659,2321,3110814,3268794,0.0,35721.0,10203.0,10203.0,2025-08-01,320.3757718318142,13.637420277881331,23.492402910793537,True
848210,Mexico,"San Diego, CA",2025,September,80776,3119,1828647,1912542,0.0,45463.0,7110.0,7110.0,2025-09-01,268.9932489451477,17.308310663704404,15.541276914403182,True
848210,Mexico,"San Diego, CA",2025,October,82005,2710,903487,988202,0.0,43529.0,10726.0,10726.0,2025-10-01,92.13145627447324,17.308310663704404,5.322960632297481,True
848210,Mexico,"San Diego, CA",2025,November,63321,2479,1397373,1463173,0.0,37586.0,7547.0,7547.0,2025-11-01,193.87478468265536,17.792431091700383,10.896475230587907,True
848210,Mexico,"San Diego, CA",2025,December,35645,2646,1786064,1824355,0.0,42829.0,10138.0,10138.0,2025-12-01,179.95216018938646,18.91852268246678,9.511956256296994,True
848210,Mexico,"San Diego, CA",2026,January,20383,2517,2338623,2361523,0.0,31627.0,6666.0,6666.0,2026-01-01,354.2638763876388,19.663703070527458,18.016132318363777,True
848210,Mexico,"San Diego, CA",2026,February,69958,3015,1276920,1349893,0.0,47829.0,9479.0,9479.0,2026-02-01,142.40879839645532,19.663703070527458,7.242216681450091,True
848210,Mexico,"San Diego, CA",2026,March,48989,3048,1382762,1434799,0.0,39983.0,8215.0,8215.0,2026-03-01,174.65599513085817,18.023113038013882,9.690667464742539,True
848210,Mexico,"San Diego, CA",2026,April,90007,2408,1149399,1241814,0.0,54469.0,12270.0,12270.0,2026-04-01,101.20733496332518,18.023113038013882,5.615419198107524,True
848210,Mexico,"San Diego, CA",2026,May,75309,2804,1502524,1580637,0.0,47358.0,8889.0,8889.0,2026-05-01,177.81943975700304,17.755497550946657,10.014894780998258,True
848210,Mexico,"San Diego, CA",2026,June,94679,2939,1469757,1567375,0.0,48128.0,14453.0,14453.0,2026-06-01,108.44634331972601,18.0229338716184,6.017130401310622,True
848210,Mexico,"San Francisco, CA",2023,March,325,47,3615,3987,0.0,43.0,3.0,3.0,2023-03-01,1329.0,15.99605468968214,83.08298676030651,True
848210,Mexico,"San Francisco, CA",2023,May,764,110,8491,9365,0.0,101.0,101.0,101.0,2023-05-01,92.72277227722772,15.99605468968214,5.796602604580757,True
848210,Mexico,"Savannah, GA",2026,January,4194,100,7108,11402,0.0,576.0,109.0,109.0,2026-01-01,104.60550458715596,19.663703070527458,5.3197255985797405,True
848210,Mexico,"Seattle, WA",2023,October,205,33,2279,2517,0.0,6.0,3.0,3.0,2023-10-01,839.0,17.046420601893733,49.218543857048395,True
848210,Mexico,"Seattle, WA",2025,July,0,53,3786,3839,0.0,2.0,52.0,52.0,2025-07-01,73.82692307692308,14.637430281095732,5.043707922713093,True
