HTS Number,Country,District,Year,Month,calculated_duties,charges_ins_freight,customs_value,landed_duty_paid,qty_first_kilograms,qty_first_number,qty_second_kilograms,kg_total,date
730630,Brazil,"Chicago, IL",2022,January,0,38088,211561,249649,81042.0,0.0,0.0,81042.0,2022-01-01
730630,Brazil,"Los Angeles, CA",2022,January,0,11174,92150,103324,35697.0,0.0,0.0,35697.0,2022-01-01
730630,Brazil,"New York, NY",2022,January,0,39421,81706,121127,37056.0,0.0,0.0,37056.0,2022-01-01
730630,Brazil,"Nogales, AZ",2022,January,0,43691,169374,213065,66688.0,0.0,0.0,66688.0,2022-01-01
730630,Brazil,"Norfolk, VA",2022,January,0,1000,101370,102370,36858.0,0.0,0.0,36858.0,2022-01-01
730630,Brazil,"Chicago, IL",2022,February,0,772,16400,17172,10483.0,0.0,0.0,10483.0,2022-02-01
730630,Brazil,"Chicago, IL",2022,April,0,2500,21996,24496,8838.0,0.0,0.0,8838.0,2022-04-01
730630,Brazil,"Houston-Galveston, TX",2022,June,0,32819,162914,195733,54188.0,0.0,0.0,54188.0,2022-06-01
730630,Brazil,"Chicago, IL",2022,July,0,20000,246552,266552,76225.0,0.0,0.0,76225.0,2022-07-01
730630,Brazil,"Houston-Galveston, TX",2022,July,0,48001,762549,810550,214106.0,0.0,0.0,214106.0,2022-07-01
730630,Brazil,"Los Angeles, CA",2022,July,0,22146,92864,115010,32702.0,0.0,0.0,32702.0,2022-07-01
730630,Brazil,"Miami, FL",2022,July,0,37617,110435,148052,30639.0,0.0,0.0,30639.0,2022-07-01
730630,Brazil,"Chicago, IL",2023,January,0,500,22481,22981,8731.0,0.0,0.0,8731.0,2023-01-01
730630,Brazil,"Miami, FL",2023,January,0,3000,109301,112301,55684.0,0.0,0.0,55684.0,2023-01-01
730630,Brazil,"Chicago, IL",2023,April,0,106,7100,7206,430.0,0.0,0.0,430.0,2023-04-01
730630,Brazil,"Los Angeles, CA",2023,April,0,4000,66977,70977,26500.0,0.0,0.0,26500.0,2023-04-01
730630,Brazil,"Seattle, WA",2023,April,0,8000,111205,119205,44448.0,0.0,0.0,44448.0,2023-04-01
730630,Brazil,"Chicago, IL",2023,August,0,2926,150600,153526,4974.0,0.0,0.0,4974.0,2023-08-01
730630,Brazil,"Boston, MA",2025,January,0,278,28706,28984,21913.0,0.0,0.0,21913.0,2025-01-01
730630,Brazil,"Houston-Galveston, TX",2025,June,1358,483,2716,4557,2563.0,0.0,0.0,2563.0,2025-06-01
730630,Brazil,"New Orleans, LA",2025,June,10171,4250,20341,34762,19050.0,0.0,0.0,19050.0,2025-06-01
730630,Brazil,"New Orleans, LA",2025,July,30022,4800,60044,94866,55965.0,0.0,0.0,55965.0,2025-07-01
730630,Brazil,"New York, NY",2026,March,10668,2501,33598,46767,19891.0,0.0,0.0,19891.0,2026-03-01
730630,Brazil,"Norfolk, VA",2026,May,4488,569,8976,14033,754.0,0.0,0.0,754.0,2026-05-01
730630,Brazil,"El Paso, TX",2026,June,7012,198,14023,21233,5600.0,0.0,0.0,5600.0,2026-06-01
730630,Canada,"Buffalo, NY",2022,January,0,25515,2834282,2859797,1206344.0,0.0,0.0,1206344.0,2022-01-01
730630,Canada,"Detroit, MI",2022,January,0,191912,20337224,20529136,8610846.0,0.0,0.0,8610846.0,2022-01-01
730630,Canada,"Duluth, MN",2022,January,0,3900,3874,7774,1309.0,0.0,0.0,1309.0,2022-01-01
730630,Canada,"Great Falls, MT",2022,January,0,12033,322498,334531,211946.0,0.0,0.0,211946.0,2022-01-01
730630,Canada,"Ogdensburg, NY",2022,January,0,7204,2036484,2043688,814773.0,0.0,0.0,814773.0,2022-01-01
730630,Canada,"Pembina, ND",2022,January,0,18246,1592943,1611189,789425.0,0.0,0.0,789425.0,2022-01-01
730630,Canada,"Seattle, WA",2022,January,0,150,49552,49702,48580.0,0.0,0.0,48580.0,2022-01-01
730630,Canada,"St. Albans, VT",2022,January,0,7459,1635510,1642969,622889.0,0.0,0.0,622889.0,2022-01-01
730630,Canada,"Buffalo, NY",2022,February,0,47029,4679298,4726327,2159067.0,0.0,0.0,2159067.0,2022-02-01
730630,Canada,"Cleveland, OH",2022,February,0,200,5250,5450,748.0,0.0,0.0,748.0,2022-02-01
730630,Canada,"Detroit, MI",2022,February,0,199134,19575541,19774675,8655975.0,0.0,0.0,8655975.0,2022-02-01
730630,Canada,"Great Falls, MT",2022,February,0,2707,663534,666241,348380.0,0.0,0.0,348380.0,2022-02-01
730630,Canada,"Ogdensburg, NY",2022,February,0,6840,1722990,1729830,705504.0,0.0,0.0,705504.0,2022-02-01
730630,Canada,"Pembina, ND",2022,February,0,12124,1958714,1970838,1009503.0,0.0,0.0,1009503.0,2022-02-01
730630,Canada,"Seattle, WA",2022,February,0,153,107500,107653,60910.0,0.0,0.0,60910.0,2022-02-01
730630,Canada,"St. Albans, VT",2022,February,0,6776,1712001,1718777,671063.0,0.0,0.0,671063.0,2022-02-01
730630,Canada,"Buffalo, NY",2022,March,0,59607,5365885,5425492,2795890.0,0.0,0.0,2795890.0,2022-03-01
730630,Canada,"Cleveland, OH",2022,March,0,200,5250,5450,748.0,0.0,0.0,748.0,2022-03-01
730630,Canada,"Detroit, MI",2022,March,0,313756,23839741,24153497,11658117.0,0.0,0.0,11658117.0,2022-03-01
730630,Canada,"Great Falls, MT",2022,March,0,12793,1197082,1209875,767406.0,0.0,0.0,767406.0,2022-03-01
730630,Canada,"Ogdensburg, NY",2022,March,0,14333,3405982,3420315,1534327.0,0.0,0.0,1534327.0,2022-03-01
730630,Canada,"Pembina, ND",2022,March,0,8215,2026425,2034640,930088.0,0.0,0.0,930088.0,2022-03-01
730630,Canada,"Seattle, WA",2022,March,0,660,142649,143309,73435.0,0.0,0.0,73435.0,2022-03-01
730630,Canada,"St. Albans, VT",2022,March,0,7844,1833719,1841563,766774.0,0.0,0.0,766774.0,2022-03-01
730630,Canada,"Buffalo, NY",2022,April,0,50037,4284545,4334582,2163350.0,0.0,0.0,2163350.0,2022-04-01
730630,Canada,"Detroit, MI",2022,April,0,196182,17870243,18066425,8750985.0,0.0,0.0,8750985.0,2022-04-01
730630,Canada,"Great Falls, MT",2022,April,0,15063,1592052,1607115,1005239.0,0.0,0.0,1005239.0,2022-04-01
730630,Canada,"Ogdensburg, NY",2022,April,0,12137,2760828,2772965,1171173.0,0.0,0.0,1171173.0,2022-04-01
730630,Canada,"Pembina, ND",2022,April,0,12197,3635666,3647863,1851988.0,0.0,0.0,1851988.0,2022-04-01
730630,Canada,"Portland, ME",2022,April,0,44,4261,4305,1810.0,0.0,0.0,1810.0,2022-04-01
730630,Canada,"Seattle, WA",2022,April,0,346,147551,147897,32607.0,0.0,0.0,32607.0,2022-04-01
730630,Canada,"St. Albans, VT",2022,April,0,9494,2448251,2457745,989680.0,0.0,0.0,989680.0,2022-04-01
730630,Canada,"Buffalo, NY",2022,May,0,40900,4204179,4245079,2059116.0,0.0,0.0,2059116.0,2022-05-01
730630,Canada,"Detroit, MI",2022,May,0,198519,20853231,21051750,9808244.0,0.0,0.0,9808244.0,2022-05-01
730630,Canada,"Great Falls, MT",2022,May,0,7520,774134,781654,429365.0,0.0,0.0,429365.0,2022-05-01
730630,Canada,"Laredo, TX",2022,May,0,1,2663,2664,1775.0,0.0,0.0,1775.0,2022-05-01
730630,Canada,"Ogdensburg, NY",2022,May,0,22982,2670692,2693674,1278329.0,0.0,0.0,1278329.0,2022-05-01
730630,Canada,"Pembina, ND",2022,May,0,26640,6826001,6852641,2478641.0,0.0,0.0,2478641.0,2022-05-01
730630,Canada,"Seattle, WA",2022,May,0,852,204356,205208,117681.0,0.0,0.0,117681.0,2022-05-01
730630,Canada,"St. Albans, VT",2022,May,0,7959,2222694,2230653,857077.0,0.0,0.0,857077.0,2022-05-01
730630,Canada,"Buffalo, NY",2022,June,0,54967,5434856,5489823,2508968.0,0.0,0.0,2508968.0,2022-06-01
730630,Canada,"Detroit, MI",2022,June,0,219061,19811390,20030451,9947219.0,0.0,0.0,9947219.0,2022-06-01
730630,Canada,"Great Falls, MT",2022,June,0,17680,1177259,1194939,865834.0,0.0,0.0,865834.0,2022-06-01
730630,Canada,"Ogdensburg, NY",2022,June,0,4959,999927,1004886,402229.0,0.0,0.0,402229.0,2022-06-01
730630,Canada,"Pembina, ND",2022,June,0,6254,2793084,2799338,1006706.0,0.0,0.0,1006706.0,2022-06-01
730630,Canada,"Portland, ME",2022,June,0,150,51569,51719,37815.0,0.0,0.0,37815.0,2022-06-01
730630,Canada,"Seattle, WA",2022,June,0,460,108572,109032,76309.0,0.0,0.0,76309.0,2022-06-01
730630,Canada,"St. Albans, VT",2022,June,0,6838,2030272,2037110,787758.0,0.0,0.0,787758.0,2022-06-01
730630,Canada,"Buffalo, NY",2022,July,0,41360,3968818,4010178,1995081.0,0.0,0.0,1995081.0,2022-07-01
730630,Canada,"Detroit, MI",2022,July,0,197814,17093388,17291202,8899209.0,0.0,0.0,8899209.0,2022-07-01
730630,Canada,"Great Falls, MT",2022,July,0,20297,1240605,1260902,826211.0,0.0,0.0,826211.0,2022-07-01
730630,Canada,"Ogdensburg, NY",2022,July,0,10721,3136063,3146784,1330125.0,0.0,0.0,1330125.0,2022-07-01
730630,Canada,"Pembina, ND",2022,July,0,19289,3953572,3972861,1725817.0,0.0,0.0,1725817.0,2022-07-01
730630,Canada,"Seattle, WA",2022,July,0,150,49353,49503,48385.0,0.0,0.0,48385.0,2022-07-01
730630,Canada,"St. Albans, VT",2022,July,0,7043,1913539,1920582,766831.0,0.0,0.0,766831.0,2022-07-01
730630,Canada,"Buffalo, NY",2022,August,0,41317,4111407,4152724,2234202.0,0.0,0.0,2234202.0,2022-08-01
730630,Canada,"Detroit, MI",2022,August,0,179631,18369878,18549509,9477023.0,0.0,0.0,9477023.0,2022-08-01
730630,Canada,"Great Falls, MT",2022,August,0,21921,1938447,1960368,1467789.0,0.0,0.0,1467789.0,2022-08-01
730630,Canada,"Ogdensburg, NY",2022,August,0,9068,2275038,2284106,1048396.0,0.0,0.0,1048396.0,2022-08-01
730630,Canada,"Pembina, ND",2022,August,0,13782,2961585,2975367,1286325.0,0.0,0.0,1286325.0,2022-08-01
730630,Canada,"Seattle, WA",2022,August,0,700,135478,136178,93966.0,0.0,0.0,93966.0,2022-08-01
730630,Canada,"St. Albans, VT",2022,August,0,8636,2192623,2201259,927256.0,0.0,0.0,927256.0,2022-08-01
730630,Canada,"Buffalo, NY",2022,September,0,51315,4267053,4318368,2267977.0,0.0,0.0,2267977.0,2022-09-01
730630,Canada,"Detroit, MI",2022,September,0,199487,16720653,16920140,9609181.0,0.0,0.0,9609181.0,2022-09-01
730630,Canada,"Duluth, MN",2022,September,0,15,2748,2763,759.0,0.0,0.0,759.0,2022-09-01
730630,Canada,"Great Falls, MT",2022,September,0,11512,1145908,1157420,766841.0,0.0,0.0,766841.0,2022-09-01
730630,Canada,"Ogdensburg, NY",2022,September,0,5408,1105841,1111249,530365.0,0.0,0.0,530365.0,2022-09-01
730630,Canada,"Pembina, ND",2022,September,0,5296,1730343,1735639,711965.0,0.0,0.0,711965.0,2022-09-01
730630,Canada,"Seattle, WA",2022,September,0,152,84639,84791,38768.0,0.0,0.0,38768.0,2022-09-01
730630,Canada,"St. Albans, VT",2022,September,0,6542,1438679,1445221,620720.0,0.0,0.0,620720.0,2022-09-01
730630,Canada,"Anchorage, AK",2022,October,0,1000,110263,111263,10412.0,0.0,0.0,10412.0,2022-10-01
730630,Canada,"Buffalo, NY",2022,October,0,37862,3405171,3443033,1880591.0,0.0,0.0,1880591.0,2022-10-01
730630,Canada,"Cleveland, OH",2022,October,0,116,43578,43694,42724.0,0.0,0.0,42724.0,2022-10-01
730630,Canada,"Detroit, MI",2022,October,0,236004,19461668,19697672,11906711.0,0.0,0.0,11906711.0,2022-10-01
730630,Canada,"Great Falls, MT",2022,October,0,19417,1258871,1278288,881242.0,0.0,0.0,881242.0,2022-10-01
730630,Canada,"Laredo, TX",2022,October,0,8762,75028,83790,32651.0,0.0,0.0,32651.0,2022-10-01
730630,Canada,"Ogdensburg, NY",2022,October,0,11201,2515747,2526948,1239755.0,0.0,0.0,1239755.0,2022-10-01
730630,Canada,"Pembina, ND",2022,October,0,8448,1751962,1760410,742656.0,0.0,0.0,742656.0,2022-10-01
730630,Canada,"Portland, ME",2022,October,0,182,11394,11576,7127.0,0.0,0.0,7127.0,2022-10-01
730630,Canada,"Seattle, WA",2022,October,0,150,8308,8458,8145.0,0.0,0.0,8145.0,2022-10-01
730630,Canada,"St. Albans, VT",2022,October,0,8755,1925609,1934364,924959.0,0.0,0.0,924959.0,2022-10-01
730630,Canada,"Buffalo, NY",2022,November,0,28569,4001400,4029969,2595401.0,0.0,0.0,2595401.0,2022-11-01
730630,Canada,"Detroit, MI",2022,November,0,185336,14633024,14818360,9429453.0,0.0,0.0,9429453.0,2022-11-01
730630,Canada,"Great Falls, MT",2022,November,0,2015,483359,485374,268558.0,0.0,0.0,268558.0,2022-11-01
730630,Canada,"Ogdensburg, NY",2022,November,0,13553,2648004,2661557,1400656.0,0.0,0.0,1400656.0,2022-11-01
730630,Canada,"Pembina, ND",2022,November,0,12191,1200444,1212635,630062.0,0.0,0.0,630062.0,2022-11-01
730630,Canada,"Seattle, WA",2022,November,0,250,61522,61772,56049.0,0.0,0.0,56049.0,2022-11-01
730630,Canada,"St. Albans, VT",2022,November,0,7322,1491272,1498594,802739.0,0.0,0.0,802739.0,2022-11-01
730630,Canada,"Buffalo, NY",2022,December,0,24566,2078826,2103392,1286472.0,0.0,0.0,1286472.0,2022-12-01
730630,Canada,"Detroit, MI",2022,December,0,124268,11551293,11675561,7760545.0,0.0,0.0,7760545.0,2022-12-01
730630,Canada,"Great Falls, MT",2022,December,0,6599,409394,415993,323636.0,0.0,0.0,323636.0,2022-12-01
730630,Canada,"Laredo, TX",2022,December,0,130,32457,32587,15588.0,0.0,0.0,15588.0,2022-12-01
730630,Canada,"Ogdensburg, NY",2022,December,0,5570,996343,1001913,664323.0,0.0,0.0,664323.0,2022-12-01
730630,Canada,"Pembina, ND",2022,December,0,7285,656030,663315,396310.0,0.0,0.0,396310.0,2022-12-01
730630,Canada,"Seattle, WA",2022,December,0,350,92627,92977,25996.0,0.0,0.0,25996.0,2022-12-01
730630,Canada,"St. Albans, VT",2022,December,0,6475,1196024,1202499,697934.0,0.0,0.0,697934.0,2022-12-01
730630,Canada,"Buffalo, NY",2023,January,0,44290,3572534,3616824,2178502.0,0.0,0.0,2178502.0,2023-01-01
730630,Canada,"Detroit, MI",2023,January,0,199308,14495276,14694584,10137534.0,0.0,0.0,10137534.0,2023-01-01
730630,Canada,"Great Falls, MT",2023,January,0,4806,984694,989500,600459.0,0.0,0.0,600459.0,2023-01-01
730630,Canada,"Ogdensburg, NY",2023,January,0,6775,1305766,1312541,818768.0,0.0,0.0,818768.0,2023-01-01
730630,Canada,"Pembina, ND",2023,January,0,15837,1302770,1318607,849715.0,0.0,0.0,849715.0,2023-01-01
730630,Canada,"Portland, ME",2023,January,0,345,19377,19722,14489.0,0.0,0.0,14489.0,2023-01-01
730630,Canada,"St. Albans, VT",2023,January,0,6712,1192247,1198959,655846.0,0.0,0.0,655846.0,2023-01-01
730630,Canada,"Buffalo, NY",2023,February,0,40933,3321444,3362377,2065026.0,0.0,0.0,2065026.0,2023-02-01
730630,Canada,"Detroit, MI",2023,February,0,163091,12460715,12623806,8722537.0,0.0,0.0,8722537.0,2023-02-01
730630,Canada,"Great Falls, MT",2023,February,0,2753,489572,492325,378682.0,0.0,0.0,378682.0,2023-02-01
730630,Canada,"Ogdensburg, NY",2023,February,0,8947,1776779,1785726,1071879.0,0.0,0.0,1071879.0,2023-02-01
730630,Canada,"Pembina, ND",2023,February,0,9375,2616538,2625913,1270142.0,0.0,0.0,1270142.0,2023-02-01
730630,Canada,"Seattle, WA",2023,February,0,150,24558,24708,24076.0,0.0,0.0,24076.0,2023-02-01
730630,Canada,"St. Albans, VT",2023,February,0,8499,1606095,1614594,958896.0,0.0,0.0,958896.0,2023-02-01
730630,Canada,"Buffalo, NY",2023,March,0,39048,3428745,3467793,2111279.0,0.0,0.0,2111279.0,2023-03-01
730630,Canada,"Detroit, MI",2023,March,0,226281,16699543,16925824,11744378.0,0.0,0.0,11744378.0,2023-03-01
730630,Canada,"Great Falls, MT",2023,March,0,6705,733517,740222,586787.0,0.0,0.0,586787.0,2023-03-01
730630,Canada,"Ogdensburg, NY",2023,March,0,11041,2382929,2393970,1320646.0,0.0,0.0,1320646.0,2023-03-01
730630,Canada,"Pembina, ND",2023,March,0,7981,1554617,1562598,788227.0,0.0,0.0,788227.0,2023-03-01
730630,Canada,"Seattle, WA",2023,March,0,501,99445,99946,87264.0,0.0,0.0,87264.0,2023-03-01
730630,Canada,"St. Albans, VT",2023,March,0,8982,1862170,1871152,1017651.0,0.0,0.0,1017651.0,2023-03-01
730630,Canada,"Buffalo, NY",2023,April,0,44191,3825936,3870127,2279319.0,0.0,0.0,2279319.0,2023-04-01
730630,Canada,"Detroit, MI",2023,April,0,208544,15986355,16194899,10610952.0,0.0,0.0,10610952.0,2023-04-01
730630,Canada,"Great Falls, MT",2023,April,0,4252,650975,655227,512449.0,0.0,0.0,512449.0,2023-04-01
730630,Canada,"Ogdensburg, NY",2023,April,0,9421,2007058,2016479,1107024.0,0.0,0.0,1107024.0,2023-04-01
730630,Canada,"Pembina, ND",2023,April,0,7493,2147286,2154779,1162769.0,0.0,0.0,1162769.0,2023-04-01
730630,Canada,"Seattle, WA",2023,April,0,2123,110611,112734,90060.0,0.0,0.0,90060.0,2023-04-01
730630,Canada,"St. Albans, VT",2023,April,0,5589,1358616,1364205,669597.0,0.0,0.0,669597.0,2023-04-01
730630,Canada,"Buffalo, NY",2023,May,0,39542,3667992,3707534,2161127.0,0.0,0.0,2161127.0,2023-05-01
730630,Canada,"Detroit, MI",2023,May,0,228171,19618835,19847006,12429381.0,0.0,0.0,12429381.0,2023-05-01
730630,Canada,"Duluth, MN",2023,May,0,500,33830,34330,19828.0,0.0,0.0,19828.0,2023-05-01
730630,Canada,"Great Falls, MT",2023,May,0,7303,617218,624521,403982.0,0.0,0.0,403982.0,2023-05-01
730630,Canada,"Ogdensburg, NY",2023,May,0,8750,2049317,2058067,1175584.0,0.0,0.0,1175584.0,2023-05-01
730630,Canada,"Pembina, ND",2023,May,0,11508,1348369,1359877,686294.0,0.0,0.0,686294.0,2023-05-01
730630,Canada,"Seattle, WA",2023,May,0,150,7270,7420,1237.0,0.0,0.0,1237.0,2023-05-01
730630,Canada,"St. Albans, VT",2023,May,0,6899,1604530,1611429,863678.0,0.0,0.0,863678.0,2023-05-01
730630,Canada,"Anchorage, AK",2023,June,0,218,11739,11957,7504.0,0.0,0.0,7504.0,2023-06-01
730630,Canada,"Buffalo, NY",2023,June,0,49250,4086588,4135838,2286313.0,0.0,0.0,2286313.0,2023-06-01
730630,Canada,"Detroit, MI",2023,June,0,195108,17189280,17384388,10721995.0,0.0,0.0,10721995.0,2023-06-01
730630,Canada,"Great Falls, MT",2023,June,0,3800,327299,331099,263209.0,0.0,0.0,263209.0,2023-06-01
730630,Canada,"Ogdensburg, NY",2023,June,0,15474,3813872,3829346,2054787.0,0.0,0.0,2054787.0,2023-06-01
730630,Canada,"Pembina, ND",2023,June,0,9848,1318407,1328255,665583.0,0.0,0.0,665583.0,2023-06-01
730630,Canada,"Seattle, WA",2023,June,0,834,98934,99768,91831.0,0.0,0.0,91831.0,2023-06-01
730630,Canada,"St. Albans, VT",2023,June,0,7750,1803146,1810896,889476.0,0.0,0.0,889476.0,2023-06-01
730630,Canada,"Anchorage, AK",2023,July,0,2001,4551,6552,889.0,0.0,0.0,889.0,2023-07-01
730630,Canada,"Buffalo, NY",2023,July,0,36398,2762361,2798759,1652263.0,0.0,0.0,1652263.0,2023-07-01
730630,Canada,"Detroit, MI",2023,July,0,158623,12461328,12619951,7582799.0,0.0,0.0,7582799.0,2023-07-01
730630,Canada,"Great Falls, MT",2023,July,0,2435,315363,317798,248464.0,0.0,0.0,248464.0,2023-07-01
730630,Canada,"Ogdensburg, NY",2023,July,0,5683,1352235,1357918,758354.0,0.0,0.0,758354.0,2023-07-01
730630,Canada,"Pembina, ND",2023,July,0,7826,1367119,1374945,676195.0,0.0,0.0,676195.0,2023-07-01
730630,Canada,"Seattle, WA",2023,July,0,300,66225,66525,64926.0,0.0,0.0,64926.0,2023-07-01
730630,Canada,"St. Albans, VT",2023,July,0,4699,1042954,1047653,536470.0,0.0,0.0,536470.0,2023-07-01
730630,Canada,"Buffalo, NY",2023,August,0,34392,2700336,2734728,1605470.0,0.0,0.0,1605470.0,2023-08-01
730630,Canada,"Detroit, MI",2023,August,0,152699,13507468,13660167,8173169.0,0.0,0.0,8173169.0,2023-08-01
730630,Canada,"Great Falls, MT",2023,August,0,2054,441342,443396,325606.0,0.0,0.0,325606.0,2023-08-01
730630,Canada,"Laredo, TX",2023,August,0,200,34273,34473,19680.0,0.0,0.0,19680.0,2023-08-01
730630,Canada,"Ogdensburg, NY",2023,August,0,5501,831095,836596,633436.0,0.0,0.0,633436.0,2023-08-01
730630,Canada,"Pembina, ND",2023,August,0,5946,959788,965734,590186.0,0.0,0.0,590186.0,2023-08-01
730630,Canada,"Seattle, WA",2023,August,0,280,40460,40740,26648.0,0.0,0.0,26648.0,2023-08-01
730630,Canada,"St. Albans, VT",2023,August,0,4429,866704,871133,535645.0,0.0,0.0,535645.0,2023-08-01
730630,Canada,"Buffalo, NY",2023,September,0,31059,2264493,2295552,1423061.0,0.0,0.0,1423061.0,2023-09-01
730630,Canada,"Detroit, MI",2023,September,0,136369,12156119,12292488,7580798.0,0.0,0.0,7580798.0,2023-09-01
730630,Canada,"Great Falls, MT",2023,September,0,6445,549304,555749,391319.0,0.0,0.0,391319.0,2023-09-01
730630,Canada,"Ogdensburg, NY",2023,September,0,9337,2089342,2098679,1310868.0,0.0,0.0,1310868.0,2023-09-01
730630,Canada,"Pembina, ND",2023,September,0,14809,587176,601985,388364.0,0.0,0.0,388364.0,2023-09-01
730630,Canada,"Seattle, WA",2023,September,0,803,204086,204889,69155.0,0.0,0.0,69155.0,2023-09-01
730630,Canada,"St. Albans, VT",2023,September,0,7775,1518039,1525814,959321.0,0.0,0.0,959321.0,2023-09-01
730630,Canada,"Buffalo, NY",2023,October,0,42864,2656611,2699475,1899165.0,0.0,0.0,1899165.0,2023-10-01
730630,Canada,"Detroit, MI",2023,October,0,179236,13555522,13734758,9569531.0,0.0,0.0,9569531.0,2023-10-01
730630,Canada,"Great Falls, MT",2023,October,0,2230,310655,312885,284149.0,0.0,0.0,284149.0,2023-10-01
730630,Canada,"Laredo, TX",2023,October,0,1,3056,3057,2996.0,0.0,0.0,2996.0,2023-10-01
730630,Canada,"Ogdensburg, NY",2023,October,0,8021,1408313,1416334,972946.0,0.0,0.0,972946.0,2023-10-01
730630,Canada,"Pembina, ND",2023,October,0,9837,978926,988763,596258.0,0.0,0.0,596258.0,2023-10-01
730630,Canada,"Seattle, WA",2023,October,0,45,7360,7405,3340.0,0.0,0.0,3340.0,2023-10-01
730630,Canada,"St. Albans, VT",2023,October,0,8445,1539426,1547871,1062130.0,0.0,0.0,1062130.0,2023-10-01
730630,Canada,"Buffalo, NY",2023,November,0,52903,3808513,3861416,2724730.0,0.0,0.0,2724730.0,2023-11-01
730630,Canada,"Detroit, MI",2023,November,0,159655,11653320,11812975,8213585.0,0.0,0.0,8213585.0,2023-11-01
730630,Canada,"Great Falls, MT",2023,November,0,4914,413700,418614,327546.0,0.0,0.0,327546.0,2023-11-01
730630,Canada,"Ogdensburg, NY",2023,November,0,6038,1152335,1158373,765968.0,0.0,0.0,765968.0,2023-11-01
730630,Canada,"Pembina, ND",2023,November,0,10393,1007751,1018144,592837.0,0.0,0.0,592837.0,2023-11-01
730630,Canada,"Portland, ME",2023,November,0,11,2567,2578,1745.0,0.0,0.0,1745.0,2023-11-01
730630,Canada,"Seattle, WA",2023,November,0,1345,19114,20459,14551.0,0.0,0.0,14551.0,2023-11-01
730630,Canada,"St. Albans, VT",2023,November,0,9676,1861713,1871389,1217547.0,0.0,0.0,1217547.0,2023-11-01
730630,Canada,"Buffalo, NY",2023,December,0,33951,2438662,2472613,1602644.0,0.0,0.0,1602644.0,2023-12-01
730630,Canada,"Detroit, MI",2023,December,0,144262,11296505,11440767,7721930.0,0.0,0.0,7721930.0,2023-12-01
730630,Canada,"Great Falls, MT",2023,December,0,1922,321815,323737,259304.0,0.0,0.0,259304.0,2023-12-01
730630,Canada,"Laredo, TX",2023,December,0,869,26295,27164,5842.0,0.0,0.0,5842.0,2023-12-01
730630,Canada,"Ogdensburg, NY",2023,December,0,11356,2356742,2368098,1540641.0,0.0,0.0,1540641.0,2023-12-01
730630,Canada,"Pembina, ND",2023,December,0,3035,656355,659390,386207.0,0.0,0.0,386207.0,2023-12-01
730630,Canada,"Portland, ME",2023,December,0,35,2357,2392,1273.0,0.0,0.0,1273.0,2023-12-01
730630,Canada,"Seattle, WA",2023,December,0,609,58116,58725,37440.0,0.0,0.0,37440.0,2023-12-01
730630,Canada,"St. Albans, VT",2023,December,0,7673,1536679,1544352,956848.0,0.0,0.0,956848.0,2023-12-01
730630,Canada,"Buffalo, NY",2024,January,0,41446,3300800,3342246,2121983.0,0.0,0.0,2121983.0,2024-01-01
730630,Canada,"Detroit, MI",2024,January,0,175831,14759544,14935375,9179716.0,0.0,0.0,9179716.0,2024-01-01
730630,Canada,"Great Falls, MT",2024,January,0,2755,244037,246792,165627.0,0.0,0.0,165627.0,2024-01-01
730630,Canada,"Ogdensburg, NY",2024,January,0,7751,1637378,1645129,970898.0,0.0,0.0,970898.0,2024-01-01
730630,Canada,"Pembina, ND",2024,January,0,6255,1226360,1232615,787458.0,0.0,0.0,787458.0,2024-01-01
730630,Canada,"Seattle, WA",2024,January,0,150,32500,32650,24008.0,0.0,0.0,24008.0,2024-01-01
730630,Canada,"St. Albans, VT",2024,January,0,7442,1686415,1693857,939822.0,0.0,0.0,939822.0,2024-01-01
730630,Canada,"Buffalo, NY",2024,February,0,39435,3461981,3501416,2097818.0,0.0,0.0,2097818.0,2024-02-01
730630,Canada,"Detroit, MI",2024,February,0,209901,16156598,16366499,10678430.0,0.0,0.0,10678430.0,2024-02-01
730630,Canada,"Great Falls, MT",2024,February,0,2725,326743,329468,250647.0,0.0,0.0,250647.0,2024-02-01
730630,Canada,"Ogdensburg, NY",2024,February,0,7039,1575559,1582598,967597.0,0.0,0.0,967597.0,2024-02-01
730630,Canada,"Pembina, ND",2024,February,0,12726,1418070,1430796,807477.0,0.0,0.0,807477.0,2024-02-01
730630,Canada,"Seattle, WA",2024,February,0,3278,112922,116200,84613.0,0.0,0.0,84613.0,2024-02-01
730630,Canada,"St. Albans, VT",2024,February,0,7791,1484483,1492274,899390.0,0.0,0.0,899390.0,2024-02-01
730630,Canada,"Buffalo, NY",2024,March,0,43439,3170409,3213848,2079580.0,0.0,0.0,2079580.0,2024-03-01
730630,Canada,"Detroit, MI",2024,March,0,159877,12703980,12863857,8258868.0,0.0,0.0,8258868.0,2024-03-01
730630,Canada,"Great Falls, MT",2024,March,0,3757,537780,541537,526367.0,0.0,0.0,526367.0,2024-03-01
730630,Canada,"Ogdensburg, NY",2024,March,0,10755,2067973,2078728,1418426.0,0.0,0.0,1418426.0,2024-03-01
730630,Canada,"Pembina, ND",2024,March,0,2927,1103799,1106726,539235.0,0.0,0.0,539235.0,2024-03-01
730630,Canada,"Seattle, WA",2024,March,0,1434,145029,146463,97220.0,0.0,0.0,97220.0,2024-03-01
730630,Canada,"St. Albans, VT",2024,March,0,7159,1431681,1438840,911793.0,0.0,0.0,911793.0,2024-03-01
730630,Canada,"Buffalo, NY",2024,April,0,49586,3703105,3752691,2511460.0,0.0,0.0,2511460.0,2024-04-01
730630,Canada,"Detroit, MI",2024,April,0,183776,13713052,13896828,9084369.0,0.0,0.0,9084369.0,2024-04-01
730630,Canada,"Great Falls, MT",2024,April,0,3128,439711,442839,460928.0,0.0,0.0,460928.0,2024-04-01
730630,Canada,"Ogdensburg, NY",2024,April,0,10813,2138619,2149432,1439514.0,0.0,0.0,1439514.0,2024-04-01
730630,Canada,"Pembina, ND",2024,April,0,3955,1467168,1471123,807563.0,0.0,0.0,807563.0,2024-04-01
730630,Canada,"Portland, ME",2024,April,0,22,5670,5692,4008.0,0.0,0.0,4008.0,2024-04-01
730630,Canada,"Seattle, WA",2024,April,0,501,19578,20079,11887.0,0.0,0.0,11887.0,2024-04-01
730630,Canada,"St. Albans, VT",2024,April,0,8917,1716212,1725129,1144228.0,0.0,0.0,1144228.0,2024-04-01
730630,Canada,"Buffalo, NY",2024,May,0,40734,3354575,3395309,2266907.0,0.0,0.0,2266907.0,2024-05-01
730630,Canada,"Detroit, MI",2024,May,0,167684,13869593,14037277,8963013.0,0.0,0.0,8963013.0,2024-05-01
730630,Canada,"Great Falls, MT",2024,May,0,3157,554582,557739,446407.0,0.0,0.0,446407.0,2024-05-01
730630,Canada,"Ogdensburg, NY",2024,May,0,4336,776351,780687,563963.0,0.0,0.0,563963.0,2024-05-01
730630,Canada,"Pembina, ND",2024,May,0,2311,1175141,1177452,563183.0,0.0,0.0,563183.0,2024-05-01
730630,Canada,"Seattle, WA",2024,May,0,6150,106888,113038,59310.0,0.0,0.0,59310.0,2024-05-01
730630,Canada,"St. Albans, VT",2024,May,0,4942,842426,847368,597899.0,0.0,0.0,597899.0,2024-05-01
730630,Canada,"Buffalo, NY",2024,June,0,33514,2594737,2628251,1781228.0,0.0,0.0,1781228.0,2024-06-01
730630,Canada,"Detroit, MI",2024,June,0,144998,11371287,11516285,7737780.0,0.0,0.0,7737780.0,2024-06-01
730630,Canada,"Great Falls, MT",2024,June,0,3428,349612,353040,271838.0,0.0,0.0,271838.0,2024-06-01
730630,Canada,"Ogdensburg, NY",2024,June,0,3960,723185,727145,532054.0,0.0,0.0,532054.0,2024-06-01
730630,Canada,"Pembina, ND",2024,June,0,4269,1093146,1097415,602583.0,0.0,0.0,602583.0,2024-06-01
730630,Canada,"Seattle, WA",2024,June,0,336,50500,50836,33911.0,0.0,0.0,33911.0,2024-06-01
730630,Canada,"St. Albans, VT",2024,June,0,5013,806216,811229,549802.0,0.0,0.0,549802.0,2024-06-01
730630,Canada,"Anchorage, AK",2024,July,0,1000,3024,4024,2181.0,0.0,0.0,2181.0,2024-07-01
730630,Canada,"Buffalo, NY",2024,July,0,33256,2283581,2316837,1683450.0,0.0,0.0,1683450.0,2024-07-01
730630,Canada,"Detroit, MI",2024,July,0,160844,11031732,11192576,7938750.0,0.0,0.0,7938750.0,2024-07-01
730630,Canada,"Great Falls, MT",2024,July,0,3250,242150,245400,205984.0,0.0,0.0,205984.0,2024-07-01
730630,Canada,"Ogdensburg, NY",2024,July,0,4001,703327,707328,593420.0,0.0,0.0,593420.0,2024-07-01
730630,Canada,"Pembina, ND",2024,July,0,2072,992387,994459,522181.0,0.0,0.0,522181.0,2024-07-01
730630,Canada,"Seattle, WA",2024,July,0,150,36400,36550,26253.0,0.0,0.0,26253.0,2024-07-01
730630,Canada,"St. Albans, VT",2024,July,0,5164,721726,726890,578587.0,0.0,0.0,578587.0,2024-07-01
730630,Canada,"Buffalo, NY",2024,August,0,31019,2301622,2332641,1750686.0,0.0,0.0,1750686.0,2024-08-01
730630,Canada,"Detroit, MI",2024,August,0,157643,10773294,10930937,8128615.0,0.0,0.0,8128615.0,2024-08-01
730630,Canada,"Great Falls, MT",2024,August,0,4188,484438,488626,363697.0,0.0,0.0,363697.0,2024-08-01
730630,Canada,"Ogdensburg, NY",2024,August,0,4550,704528,709078,536042.0,0.0,0.0,536042.0,2024-08-01
730630,Canada,"Pembina, ND",2024,August,0,2561,911147,913708,512258.0,0.0,0.0,512258.0,2024-08-01
730630,Canada,"St. Albans, VT",2024,August,0,4504,720566,725070,542442.0,0.0,0.0,542442.0,2024-08-01
730630,Canada,"Buffalo, NY",2024,September,0,44854,3154667,3199521,2387369.0,0.0,0.0,2387369.0,2024-09-01
730630,Canada,"Detroit, MI",2024,September,0,165448,10316997,10482445,7700904.0,0.0,0.0,7700904.0,2024-09-01
730630,Canada,"Great Falls, MT",2024,September,0,3138,484969,488107,390628.0,0.0,0.0,390628.0,2024-09-01
730630,Canada,"Ogdensburg, NY",2024,September,0,9836,1523523,1533359,1225999.0,0.0,0.0,1225999.0,2024-09-01
730630,Canada,"Pembina, ND",2024,September,0,1610,705487,707097,413535.0,0.0,0.0,413535.0,2024-09-01
730630,Canada,"Seattle, WA",2024,September,0,537,79805,80342,66932.0,0.0,0.0,66932.0,2024-09-01
730630,Canada,"St. Albans, VT",2024,September,0,6671,1007398,1014069,798720.0,0.0,0.0,798720.0,2024-09-01
730630,Canada,"Buffalo, NY",2024,October,0,44229,2855764,2899993,2126664.0,0.0,0.0,2126664.0,2024-10-01
730630,Canada,"Detroit, MI",2024,October,0,196377,11644961,11841338,9147864.0,0.0,0.0,9147864.0,2024-10-01
730630,Canada,"Great Falls, MT",2024,October,0,11456,828628,840084,655139.0,0.0,0.0,655139.0,2024-10-01
730630,Canada,"Ogdensburg, NY",2024,October,0,8322,1305292,1313614,1064736.0,0.0,0.0,1064736.0,2024-10-01
730630,Canada,"Pembina, ND",2024,October,0,2680,973310,975990,604173.0,0.0,0.0,604173.0,2024-10-01
730630,Canada,"Seattle, WA",2024,October,0,200,39274,39474,25534.0,0.0,0.0,25534.0,2024-10-01
730630,Canada,"St. Albans, VT",2024,October,0,9432,1488876,1498308,1169105.0,0.0,0.0,1169105.0,2024-10-01
730630,Canada,"Anchorage, AK",2024,November,0,500,3308,3808,2793.0,0.0,0.0,2793.0,2024-11-01
730630,Canada,"Buffalo, NY",2024,November,0,34440,2368174,2402614,1907627.0,0.0,0.0,1907627.0,2024-11-01
730630,Canada,"Detroit, MI",2024,November,0,197971,10802229,11000200,8568054.0,0.0,0.0,8568054.0,2024-11-01
730630,Canada,"Great Falls, MT",2024,November,0,3540,510167,513707,419856.0,0.0,0.0,419856.0,2024-11-01
730630,Canada,"Laredo, TX",2024,November,0,258,25485,25743,19429.0,0.0,0.0,19429.0,2024-11-01
730630,Canada,"Ogdensburg, NY",2024,November,0,11568,1860360,1871928,1611778.0,0.0,0.0,1611778.0,2024-11-01
730630,Canada,"Pembina, ND",2024,November,0,614,523909,524523,322135.0,0.0,0.0,322135.0,2024-11-01
730630,Canada,"Seattle, WA",2024,November,0,150,33200,33350,28029.0,0.0,0.0,28029.0,2024-11-01
730630,Canada,"St. Albans, VT",2024,November,0,6884,1061548,1068432,837721.0,0.0,0.0,837721.0,2024-11-01
730630,Canada,"Buffalo, NY",2024,December,0,27828,2191736,2219564,1687996.0,0.0,0.0,1687996.0,2024-12-01
730630,Canada,"Cleveland, OH",2024,December,0,72,5439,5511,4152.0,0.0,0.0,4152.0,2024-12-01
730630,Canada,"Detroit, MI",2024,December,0,182518,8938624,9121142,7300443.0,0.0,0.0,7300443.0,2024-12-01
730630,Canada,"Great Falls, MT",2024,December,0,4597,566564,571161,433827.0,0.0,0.0,433827.0,2024-12-01
730630,Canada,"Ogdensburg, NY",2024,December,0,7255,1075381,1082636,957800.0,0.0,0.0,957800.0,2024-12-01
730630,Canada,"Pembina, ND",2024,December,0,4045,803005,807050,617673.0,0.0,0.0,617673.0,2024-12-01
730630,Canada,"Seattle, WA",2024,December,0,281,118827,119108,71953.0,0.0,0.0,71953.0,2024-12-01
730630,Canada,"St. Albans, VT",2024,December,0,6418,1095688,1102106,830084.0,0.0,0.0,830084.0,2024-12-01
730630,Canada,"Buffalo, NY",2025,January,0,22589,2249432,2272021,1524710.0,0.0,0.0,1524710.0,2025-01-01
730630,Canada,"Detroit, MI",2025,January,0,222351,11732968,11955319,9326228.0,0.0,0.0,9326228.0,2025-01-01
730630,Canada,"Great Falls, MT",2025,January,0,13317,1066347,1079664,1024077.0,0.0,0.0,1024077.0,2025-01-01
730630,Canada,"Ogdensburg, NY",2025,January,0,16145,2609605,2625750,2241702.0,0.0,0.0,2241702.0,2025-01-01
730630,Canada,"Pembina, ND",2025,January,0,10391,1108595,1118986,857368.0,0.0,0.0,857368.0,2025-01-01
730630,Canada,"Seattle, WA",2025,January,0,6433,111942,118375,85853.0,0.0,0.0,85853.0,2025-01-01
730630,Canada,"St. Albans, VT",2025,January,0,10743,1714180,1724923,1336827.0,0.0,0.0,1336827.0,2025-01-01
730630,Canada,"Buffalo, NY",2025,February,0,37071,2865107,2902178,2257400.0,0.0,0.0,2257400.0,2025-02-01
730630,Canada,"Detroit, MI",2025,February,0,184846,10442057,10626903,8252359.0,0.0,0.0,8252359.0,2025-02-01
730630,Canada,"Great Falls, MT",2025,February,0,16493,798877,815370,714727.0,0.0,0.0,714727.0,2025-02-01
730630,Canada,"Ogdensburg, NY",2025,February,0,8090,1286673,1294763,1142680.0,0.0,0.0,1142680.0,2025-02-01
730630,Canada,"Pembina, ND",2025,February,0,9176,1123242,1132418,1035721.0,0.0,0.0,1035721.0,2025-02-01
730630,Canada,"Seattle, WA",2025,February,0,2950,123072,126022,92933.0,0.0,0.0,92933.0,2025-02-01
730630,Canada,"St. Albans, VT",2025,February,0,5734,1141759,1147493,871506.0,0.0,0.0,871506.0,2025-02-01
730630,Canada,"Buffalo, NY",2025,March,3264,40856,2747365,2791485,2268201.0,0.0,0.0,2268201.0,2025-03-01
730630,Canada,"Detroit, MI",2025,March,16064,187265,10857761,11061090,9634816.0,0.0,0.0,9634816.0,2025-03-01
730630,Canada,"Great Falls, MT",2025,March,0,3885,229077,232962,230358.0,0.0,0.0,230358.0,2025-03-01
730630,Canada,"Ogdensburg, NY",2025,March,11578,8370,1535342,1555290,1207865.0,0.0,0.0,1207865.0,2025-03-01
730630,Canada,"Pembina, ND",2025,March,0,9827,1684170,1693997,1345767.0,0.0,0.0,1345767.0,2025-03-01
730630,Canada,"Seattle, WA",2025,March,1783,200,53282,55265,43690.0,0.0,0.0,43690.0,2025-03-01
730630,Canada,"St. Albans, VT",2025,March,0,8257,1384840,1393097,1127140.0,0.0,0.0,1127140.0,2025-03-01
730630,Canada,"Anchorage, AK",2025,April,5200,61,28041,33302,11891.0,0.0,0.0,11891.0,2025-04-01
730630,Canada,"Buffalo, NY",2025,April,538302,38026,2233850,2810178,1689422.0,0.0,0.0,1689422.0,2025-04-01
730630,Canada,"Detroit, MI",2025,April,2266990,147344,9796262,12210596,7847507.0,0.0,0.0,7847507.0,2025-04-01
730630,Canada,"Great Falls, MT",2025,April,22867,401,91471,114739,66255.0,0.0,0.0,66255.0,2025-04-01
730630,Canada,"Ogdensburg, NY",2025,April,115798,3872,621399,741069,450644.0,0.0,0.0,450644.0,2025-04-01
730630,Canada,"Pembina, ND",2025,April,197683,720,830639,1029042,366581.0,0.0,0.0,366581.0,2025-04-01
730630,Canada,"St. Albans, VT",2025,April,252133,6747,1068222,1327102,768347.0,0.0,0.0,768347.0,2025-04-01
730630,Canada,"Buffalo, NY",2025,May,489552,30401,1999549,2519502,1563396.0,0.0,0.0,1563396.0,2025-05-01
730630,Canada,"Cleveland, OH",2025,May,7870,98,19160,27128,18130.0,0.0,0.0,18130.0,2025-05-01
730630,Canada,"Detroit, MI",2025,May,1976839,117347,8928993,11023179,6379040.0,0.0,0.0,6379040.0,2025-05-01
730630,Canada,"Great Falls, MT",2025,May,49216,1344,205516,256076,140854.0,0.0,0.0,140854.0,2025-05-01
730630,Canada,"Laredo, TX",2025,May,587,107,2349,3043,1042.0,0.0,0.0,1042.0,2025-05-01
730630,Canada,"Ogdensburg, NY",2025,May,129602,2745,573548,705895,402094.0,0.0,0.0,402094.0,2025-05-01
730630,Canada,"Pembina, ND",2025,May,306908,1655,1227612,1536175,628735.0,0.0,0.0,628735.0,2025-05-01
730630,Canada,"Seattle, WA",2025,May,0,150,36520,36670,33808.0,0.0,0.0,33808.0,2025-05-01
730630,Canada,"St. Albans, VT",2025,May,111478,2420,458735,572633,387661.0,0.0,0.0,387661.0,2025-05-01
730630,Canada,"Buffalo, NY",2025,June,704615,21829,1701102,2427546,1317855.0,0.0,0.0,1317855.0,2025-06-01
730630,Canada,"Detroit, MI",2025,June,3494407,147750,9140779,12782936,7167736.0,0.0,0.0,7167736.0,2025-06-01
730630,Canada,"Great Falls, MT",2025,June,16178,201,39927,56306,23916.0,0.0,0.0,23916.0,2025-06-01
730630,Canada,"Ogdensburg, NY",2025,June,211462,5476,748888,965826,693942.0,0.0,0.0,693942.0,2025-06-01
730630,Canada,"Pembina, ND",2025,June,403069,537,939663,1343269,558520.0,0.0,0.0,558520.0,2025-06-01
730630,Canada,"Portland, ME",2025,June,0,100,52835,52935,20656.0,0.0,0.0,20656.0,2025-06-01
730630,Canada,"Seattle, WA",2025,June,10759,350,49518,60627,47584.0,0.0,0.0,47584.0,2025-06-01
730630,Canada,"St. Albans, VT",2025,June,69615,1380,202860,273855,198683.0,0.0,0.0,198683.0,2025-06-01
730630,Canada,"Buffalo, NY",2025,July,842986,20382,1702988,2566356,1363700.0,0.0,0.0,1363700.0,2025-07-01
730630,Canada,"Detroit, MI",2025,July,3879022,109303,8434520,12422845,6305524.0,0.0,0.0,6305524.0,2025-07-01
730630,Canada,"Great Falls, MT",2025,July,37402,13,74803,112218,41524.0,0.0,0.0,41524.0,2025-07-01
730630,Canada,"Ogdensburg, NY",2025,July,49902,8872,240633,299407,261444.0,0.0,0.0,261444.0,2025-07-01
730630,Canada,"Pembina, ND",2025,July,302729,53,609075,911857,279036.0,0.0,0.0,279036.0,2025-07-01
730630,Canada,"Portland, ME",2025,July,2048,950,56438,59436,22734.0,0.0,0.0,22734.0,2025-07-01
730630,Canada,"Seattle, WA",2025,July,0,150,11700,11850,11002.0,0.0,0.0,11002.0,2025-07-01
730630,Canada,"St. Albans, VT",2025,July,25270,309,50505,76084,24273.0,0.0,0.0,24273.0,2025-07-01
730630,Canada,"Anchorage, AK",2025,August,14408,131,49228,63767,21872.0,0.0,0.0,21872.0,2025-08-01
730630,Canada,"Buffalo, NY",2025,August,829804,21200,1681071,2532075,1409064.0,0.0,0.0,1409064.0,2025-08-01
730630,Canada,"Detroit, MI",2025,August,3406466,109304,6922001,10437771,5934226.0,0.0,0.0,5934226.0,2025-08-01
730630,Canada,"Great Falls, MT",2025,August,274520,5642,554996,835158,499163.0,0.0,0.0,499163.0,2025-08-01
730630,Canada,"Ogdensburg, NY",2025,August,63986,6118,146586,216690,167666.0,0.0,0.0,167666.0,2025-08-01
730630,Canada,"Pembina, ND",2025,August,111471,94,222936,334501,120199.0,0.0,0.0,120199.0,2025-08-01
730630,Canada,"Portland, ME",2025,August,8857,156,40704,49717,12968.0,0.0,0.0,12968.0,2025-08-01
730630,Canada,"Seattle, WA",2025,August,88447,3350,194093,285890,207153.0,0.0,0.0,207153.0,2025-08-01
730630,Canada,"St. Albans, VT",2025,August,3525,19,7049,10593,4318.0,0.0,0.0,4318.0,2025-08-01
730630,Canada,"Anchorage, AK",2025,September,8644,48,28031,36723,4373.0,0.0,0.0,4373.0,2025-09-01
730630,Canada,"Buffalo, NY",2025,September,764386,21089,1647285,2432760,1465566.0,0.0,0.0,1465566.0,2025-09-01
730630,Canada,"Detroit, MI",2025,September,3463596,117078,7097998,10678672,6085227.0,0.0,0.0,6085227.0,2025-09-01
730630,Canada,"Great Falls, MT",2025,September,79827,1114,159650,240591,179895.0,0.0,0.0,179895.0,2025-09-01
730630,Canada,"Mobile, AL",2025,September,0,196,9875,10071,1039.0,0.0,0.0,1039.0,2025-09-01
730630,Canada,"Ogdensburg, NY",2025,September,100905,1794,230972,333671,393133.0,0.0,0.0,393133.0,2025-09-01
730630,Canada,"Pembina, ND",2025,September,220123,1783,445631,667537,363298.0,0.0,0.0,363298.0,2025-09-01
730630,Canada,"Seattle, WA",2025,September,0,150,17625,17775,16650.0,0.0,0.0,16650.0,2025-09-01
730630,Canada,"St. Albans, VT",2025,September,19015,396,38026,57437,10827.0,0.0,0.0,10827.0,2025-09-01
730630,Canada,"Anchorage, AK",2025,October,54979,6905,153623,215507,111101.0,0.0,0.0,111101.0,2025-10-01
730630,Canada,"Buffalo, NY",2025,October,833539,29977,1769818,2633334,1660528.0,0.0,0.0,1660528.0,2025-10-01
730630,Canada,"Cleveland, OH",2025,October,0,75,3414,3489,1733.0,0.0,0.0,1733.0,2025-10-01
730630,Canada,"Detroit, MI",2025,October,2880617,102794,5983532,8966943,5278014.0,0.0,0.0,5278014.0,2025-10-01
730630,Canada,"Great Falls, MT",2025,October,95434,3114,190860,289408,205949.0,0.0,0.0,205949.0,2025-10-01
730630,Canada,"Ogdensburg, NY",2025,October,39134,612,78263,118009,122688.0,0.0,0.0,122688.0,2025-10-01
730630,Canada,"Pembina, ND",2025,October,266527,1030,532979,800536,376402.0,0.0,0.0,376402.0,2025-10-01
730630,Canada,"Portland, ME",2025,October,17557,150,35114,52821,18381.0,0.0,0.0,18381.0,2025-10-01
730630,Canada,"Seattle, WA",2025,October,0,150,27725,27875,28022.0,0.0,0.0,28022.0,2025-10-01
730630,Canada,"St. Albans, VT",2025,October,22780,394,49450,72624,40015.0,0.0,0.0,40015.0,2025-10-01
730630,Canada,"Buffalo, NY",2025,November,631465,22116,1384884,2038465,1288542.0,0.0,0.0,1288542.0,2025-11-01
730630,Canada,"Detroit, MI",2025,November,2646193,100735,5671699,8418627,5424825.0,0.0,0.0,5424825.0,2025-11-01
730630,Canada,"Great Falls, MT",2025,November,73026,812,146048,219886,154791.0,0.0,0.0,154791.0,2025-11-01
730630,Canada,"Laredo, TX",2025,November,27471,275,54940,82686,18815.0,0.0,0.0,18815.0,2025-11-01
730630,Canada,"Ogdensburg, NY",2025,November,31526,566,121317,153409,115684.0,0.0,0.0,115684.0,2025-11-01
730630,Canada,"Pembina, ND",2025,November,254969,471,517180,772620,356056.0,0.0,0.0,356056.0,2025-11-01
730630,Canada,"Seattle, WA",2025,November,20210,601,40419,61230,40640.0,0.0,0.0,40640.0,2025-11-01
730630,Canada,"St. Albans, VT",2025,November,15763,207,45434,61404,32725.0,0.0,0.0,32725.0,2025-11-01
730630,Canada,"Anchorage, AK",2025,December,19084,70,38167,57321,23341.0,0.0,0.0,23341.0,2025-12-01
730630,Canada,"Buffalo, NY",2025,December,460082,15512,981537,1457131,961211.0,0.0,0.0,961211.0,2025-12-01
730630,Canada,"Detroit, MI",2025,December,1992681,69988,4258937,6321606,3910943.0,0.0,0.0,3910943.0,2025-12-01
730630,Canada,"Great Falls, MT",2025,December,161613,1968,346647,510228,315412.0,0.0,0.0,315412.0,2025-12-01
730630,Canada,"Laredo, TX",2025,December,181711,1310,363406,546427,127282.0,0.0,0.0,127282.0,2025-12-01
730630,Canada,"Ogdensburg, NY",2025,December,33728,824,95672,130224,176422.0,0.0,0.0,176422.0,2025-12-01
730630,Canada,"Pembina, ND",2025,December,178410,777,356809,535996,236335.0,0.0,0.0,236335.0,2025-12-01
730630,Canada,"Seattle, WA",2025,December,6271,3150,25412,34833,19376.0,0.0,0.0,19376.0,2025-12-01
730630,Canada,"St. Albans, VT",2025,December,3900,362,19030,23292,4729.0,0.0,0.0,4729.0,2025-12-01
730630,Canada,"Buffalo, NY",2026,January,536724,14812,1065949,1617485,1077416.0,0.0,0.0,1077416.0,2026-01-01
730630,Canada,"Detroit, MI",2026,January,3126259,116357,6554301,9796917,6147962.0,0.0,0.0,6147962.0,2026-01-01
730630,Canada,"Great Falls, MT",2026,January,101909,1141,203812,306862,192049.0,0.0,0.0,192049.0,2026-01-01
730630,Canada,"Laredo, TX",2026,January,212631,1609,425246,639486,135802.0,0.0,0.0,135802.0,2026-01-01
730630,Canada,"Ogdensburg, NY",2026,January,42509,839,91682,135030,100928.0,0.0,0.0,100928.0,2026-01-01
730630,Canada,"Pembina, ND",2026,January,176946,721,413850,591517,277476.0,0.0,0.0,277476.0,2026-01-01
730630,Canada,"Portland, ME",2026,January,2650,251,5299,8200,3626.0,0.0,0.0,3626.0,2026-01-01
730630,Canada,"Seattle, WA",2026,January,0,150,13405,13555,13549.0,0.0,0.0,13549.0,2026-01-01
730630,Canada,"St. Albans, VT",2026,January,7622,96,15241,22959,15378.0,0.0,0.0,15378.0,2026-01-01
730630,Canada,"Anchorage, AK",2026,February,61859,257,123711,185827,25629.0,0.0,0.0,25629.0,2026-02-01
730630,Canada,"Buffalo, NY",2026,February,746514,24129,1549732,2320375,1381863.0,0.0,0.0,1381863.0,2026-02-01
730630,Canada,"Detroit, MI",2026,February,3376886,132670,8179068,11688624,7399932.0,0.0,0.0,7399932.0,2026-02-01
730630,Canada,"Great Falls, MT",2026,February,25607,206,51213,77026,60228.0,0.0,0.0,60228.0,2026-02-01
730630,Canada,"Laredo, TX",2026,February,452536,3287,905040,1360863,289651.0,0.0,0.0,289651.0,2026-02-01
730630,Canada,"Ogdensburg, NY",2026,February,50448,1174,157523,209145,172574.0,0.0,0.0,172574.0,2026-02-01
730630,Canada,"Pembina, ND",2026,February,265454,1224,530900,797578,394936.0,0.0,0.0,394936.0,2026-02-01
730630,Canada,"Seattle, WA",2026,February,0,61,3893,3954,1408.0,0.0,0.0,1408.0,2026-02-01
730630,Canada,"St. Albans, VT",2026,February,23245,393,49276,72914,49599.0,0.0,0.0,49599.0,2026-02-01
730630,Canada,"Buffalo, NY",2026,March,836127,25148,1763164,2624439,1514892.0,0.0,0.0,1514892.0,2026-03-01
730630,Canada,"Detroit, MI",2026,March,4553803,161335,9851406,14566544,9047583.0,0.0,0.0,9047583.0,2026-03-01
730630,Canada,"Great Falls, MT",2026,March,94748,1206,189491,285445,191067.0,0.0,0.0,191067.0,2026-03-01
730630,Canada,"Laredo, TX",2026,March,131743,756,263477,395976,85827.0,0.0,0.0,85827.0,2026-03-01
730630,Canada,"Ogdensburg, NY",2026,March,72638,1466,221761,295865,224489.0,0.0,0.0,224489.0,2026-03-01
730630,Canada,"Pembina, ND",2026,March,390008,485,779999,1170492,520304.0,0.0,0.0,520304.0,2026-03-01
730630,Canada,"Seattle, WA",2026,March,3733,1658,63123,68514,72206.0,0.0,0.0,72206.0,2026-03-01
730630,Canada,"St. Albans, VT",2026,March,57515,1446,150445,209406,134959.0,0.0,0.0,134959.0,2026-03-01
730630,Canada,"Buffalo, NY",2026,April,905190,22775,1810288,2738253,1427680.0,0.0,0.0,1427680.0,2026-04-01
730630,Canada,"Detroit, MI",2026,April,4107195,127600,8443971,12678766,7289022.0,0.0,0.0,7289022.0,2026-04-01
730630,Canada,"Great Falls, MT",2026,April,81372,1905,162741,246018,186245.0,0.0,0.0,186245.0,2026-04-01
730630,Canada,"Laredo, TX",2026,April,89801,489,179596,269886,91611.0,0.0,0.0,91611.0,2026-04-01
730630,Canada,"Ogdensburg, NY",2026,April,128549,2338,274504,405391,317055.0,0.0,0.0,317055.0,2026-04-01
730630,Canada,"Pembina, ND",2026,April,513192,943,1026372,1540507,562946.0,0.0,0.0,562946.0,2026-04-01
730630,Canada,"Seattle, WA",2026,April,0,150,43655,43805,52569.0,0.0,0.0,52569.0,2026-04-01
730630,Canada,"St. Albans, VT",2026,April,92925,1647,217484,312056,245886.0,0.0,0.0,245886.0,2026-04-01
730630,Canada,"Anchorage, AK",2026,May,0,202,54417,54619,11111.0,0.0,0.0,11111.0,2026-05-01
730630,Canada,"Buffalo, NY",2026,May,647791,16997,1295518,1960306,1114951.0,0.0,0.0,1114951.0,2026-05-01
730630,Canada,"Detroit, MI",2026,May,4832015,150059,9757531,14739605,7932517.0,0.0,0.0,7932517.0,2026-05-01
730630,Canada,"Great Falls, MT",2026,May,119266,2051,238521,359838,244717.0,0.0,0.0,244717.0,2026-05-01
730630,Canada,"Ogdensburg, NY",2026,May,226335,4608,514985,745928,646962.0,0.0,0.0,646962.0,2026-05-01
730630,Canada,"Pembina, ND",2026,May,338138,4254,676261,1018653,485003.0,0.0,0.0,485003.0,2026-05-01
730630,Canada,"St. Albans, VT",2026,May,79620,2660,208423,290703,219747.0,0.0,0.0,219747.0,2026-05-01
730630,Canada,"Buffalo, NY",2026,June,674670,18092,1349257,2042019,1151180.0,0.0,0.0,1151180.0,2026-06-01
730630,Canada,"Detroit, MI",2026,June,4428675,127850,8892884,13449409,7035308.0,0.0,0.0,7035308.0,2026-06-01
730630,Canada,"Great Falls, MT",2026,June,61870,806,123737,186413,125446.0,0.0,0.0,125446.0,2026-06-01
730630,Canada,"Ogdensburg, NY",2026,June,140159,2341,310504,453004,326873.0,0.0,0.0,326873.0,2026-06-01
730630,Canada,"Pembina, ND",2026,June,262377,681,524742,787800,343302.0,0.0,0.0,343302.0,2026-06-01
730630,Canada,"Seattle, WA",2026,June,0,150,24750,24900,27774.0,0.0,0.0,27774.0,2026-06-01
730630,Canada,"St. Albans, VT",2026,June,166837,2414,333651,502902,338353.0,0.0,0.0,338353.0,2026-06-01
730630,India,"Chicago, IL",2022,January,854293,325800,3739160,4919253,2082135.0,0.0,0.0,2082135.0,2022-01-01
730630,India,"Houston-Galveston, TX",2022,January,0,1300,42932,44232,16673.0,0.0,0.0,16673.0,2022-01-01
730630,India,"Laredo, TX",2022,January,4067,68,16257,20392,6086.0,0.0,0.0,6086.0,2022-01-01
730630,India,"Los Angeles, CA",2022,January,121628,189577,486504,797709,327350.0,0.0,0.0,327350.0,2022-01-01
730630,India,"New York, NY",2022,January,102928,33500,411704,548132,240286.0,0.0,0.0,240286.0,2022-01-01
730630,India,"San Juan, PR",2022,January,18687,33976,78872,131535,76575.0,0.0,0.0,76575.0,2022-01-01
730630,India,"Savannah, GA",2022,January,21308,6000,85230,112538,36340.0,0.0,0.0,36340.0,2022-01-01
730630,India,"St. Louis, MO",2022,January,1046328,284891,4185252,5516471,2554975.0,0.0,0.0,2554975.0,2022-01-01
730630,India,"Tampa, FL",2022,January,110652,119460,442608,672720,367950.0,0.0,0.0,367950.0,2022-01-01
730630,India,"Chicago, IL",2022,February,856845,256452,3657222,4770519,1978500.0,0.0,0.0,1978500.0,2022-02-01
730630,India,"Houston-Galveston, TX",2022,February,55441,36414,229892,321747,205979.0,0.0,0.0,205979.0,2022-02-01
730630,India,"Laredo, TX",2022,February,1064,16,4253,5333,1589.0,0.0,0.0,1589.0,2022-02-01
730630,India,"Los Angeles, CA",2022,February,58138,93600,232547,384285,164768.0,0.0,0.0,164768.0,2022-02-01
730630,India,"New York, NY",2022,February,94416,33800,377658,505874,218269.0,0.0,0.0,218269.0,2022-02-01
730630,India,"St. Louis, MO",2022,February,469501,157760,1877984,2505245,1125651.0,0.0,0.0,1125651.0,2022-02-01
730630,India,"Tampa, FL",2022,February,50576,56100,202305,308981,162254.0,0.0,0.0,162254.0,2022-02-01
730630,India,"Chicago, IL",2022,March,1299483,384869,5307425,6991777,2941709.0,0.0,0.0,2941709.0,2022-03-01
730630,India,"Houston-Galveston, TX",2022,March,13794,24500,55177,93471,50127.0,0.0,0.0,50127.0,2022-03-01
730630,India,"Laredo, TX",2022,March,543,7,2170,2720,843.0,0.0,0.0,843.0,2022-03-01
730630,India,"Los Angeles, CA",2022,March,245041,171596,990215,1406852,619598.0,0.0,0.0,619598.0,2022-03-01
730630,India,"Miami, FL",2022,March,256922,283883,1027687,1568492,818764.0,0.0,0.0,818764.0,2022-03-01
730630,India,"New York, NY",2022,March,182181,30416,728711,941308,328439.0,0.0,0.0,328439.0,2022-03-01
730630,India,"San Francisco, CA",2022,March,6131,12515,24523,43169,17800.0,0.0,0.0,17800.0,2022-03-01
730630,India,"Savannah, GA",2022,March,9637,3500,38549,51686,17620.0,0.0,0.0,17620.0,2022-03-01
730630,India,"St. Louis, MO",2022,March,323642,99002,1294543,1717187,786509.0,0.0,0.0,786509.0,2022-03-01
730630,India,"Baltimore, MD",2022,April,32621,2,130484,163107,126684.0,0.0,0.0,126684.0,2022-04-01
730630,India,"Charleston, SC",2022,April,82985,2,331940,414927,308781.0,0.0,0.0,308781.0,2022-04-01
730630,India,"Chicago, IL",2022,April,952456,317968,4324268,5594692,2353542.0,0.0,0.0,2353542.0,2022-04-01
730630,India,"Cleveland, OH",2022,April,0,108,6040,6148,2096.0,0.0,0.0,2096.0,2022-04-01
730630,India,"Houston-Galveston, TX",2022,April,13786,1,55142,68929,51295.0,0.0,0.0,51295.0,2022-04-01
730630,India,"Los Angeles, CA",2022,April,103440,98359,425594,627393,279531.0,0.0,0.0,279531.0,2022-04-01
730630,India,"Miami, FL",2022,April,168311,77261,673240,918812,611520.0,0.0,0.0,611520.0,2022-04-01
730630,India,"New York, NY",2022,April,157473,119501,629882,906856,341239.0,0.0,0.0,341239.0,2022-04-01
730630,India,"San Francisco, CA",2022,April,14152,21732,56605,92489,37400.0,0.0,0.0,37400.0,2022-04-01
730630,India,"San Juan, PR",2022,April,23009,108621,230784,362414,203774.0,0.0,0.0,203774.0,2022-04-01
730630,India,"Seattle, WA",2022,April,7500,9966,30000,47466,19380.0,0.0,0.0,19380.0,2022-04-01
730630,India,"St. Louis, MO",2022,April,316582,110921,1266293,1693796,788321.0,0.0,0.0,788321.0,2022-04-01
730630,India,"Baltimore, MD",2022,May,63968,3,255871,319842,204621.0,0.0,0.0,204621.0,2022-05-01
730630,India,"Charleston, SC",2022,May,147850,4,591400,739254,506024.0,0.0,0.0,506024.0,2022-05-01
730630,India,"Chicago, IL",2022,May,676103,345315,2932495,3953913,1548750.0,0.0,0.0,1548750.0,2022-05-01
730630,India,"Detroit, MI",2022,May,0,100,2565,2665,2515.0,0.0,0.0,2515.0,2022-05-01
730630,India,"Houston-Galveston, TX",2022,May,20471,1,81884,102356,77249.0,0.0,0.0,77249.0,2022-05-01
730630,India,"Los Angeles, CA",2022,May,7650,9917,30601,48168,18580.0,0.0,0.0,18580.0,2022-05-01
730630,India,"Miami, FL",2022,May,302875,53530,1211497,1567902,939392.0,0.0,0.0,939392.0,2022-05-01
730630,India,"New York, NY",2022,May,355182,145382,1420728,1921292,680008.0,0.0,0.0,680008.0,2022-05-01
730630,India,"Norfolk, VA",2022,May,95283,45000,381128,521411,186513.0,0.0,0.0,186513.0,2022-05-01
730630,India,"San Francisco, CA",2022,May,7682,8916,30726,47324,18230.0,0.0,0.0,18230.0,2022-05-01
730630,India,"Savannah, GA",2022,May,25699,1,102795,128495,77581.0,0.0,0.0,77581.0,2022-05-01
730630,India,"Seattle, WA",2022,May,17596,19887,70385,107868,39530.0,0.0,0.0,39530.0,2022-05-01
730630,India,"St. Louis, MO",2022,May,157471,52500,629868,839839,389053.0,0.0,0.0,389053.0,2022-05-01
730630,India,"Tampa, FL",2022,May,85537,42773,342147,470457,284010.0,0.0,0.0,284010.0,2022-05-01
730630,India,"Baltimore, MD",2022,June,46269,2,185075,231346,150213.0,0.0,0.0,150213.0,2022-06-01
730630,India,"Chicago, IL",2022,June,739048,304056,3333109,4376213,1872367.0,0.0,0.0,1872367.0,2022-06-01
730630,India,"Cleveland, OH",2022,June,0,65,3920,3985,3639.0,0.0,0.0,3639.0,2022-06-01
730630,India,"Houston-Galveston, TX",2022,June,310575,11005,1242296,1563876,949110.0,0.0,0.0,949110.0,2022-06-01
730630,India,"Laredo, TX",2022,June,2295,40,9179,11514,3562.0,0.0,0.0,3562.0,2022-06-01
730630,India,"Los Angeles, CA",2022,June,70134,94880,324308,489322,198817.0,0.0,0.0,198817.0,2022-06-01
730630,India,"Miami, FL",2022,June,40605,1,162420,203026,128905.0,0.0,0.0,128905.0,2022-06-01
730630,India,"New York, NY",2022,June,117936,56299,471732,645967,264764.0,0.0,0.0,264764.0,2022-06-01
730630,India,"San Francisco, CA",2022,June,9079,8919,36317,54315,19950.0,0.0,0.0,19950.0,2022-06-01
730630,India,"Savannah, GA",2022,June,207956,50001,831821,1089778,682453.0,0.0,0.0,682453.0,2022-06-01
730630,India,"Seattle, WA",2022,June,9453,9920,37812,57185,21060.0,0.0,0.0,21060.0,2022-06-01
730630,India,"St. Louis, MO",2022,June,381598,106501,1526352,2014451,941972.0,0.0,0.0,941972.0,2022-06-01
730630,India,"Tampa, FL",2022,June,40226,1,160905,201132,153243.0,0.0,0.0,153243.0,2022-06-01
730630,India,"Chicago, IL",2022,July,474052,161251,2152032,2787335,1133962.0,0.0,0.0,1133962.0,2022-07-01
730630,India,"Houston-Galveston, TX",2022,July,180101,30002,720400,930503,580023.0,0.0,0.0,580023.0,2022-07-01
730630,India,"Laredo, TX",2022,July,6576,4057,26300,36933,6855.0,0.0,0.0,6855.0,2022-07-01
730630,India,"Los Angeles, CA",2022,July,8636,2500,34543,45679,20820.0,0.0,0.0,20820.0,2022-07-01
730630,India,"New York, NY",2022,July,99243,38773,396961,534977,201925.0,0.0,0.0,201925.0,2022-07-01
730630,India,"Pembina, ND",2022,July,4104,54,16416,20574,3569.0,0.0,0.0,3569.0,2022-07-01
730630,India,"San Juan, PR",2022,July,55006,170901,494644,720551,370648.0,0.0,0.0,370648.0,2022-07-01
730630,India,"Savannah, GA",2022,July,310045,130003,1240182,1680230,909645.0,0.0,0.0,909645.0,2022-07-01
730630,India,"St. Louis, MO",2022,July,310604,95000,1242398,1648002,740475.0,0.0,0.0,740475.0,2022-07-01
730630,India,"Chicago, IL",2022,August,792796,352436,3538936,4684168,1940593.0,0.0,0.0,1940593.0,2022-08-01
730630,India,"Cleveland, OH",2022,August,25344,6112,101374,132830,41707.0,0.0,0.0,41707.0,2022-08-01
730630,India,"Detroit, MI",2022,August,1540,87,6158,7785,4030.0,0.0,0.0,4030.0,2022-08-01
730630,India,"Great Falls, MT",2022,August,12444,3522,49775,65741,26600.0,0.0,0.0,26600.0,2022-08-01
730630,India,"Honolulu, HI",2022,August,25502,10000,102009,137511,54550.0,0.0,0.0,54550.0,2022-08-01
730630,India,"Houston-Galveston, TX",2022,August,199311,2002,797242,998555,597205.0,0.0,0.0,597205.0,2022-08-01
730630,India,"Laredo, TX",2022,August,12545,219,50173,62937,20378.0,0.0,0.0,20378.0,2022-08-01
730630,India,"Miami, FL",2022,August,86724,20001,346897,453622,237332.0,0.0,0.0,237332.0,2022-08-01
730630,India,"New York, NY",2022,August,69202,57000,276806,403008,154555.0,0.0,0.0,154555.0,2022-08-01
730630,India,"San Francisco, CA",2022,August,8327,8917,33308,50552,18850.0,0.0,0.0,18850.0,2022-08-01
730630,India,"Savannah, GA",2022,August,16739,8500,66954,92193,51149.0,0.0,0.0,51149.0,2022-08-01
730630,India,"Seattle, WA",2022,August,8526,8918,34102,51546,19200.0,0.0,0.0,19200.0,2022-08-01
730630,India,"St. Louis, MO",2022,August,392118,125000,1568444,2085562,971543.0,0.0,0.0,971543.0,2022-08-01
730630,India,"Charleston, SC",2022,September,0,1,142837,142838,103143.0,0.0,0.0,103143.0,2022-09-01
730630,India,"Chicago, IL",2022,September,566133,276151,2595332,3437616,1434800.0,0.0,0.0,1434800.0,2022-09-01
730630,India,"Cleveland, OH",2022,September,245081,60003,980325,1285409,436872.0,0.0,0.0,436872.0,2022-09-01
730630,India,"Houston-Galveston, TX",2022,September,301597,38502,1206385,1546484,757111.0,0.0,0.0,757111.0,2022-09-01
730630,India,"Laredo, TX",2022,September,6881,116,27525,34522,11134.0,0.0,0.0,11134.0,2022-09-01
730630,India,"Los Angeles, CA",2022,September,45782,15000,183127,243909,125476.0,0.0,0.0,125476.0,2022-09-01
730630,India,"Miami, FL",2022,September,45952,25000,183808,254760,127223.0,0.0,0.0,127223.0,2022-09-01
730630,India,"New Orleans, LA",2022,September,0,650,3236,3886,3173.0,0.0,0.0,3173.0,2022-09-01
730630,India,"New York, NY",2022,September,113752,59500,454999,628251,242659.0,0.0,0.0,242659.0,2022-09-01
730630,India,"Norfolk, VA",2022,September,8975,3500,35899,48374,19099.0,0.0,0.0,19099.0,2022-09-01
730630,India,"Savannah, GA",2022,September,50145,28500,200582,279227,153264.0,0.0,0.0,153264.0,2022-09-01
730630,India,"St. Louis, MO",2022,September,470010,145000,1880015,2495025,1198031.0,0.0,0.0,1198031.0,2022-09-01
730630,India,"Chicago, IL",2022,October,394834,159464,1683696,2237994,969504.0,0.0,0.0,969504.0,2022-10-01
730630,India,"Cleveland, OH",2022,October,192958,68049,776428,1037435,336919.0,0.0,0.0,336919.0,2022-10-01
730630,India,"Great Falls, MT",2022,October,12435,3669,49737,65841,25820.0,0.0,0.0,25820.0,2022-10-01
730630,India,"Houston-Galveston, TX",2022,October,150030,74827,600110,824967,385138.0,0.0,0.0,385138.0,2022-10-01
730630,India,"Laredo, TX",2022,October,1589,40,6354,7983,2538.0,0.0,0.0,2538.0,2022-10-01
730630,India,"Los Angeles, CA",2022,October,14794,5000,59177,78971,16992.0,0.0,0.0,16992.0,2022-10-01
730630,India,"Miami, FL",2022,October,106720,4,460078,566802,298630.0,0.0,0.0,298630.0,2022-10-01
730630,India,"New York, NY",2022,October,38159,17950,152634,208743,84832.0,0.0,0.0,84832.0,2022-10-01
730630,India,"San Juan, PR",2022,October,14985,89499,234254,338738,169359.0,0.0,0.0,169359.0,2022-10-01
730630,India,"Savannah, GA",2022,October,32966,23500,131860,188326,100840.0,0.0,0.0,100840.0,2022-10-01
730630,India,"St. Louis, MO",2022,October,330056,102499,1320212,1752767,881056.0,0.0,0.0,881056.0,2022-10-01
730630,India,"Tampa, FL",2022,October,152167,8504,608664,769335,392882.0,0.0,0.0,392882.0,2022-10-01
730630,India,"Chicago, IL",2022,November,360124,317213,1592661,2269998,981195.0,0.0,0.0,981195.0,2022-11-01
730630,India,"Cleveland, OH",2022,November,9073,5000,36293,50366,19006.0,0.0,0.0,19006.0,2022-11-01
730630,India,"Detroit, MI",2022,November,923,156,3692,4771,355.0,0.0,0.0,355.0,2022-11-01
730630,India,"Houston-Galveston, TX",2022,November,37061,25000,148246,210307,100100.0,0.0,0.0,100100.0,2022-11-01
730630,India,"Laredo, TX",2022,November,533,12,2132,2677,806.0,0.0,0.0,806.0,2022-11-01
730630,India,"Miami, FL",2022,November,26572,15001,119610,161183,88172.0,0.0,0.0,88172.0,2022-11-01
730630,India,"New York, NY",2022,November,8416,5000,33659,47075,22566.0,0.0,0.0,22566.0,2022-11-01
730630,India,"San Juan, PR",2022,November,42008,138204,249587,429799,256974.0,0.0,0.0,256974.0,2022-11-01
730630,India,"Savannah, GA",2022,November,6397,3500,25586,35483,16300.0,0.0,0.0,16300.0,2022-11-01
730630,India,"St. Louis, MO",2022,November,69905,27500,279615,377020,208573.0,0.0,0.0,208573.0,2022-11-01
730630,India,"Chicago, IL",2022,December,356936,291678,1550418,2199032,1049691.0,0.0,0.0,1049691.0,2022-12-01
730630,India,"Cleveland, OH",2022,December,10737,2000,42947,55684,19229.0,0.0,0.0,19229.0,2022-12-01
730630,India,"Houston-Galveston, TX",2022,December,299213,118631,1196850,1614694,972360.0,0.0,0.0,972360.0,2022-12-01
730630,India,"Los Angeles, CA",2022,December,70888,19250,283547,373685,154280.0,0.0,0.0,154280.0,2022-12-01
730630,India,"New York, NY",2022,December,36337,28000,145347,209684,111518.0,0.0,0.0,111518.0,2022-12-01
730630,India,"Philadelphia, PA",2022,December,9562,5000,38248,52810,22795.0,0.0,0.0,22795.0,2022-12-01
730630,India,"Seattle, WA",2022,December,27931,6000,111724,145655,45696.0,0.0,0.0,45696.0,2022-12-01
730630,India,"St. Louis, MO",2022,December,283720,113182,1134870,1531772,875035.0,0.0,0.0,875035.0,2022-12-01
730630,India,"Chicago, IL",2023,January,363309,273748,1574034,2211091,968973.0,0.0,0.0,968973.0,2023-01-01
730630,India,"Cleveland, OH",2023,January,10948,2000,43792,56740,18974.0,0.0,0.0,18974.0,2023-01-01
730630,India,"Houston-Galveston, TX",2023,January,187836,121652,754507,1063995,674308.0,0.0,0.0,674308.0,2023-01-01
730630,India,"Los Angeles, CA",2023,January,14075,5000,56298,75373,42422.0,0.0,0.0,42422.0,2023-01-01
730630,India,"Miami, FL",2023,January,6667,8590,26668,41925,25563.0,0.0,0.0,25563.0,2023-01-01
730630,India,"New York, NY",2023,January,20138,30027,84086,134251,68287.0,0.0,0.0,68287.0,2023-01-01
730630,India,"Norfolk, VA",2023,January,4580,1500,18320,24400,11459.0,0.0,0.0,11459.0,2023-01-01
730630,India,"Philadelphia, PA",2023,January,9269,7000,37076,53345,23154.0,0.0,0.0,23154.0,2023-01-01
730630,India,"San Francisco, CA",2023,January,8550,4116,34200,46866,18160.0,0.0,0.0,18160.0,2023-01-01
730630,India,"St. Louis, MO",2023,January,230773,75000,923085,1228858,729802.0,0.0,0.0,729802.0,2023-01-01
730630,India,"Chicago, IL",2023,February,272443,228923,1294668,1796034,823917.0,0.0,0.0,823917.0,2023-02-01
730630,India,"Honolulu, HI",2023,February,4292,5000,17167,26459,25560.0,0.0,0.0,25560.0,2023-02-01
730630,India,"Houston-Galveston, TX",2023,February,93192,55000,372767,520959,272159.0,0.0,0.0,272159.0,2023-02-01
730630,India,"Los Angeles, CA",2023,February,62784,11691,251135,325610,159225.0,0.0,0.0,159225.0,2023-02-01
730630,India,"New York, NY",2023,February,131161,59999,524632,715792,266708.0,0.0,0.0,266708.0,2023-02-01
730630,India,"Savannah, GA",2023,February,11583,2000,46332,59915,19107.0,0.0,0.0,19107.0,2023-02-01
730630,India,"St. Louis, MO",2023,February,149118,57501,596460,803079,480420.0,0.0,0.0,480420.0,2023-02-01
730630,India,"Chicago, IL",2023,March,181407,103596,831519,1116522,534889.0,0.0,0.0,534889.0,2023-03-01
730630,India,"Cleveland, OH",2023,March,0,65,12446,12511,11554.0,0.0,0.0,11554.0,2023-03-01
730630,India,"Houston-Galveston, TX",2023,March,130876,85276,523502,739654,447811.0,0.0,0.0,447811.0,2023-03-01
730630,India,"Los Angeles, CA",2023,March,139354,47844,557405,744603,348680.0,0.0,0.0,348680.0,2023-03-01
730630,India,"Miami, FL",2023,March,0,2,24218,24220,16728.0,0.0,0.0,16728.0,2023-03-01
730630,India,"New York, NY",2023,March,9393,10850,37567,57810,25229.0,0.0,0.0,25229.0,2023-03-01
730630,India,"Norfolk, VA",2023,March,4580,2500,18320,25400,11459.0,0.0,0.0,11459.0,2023-03-01
730630,India,"Seattle, WA",2023,March,5712,2300,22848,30860,13170.0,0.0,0.0,13170.0,2023-03-01
730630,India,"St. Louis, MO",2023,March,252578,100000,1010289,1362867,820810.0,0.0,0.0,820810.0,2023-03-01
730630,India,"Chicago, IL",2023,April,389162,240345,1799700,2429207,1193601.0,0.0,0.0,1193601.0,2023-04-01
730630,India,"Cleveland, OH",2023,April,11566,2001,46265,59832,17395.0,0.0,0.0,17395.0,2023-04-01
730630,India,"Honolulu, HI",2023,April,10492,5000,41966,57458,28260.0,0.0,0.0,28260.0,2023-04-01
730630,India,"Houston-Galveston, TX",2023,April,183333,135000,733328,1051661,609201.0,0.0,0.0,609201.0,2023-04-01
730630,India,"Los Angeles, CA",2023,April,42782,11671,171124,225577,101325.0,0.0,0.0,101325.0,2023-04-01
730630,India,"New York, NY",2023,April,30243,14540,164532,209315,111445.0,0.0,0.0,111445.0,2023-04-01
730630,India,"San Juan, PR",2023,April,31481,18425,125923,175829,114526.0,0.0,0.0,114526.0,2023-04-01
730630,India,"Savannah, GA",2023,April,833,2494,7821,11148,5408.0,0.0,0.0,5408.0,2023-04-01
730630,India,"Seattle, WA",2023,April,31373,8262,125491,165126,67631.0,0.0,0.0,67631.0,2023-04-01
730630,India,"St. Louis, MO",2023,April,300229,116000,1200879,1617108,972961.0,0.0,0.0,972961.0,2023-04-01
730630,India,"Chicago, IL",2023,May,473905,252164,2228417,2954486,1557556.0,0.0,0.0,1557556.0,2023-05-01
730630,India,"Houston-Galveston, TX",2023,May,154391,125000,617563,896954,568945.0,0.0,0.0,568945.0,2023-05-01
730630,India,"Laredo, TX",2023,May,1095,276,4377,5748,1623.0,0.0,0.0,1623.0,2023-05-01
730630,India,"Los Angeles, CA",2023,May,67693,25973,272986,366652,167206.0,0.0,0.0,167206.0,2023-05-01
730630,India,"New York, NY",2023,May,124871,73372,499476,697719,387821.0,0.0,0.0,387821.0,2023-05-01
730630,India,"Norfolk, VA",2023,May,8372,2500,33488,44360,24852.0,0.0,0.0,24852.0,2023-05-01
730630,India,"San Juan, PR",2023,May,38398,21565,153590,213553,159153.0,0.0,0.0,159153.0,2023-05-01
730630,India,"Savannah, GA",2023,May,3818,5291,15262,24371,4561.0,0.0,0.0,4561.0,2023-05-01
730630,India,"Seattle, WA",2023,May,61288,16400,245146,322834,130671.0,0.0,0.0,130671.0,2023-05-01
730630,India,"St. Louis, MO",2023,May,377669,143498,1510650,2031817,1223507.0,0.0,0.0,1223507.0,2023-05-01
730630,India,"Chicago, IL",2023,June,537540,302493,2489491,3329524,1741413.0,0.0,0.0,1741413.0,2023-06-01
730630,India,"Houston-Galveston, TX",2023,June,254844,215012,1022055,1491911,993271.0,0.0,0.0,993271.0,2023-06-01
730630,India,"Laredo, TX",2023,June,2477,542,9907,12926,3404.0,0.0,0.0,3404.0,2023-06-01
730630,India,"Los Angeles, CA",2023,June,67574,19165,270290,357029,166480.0,0.0,0.0,166480.0,2023-06-01
730630,India,"New York, NY",2023,June,61385,43701,298960,404046,217356.0,0.0,0.0,217356.0,2023-06-01
730630,India,"San Francisco, CA",2023,June,6268,1361,25071,32700,19100.0,0.0,0.0,19100.0,2023-06-01
730630,India,"San Juan, PR",2023,June,27300,19187,109201,155688,98395.0,0.0,0.0,98395.0,2023-06-01
730630,India,"Savannah, GA",2023,June,3865,2288,15445,21598,4603.0,0.0,0.0,4603.0,2023-06-01
730630,India,"St. Louis, MO",2023,June,559517,201499,2238026,2999042,1756994.0,0.0,0.0,1756994.0,2023-06-01
730630,India,"Chicago, IL",2023,July,428270,230283,1939592,2598145,1293551.0,0.0,0.0,1293551.0,2023-07-01
730630,India,"Cleveland, OH",2023,July,0,45,3430,3475,567.0,0.0,0.0,567.0,2023-07-01
730630,India,"Columbia-Snake, OR",2023,July,6458,2912,25831,35201,19250.0,0.0,0.0,19250.0,2023-07-01
730630,India,"Great Falls, MT",2023,July,3978,114,15912,20004,13516.0,0.0,0.0,13516.0,2023-07-01
730630,India,"Houston-Galveston, TX",2023,July,34144,17657,136575,188376,116842.0,0.0,0.0,116842.0,2023-07-01
730630,India,"Laredo, TX",2023,July,1461,268,5841,7570,1986.0,0.0,0.0,1986.0,2023-07-01
730630,India,"Los Angeles, CA",2023,July,37031,10832,148123,195986,93625.0,0.0,0.0,93625.0,2023-07-01
730630,India,"New Orleans, LA",2023,July,0,500,2730,3230,2676.0,0.0,0.0,2676.0,2023-07-01
730630,India,"New York, NY",2023,July,56093,27930,224369,308392,167455.0,0.0,0.0,167455.0,2023-07-01
730630,India,"San Francisco, CA",2023,July,7411,1113,29643,38167,19870.0,0.0,0.0,19870.0,2023-07-01
730630,India,"San Juan, PR",2023,July,24215,18050,100446,142711,93913.0,0.0,0.0,93913.0,2023-07-01
730630,India,"Seattle, WA",2023,July,19839,10500,79355,109694,37925.0,0.0,0.0,37925.0,2023-07-01
730630,India,"St. Louis, MO",2023,July,250264,92500,1001028,1343792,779121.0,0.0,0.0,779121.0,2023-07-01
730630,India,"Chicago, IL",2023,August,737499,380081,2979393,4096973,1946511.0,0.0,0.0,1946511.0,2023-08-01
730630,India,"Honolulu, HI",2023,August,7162,5000,28646,40808,19290.0,0.0,0.0,19290.0,2023-08-01
730630,India,"Houston-Galveston, TX",2023,August,85993,46876,343972,476841,299753.0,0.0,0.0,299753.0,2023-08-01
730630,India,"Los Angeles, CA",2023,August,29966,14500,119862,164328,80465.0,0.0,0.0,80465.0,2023-08-01
730630,India,"New York, NY",2023,August,70090,40428,280357,390875,221462.0,0.0,0.0,221462.0,2023-08-01
730630,India,"Savannah, GA",2023,August,4888,3596,26791,35275,10525.0,0.0,0.0,10525.0,2023-08-01
730630,India,"Seattle, WA",2023,August,16857,14000,67426,98283,42138.0,0.0,0.0,42138.0,2023-08-01
730630,India,"St. Louis, MO",2023,August,172451,62500,689794,924745,545597.0,0.0,0.0,545597.0,2023-08-01
730630,India,"Baltimore, MD",2023,September,6060,2330,24238,32628,7359.0,0.0,0.0,7359.0,2023-09-01
730630,India,"Charleston, SC",2023,September,49662,14720,198647,263029,195550.0,0.0,0.0,195550.0,2023-09-01
730630,India,"Chicago, IL",2023,September,503420,272199,2108022,2883641,1473451.0,0.0,0.0,1473451.0,2023-09-01
730630,India,"Detroit, MI",2023,September,31902,20543,127603,180048,64880.0,0.0,0.0,64880.0,2023-09-01
730630,India,"Houston-Galveston, TX",2023,September,66493,31342,265969,363804,240846.0,0.0,0.0,240846.0,2023-09-01
730630,India,"Laredo, TX",2023,September,0,73,2553,2626,1702.0,0.0,0.0,1702.0,2023-09-01
730630,India,"Los Angeles, CA",2023,September,40727,10875,162909,214511,109157.0,0.0,0.0,109157.0,2023-09-01
730630,India,"New York, NY",2023,September,96991,56245,489089,642325,356745.0,0.0,0.0,356745.0,2023-09-01
730630,India,"San Francisco, CA",2023,September,30306,16000,121222,167528,114160.0,0.0,0.0,114160.0,2023-09-01
730630,India,"St. Louis, MO",2023,September,154800,80459,619190,854449,500351.0,0.0,0.0,500351.0,2023-09-01
730630,India,"Chicago, IL",2023,October,526997,309072,2206275,3042344,1484259.0,0.0,0.0,1484259.0,2023-10-01
730630,India,"Detroit, MI",2023,October,7955,6535,31818,46308,31867.0,0.0,0.0,31867.0,2023-10-01
730630,India,"Great Falls, MT",2023,October,5223,2800,20893,28916,25334.0,0.0,0.0,25334.0,2023-10-01
730630,India,"Houston-Galveston, TX",2023,October,217478,138280,869908,1225666,946961.0,0.0,0.0,946961.0,2023-10-01
730630,India,"Laredo, TX",2023,October,0,141,4920,5061,3280.0,0.0,0.0,3280.0,2023-10-01
730630,India,"Los Angeles, CA",2023,October,47653,24499,190604,262756,132414.0,0.0,0.0,132414.0,2023-10-01
730630,India,"New York, NY",2023,October,61115,44555,482213,587883,320310.0,0.0,0.0,320310.0,2023-10-01
730630,India,"San Francisco, CA",2023,October,6898,1372,27593,35863,18300.0,0.0,0.0,18300.0,2023-10-01
730630,India,"San Juan, PR",2023,October,23118,10456,92471,126045,92101.0,0.0,0.0,92101.0,2023-10-01
730630,India,"Savannah, GA",2023,October,12318,5390,49228,66936,14973.0,0.0,0.0,14973.0,2023-10-01
730630,India,"Seattle, WA",2023,October,10287,5000,41149,56436,19128.0,0.0,0.0,19128.0,2023-10-01
730630,India,"St. Louis, MO",2023,October,148816,57500,595242,801558,484672.0,0.0,0.0,484672.0,2023-10-01
730630,India,"Chicago, IL",2023,November,684454,367903,2868102,3920459,1964902.0,0.0,0.0,1964902.0,2023-11-01
730630,India,"Houston-Galveston, TX",2023,November,9488,5639,37951,53078,19819.0,0.0,0.0,19819.0,2023-11-01
730630,India,"Laredo, TX",2023,November,2160,186,8640,10986,2603.0,0.0,0.0,2603.0,2023-11-01
730630,India,"Los Angeles, CA",2023,November,110003,46871,488394,645268,310947.0,0.0,0.0,310947.0,2023-11-01
730630,India,"New York, NY",2023,November,139920,93762,796751,1030433,529969.0,0.0,0.0,529969.0,2023-11-01
730630,India,"Savannah, GA",2023,November,13817,3350,55266,72433,54290.0,0.0,0.0,54290.0,2023-11-01
730630,India,"Seattle, WA",2023,November,30248,8124,120991,159363,82411.0,0.0,0.0,82411.0,2023-11-01
730630,India,"St. Louis, MO",2023,November,253188,99665,1017490,1370343,822673.0,0.0,0.0,822673.0,2023-11-01
730630,India,"Chicago, IL",2023,December,465666,256079,1881537,2603282,1361523.0,0.0,0.0,1361523.0,2023-12-01
730630,India,"Cleveland, OH",2023,December,4465,2520,17859,24844,17250.0,0.0,0.0,17250.0,2023-12-01
730630,India,"Columbia-Snake, OR",2023,December,6268,2912,25070,34250,18920.0,0.0,0.0,18920.0,2023-12-01
730630,India,"Detroit, MI",2023,December,17355,12000,69419,98774,77400.0,0.0,0.0,77400.0,2023-12-01
730630,India,"Houston-Galveston, TX",2023,December,21734,8213,92035,121982,65816.0,0.0,0.0,65816.0,2023-12-01
730630,India,"Laredo, TX",2023,December,3248,610,19550,23408,8988.0,0.0,0.0,8988.0,2023-12-01
730630,India,"Los Angeles, CA",2023,December,102063,46862,408249,557174,245330.0,0.0,0.0,245330.0,2023-12-01
730630,India,"New York, NY",2023,December,114863,90840,819495,1025198,508761.0,0.0,0.0,508761.0,2023-12-01
730630,India,"San Francisco, CA",2023,December,6438,3000,25753,35191,19740.0,0.0,0.0,19740.0,2023-12-01
730630,India,"Savannah, GA",2023,December,33047,9016,132151,174214,118792.0,0.0,0.0,118792.0,2023-12-01
730630,India,"Seattle, WA",2023,December,6877,2863,27507,37247,19931.0,0.0,0.0,19931.0,2023-12-01
730630,India,"St. Louis, MO",2023,December,279533,111817,1118099,1509449,907537.0,0.0,0.0,907537.0,2023-12-01
730630,India,"Chicago, IL",2024,January,500950,272205,2115663,2888818,1485250.0,0.0,0.0,1485250.0,2024-01-01
730630,India,"Columbia-Snake, OR",2024,January,6017,2911,24069,32997,18740.0,0.0,0.0,18740.0,2024-01-01
730630,India,"Detroit, MI",2024,January,7944,2525,31777,42246,18260.0,0.0,0.0,18260.0,2024-01-01
730630,India,"Houston-Galveston, TX",2024,January,77135,28600,308537,414272,343692.0,0.0,0.0,343692.0,2024-01-01
730630,India,"Laredo, TX",2024,January,2555,321,10219,13095,3507.0,0.0,0.0,3507.0,2024-01-01
730630,India,"Los Angeles, CA",2024,January,73815,24000,295255,393070,202515.0,0.0,0.0,202515.0,2024-01-01
730630,India,"New York, NY",2024,January,95617,58828,747007,901452,439252.0,0.0,0.0,439252.0,2024-01-01
730630,India,"San Francisco, CA",2024,January,12755,4529,51018,68302,37650.0,0.0,0.0,37650.0,2024-01-01
730630,India,"St. Louis, MO",2024,January,285029,120000,1140099,1545128,920323.0,0.0,0.0,920323.0,2024-01-01
730630,India,"Chicago, IL",2024,February,310643,144360,1274615,1729618,893934.0,0.0,0.0,893934.0,2024-02-01
730630,India,"Cleveland, OH",2024,February,66708,38598,266826,372132,206524.0,0.0,0.0,206524.0,2024-02-01
730630,India,"Detroit, MI",2024,February,24524,7575,98093,130192,54955.0,0.0,0.0,54955.0,2024-02-01
730630,India,"Houston-Galveston, TX",2024,February,64197,33503,256784,354484,193522.0,0.0,0.0,193522.0,2024-02-01
730630,India,"Laredo, TX",2024,February,3770,818,15080,19668,4533.0,0.0,0.0,4533.0,2024-02-01
730630,India,"Los Angeles, CA",2024,February,25960,8000,103841,137801,58495.0,0.0,0.0,58495.0,2024-02-01
730630,India,"Minneapolis, MN",2024,February,6866,3000,27462,37328,19900.0,0.0,0.0,19900.0,2024-02-01
730630,India,"New Orleans, LA",2024,February,18292,1,73168,91461,14486.0,0.0,0.0,14486.0,2024-02-01
730630,India,"New York, NY",2024,February,123820,40959,527809,692588,303804.0,0.0,0.0,303804.0,2024-02-01
730630,India,"Pembina, ND",2024,February,1593,3,6368,7964,1384.0,0.0,0.0,1384.0,2024-02-01
730630,India,"Seattle, WA",2024,February,82720,40700,330867,454287,179054.0,0.0,0.0,179054.0,2024-02-01
730630,India,"St. Louis, MO",2024,February,385562,146002,1542223,2073787,1234754.0,0.0,0.0,1234754.0,2024-02-01
730630,India,"Chicago, IL",2024,March,954469,521328,3935730,5411527,2816694.0,0.0,0.0,2816694.0,2024-03-01
730630,India,"Cleveland, OH",2024,March,33178,17065,140257,190500,78522.0,0.0,0.0,78522.0,2024-03-01
730630,India,"Detroit, MI",2024,March,7775,2525,31101,41401,17850.0,0.0,0.0,17850.0,2024-03-01
730630,India,"Houston-Galveston, TX",2024,March,37233,16459,148929,202621,115235.0,0.0,0.0,115235.0,2024-03-01
730630,India,"Laredo, TX",2024,March,1967,416,7866,10249,2354.0,0.0,0.0,2354.0,2024-03-01
730630,India,"Los Angeles, CA",2024,March,147112,66500,588438,802050,360734.0,0.0,0.0,360734.0,2024-03-01
730630,India,"New York, NY",2024,March,242230,121796,968910,1332936,614487.0,0.0,0.0,614487.0,2024-03-01
730630,India,"Pembina, ND",2024,March,1420,1,5678,7099,997.0,0.0,0.0,997.0,2024-03-01
730630,India,"Savannah, GA",2024,March,56974,9264,227896,294134,70479.0,0.0,0.0,70479.0,2024-03-01
730630,India,"Seattle, WA",2024,March,36289,20000,145155,201444,75576.0,0.0,0.0,75576.0,2024-03-01
730630,India,"St. Louis, MO",2024,March,457700,185000,1830762,2473462,1449735.0,0.0,0.0,1449735.0,2024-03-01
730630,India,"Chicago, IL",2024,April,803477,445363,3305223,4554063,2233036.0,0.0,0.0,2233036.0,2024-04-01
730630,India,"Detroit, MI",2024,April,8802,2100,35206,46108,18810.0,0.0,0.0,18810.0,2024-04-01
730630,India,"Houston-Galveston, TX",2024,April,22256,13831,92062,128149,46927.0,0.0,0.0,46927.0,2024-04-01
730630,India,"Los Angeles, CA",2024,April,158198,59061,632787,850046,469299.0,0.0,0.0,469299.0,2024-04-01
730630,India,"New York, NY",2024,April,116834,57562,467326,641722,293678.0,0.0,0.0,293678.0,2024-04-01
730630,India,"Philadelphia, PA",2024,April,0,82,13174,13256,11242.0,0.0,0.0,11242.0,2024-04-01
730630,India,"San Francisco, CA",2024,April,6875,2262,27500,36637,19990.0,0.0,0.0,19990.0,2024-04-01
730630,India,"Savannah, GA",2024,April,2634,1693,10528,14855,3125.0,0.0,0.0,3125.0,2024-04-01
730630,India,"St. Louis, MO",2024,April,211213,80001,844831,1136045,673898.0,0.0,0.0,673898.0,2024-04-01
730630,India,"Chicago, IL",2024,May,538253,315076,2191645,3044974,1497081.0,0.0,0.0,1497081.0,2024-05-01
730630,India,"Cleveland, OH",2024,May,33938,20000,135754,189692,73414.0,0.0,0.0,73414.0,2024-05-01
730630,India,"Detroit, MI",2024,May,17497,12000,69986,99483,39820.0,0.0,0.0,39820.0,2024-05-01
730630,India,"Houston-Galveston, TX",2024,May,62892,39276,251567,353735,165387.0,0.0,0.0,165387.0,2024-05-01
730630,India,"Los Angeles, CA",2024,May,112065,65146,448257,625468,312820.0,0.0,0.0,312820.0,2024-05-01
730630,India,"New York, NY",2024,May,57735,25844,230936,314515,146575.0,0.0,0.0,146575.0,2024-05-01
730630,India,"San Francisco, CA",2024,May,13358,4530,53431,71319,39020.0,0.0,0.0,39020.0,2024-05-01
730630,India,"San Juan, PR",2024,May,22888,7500,91550,121938,57101.0,0.0,0.0,57101.0,2024-05-01
730630,India,"Savannah, GA",2024,May,29620,16010,118451,164081,73546.0,0.0,0.0,73546.0,2024-05-01
730630,India,"Seattle, WA",2024,May,105785,39000,423130,567915,229120.0,0.0,0.0,229120.0,2024-05-01
730630,India,"St. Louis, MO",2024,May,411530,154999,1646085,2212614,1313618.0,0.0,0.0,1313618.0,2024-05-01
730630,India,"Chicago, IL",2024,June,510012,269479,2039945,2819436,1339176.0,0.0,0.0,1339176.0,2024-06-01
730630,India,"Cleveland, OH",2024,June,11972,5001,47886,64859,33176.0,0.0,0.0,33176.0,2024-06-01
730630,India,"Columbia-Snake, OR",2024,June,7140,1530,28558,37228,19950.0,0.0,0.0,19950.0,2024-06-01
730630,India,"Detroit, MI",2024,June,8679,6000,34715,49394,19620.0,0.0,0.0,19620.0,2024-06-01
730630,India,"Houston-Galveston, TX",2024,June,128441,73220,529591,731252,518221.0,0.0,0.0,518221.0,2024-06-01
730630,India,"Los Angeles, CA",2024,June,84517,30401,338064,452982,248955.0,0.0,0.0,248955.0,2024-06-01
730630,India,"New York, NY",2024,June,229023,128704,916072,1273799,651729.0,0.0,0.0,651729.0,2024-06-01
730630,India,"Pembina, ND",2024,June,633,1,2530,3164,437.0,0.0,0.0,437.0,2024-06-01
730630,India,"San Francisco, CA",2024,June,20466,7531,81865,109862,58960.0,0.0,0.0,58960.0,2024-06-01
730630,India,"Savannah, GA",2024,June,82334,32500,329330,444164,368660.0,0.0,0.0,368660.0,2024-06-01
730630,India,"Seattle, WA",2024,June,27051,20000,108199,155250,57923.0,0.0,0.0,57923.0,2024-06-01
730630,India,"St. Louis, MO",2024,June,216371,82700,897715,1196786,705631.0,0.0,0.0,705631.0,2024-06-01
730630,India,"Chicago, IL",2024,July,685205,394547,2782650,3862402,1979072.0,0.0,0.0,1979072.0,2024-07-01
730630,India,"Cleveland, OH",2024,July,26696,5005,106778,138479,88313.0,0.0,0.0,88313.0,2024-07-01
730630,India,"Detroit, MI",2024,July,8748,6200,83953,98901,39424.0,0.0,0.0,39424.0,2024-07-01
730630,India,"Houston-Galveston, TX",2024,July,175864,96506,703449,975819,575685.0,0.0,0.0,575685.0,2024-07-01
730630,India,"Los Angeles, CA",2024,July,135989,63779,543938,743706,398528.0,0.0,0.0,398528.0,2024-07-01
730630,India,"New York, NY",2024,July,143914,80649,575643,800206,399386.0,0.0,0.0,399386.0,2024-07-01
730630,India,"Seattle, WA",2024,July,18464,10000,73855,102319,38203.0,0.0,0.0,38203.0,2024-07-01
730630,India,"St. Louis, MO",2024,July,328645,127700,1347519,1803864,1088694.0,0.0,0.0,1088694.0,2024-07-01
730630,India,"Chicago, IL",2024,August,463116,268631,1859671,2591418,1366494.0,0.0,0.0,1366494.0,2024-08-01
730630,India,"Cleveland, OH",2024,August,12517,3,50069,62589,53226.0,0.0,0.0,53226.0,2024-08-01
730630,India,"Detroit, MI",2024,August,8578,6000,34311,48889,17820.0,0.0,0.0,17820.0,2024-08-01
730630,India,"Great Falls, MT",2024,August,11450,1050,45801,58301,49120.0,0.0,0.0,49120.0,2024-08-01
730630,India,"Houston-Galveston, TX",2024,August,29714,14931,118857,163502,115077.0,0.0,0.0,115077.0,2024-08-01
730630,India,"Laredo, TX",2024,August,546,72,2182,2800,699.0,0.0,0.0,699.0,2024-08-01
730630,India,"Los Angeles, CA",2024,August,63631,23242,254514,341387,184299.0,0.0,0.0,184299.0,2024-08-01
730630,India,"Miami, FL",2024,August,7336,2045,29343,38724,12854.0,0.0,0.0,12854.0,2024-08-01
730630,India,"New York, NY",2024,August,200447,96595,801776,1098818,551972.0,0.0,0.0,551972.0,2024-08-01
730630,India,"Pembina, ND",2024,August,849,250,3396,4495,933.0,0.0,0.0,933.0,2024-08-01
730630,India,"San Francisco, CA",2024,August,6688,1530,26751,34969,18180.0,0.0,0.0,18180.0,2024-08-01
730630,India,"Savannah, GA",2024,August,25611,18859,102440,146910,115942.0,0.0,0.0,115942.0,2024-08-01
730630,India,"Seattle, WA",2024,August,31206,15175,124820,171201,81828.0,0.0,0.0,81828.0,2024-08-01
730630,India,"St. Louis, MO",2024,August,480810,182699,1929503,2593012,1549712.0,0.0,0.0,1549712.0,2024-08-01
730630,India,"Chicago, IL",2024,September,740068,412897,3035068,4188033,2211958.0,0.0,0.0,2211958.0,2024-09-01
730630,India,"Cleveland, OH",2024,September,9569,5450,42359,57378,20213.0,0.0,0.0,20213.0,2024-09-01
730630,India,"Columbia-Snake, OR",2024,September,12747,23329,50987,87063,43160.0,0.0,0.0,43160.0,2024-09-01
730630,India,"Detroit, MI",2024,September,12240,200,48960,61400,20130.0,0.0,0.0,20130.0,2024-09-01
730630,India,"Great Falls, MT",2024,September,1666,2500,6663,10829,6910.0,0.0,0.0,6910.0,2024-09-01
730630,India,"Houston-Galveston, TX",2024,September,24100,4431,96395,124926,59497.0,0.0,0.0,59497.0,2024-09-01
730630,India,"Los Angeles, CA",2024,September,181382,94901,725515,1001798,511416.0,0.0,0.0,511416.0,2024-09-01
730630,India,"New York, NY",2024,September,253454,148717,1013797,1415968,699682.0,0.0,0.0,699682.0,2024-09-01
730630,India,"San Francisco, CA",2024,September,7100,1530,28399,37029,19200.0,0.0,0.0,19200.0,2024-09-01
730630,India,"Seattle, WA",2024,September,37721,25000,150888,213609,92068.0,0.0,0.0,92068.0,2024-09-01
730630,India,"St. Louis, MO",2024,September,317711,122499,1270818,1711028,1029581.0,0.0,0.0,1029581.0,2024-09-01
730630,India,"Chicago, IL",2024,October,727760,428673,2947915,4104348,2144088.0,0.0,0.0,2144088.0,2024-10-01
730630,India,"Houston-Galveston, TX",2024,October,66396,45117,265580,377093,210441.0,0.0,0.0,210441.0,2024-10-01
730630,India,"Laredo, TX",2024,October,1882,166,7524,9572,2676.0,0.0,0.0,2676.0,2024-10-01
730630,India,"Los Angeles, CA",2024,October,42120,24898,168476,235494,124051.0,0.0,0.0,124051.0,2024-10-01
730630,India,"New York, NY",2024,October,281928,163629,1127692,1573249,717395.0,0.0,0.0,717395.0,2024-10-01
730630,India,"San Francisco, CA",2024,October,5748,6812,22990,35550,19060.0,0.0,0.0,19060.0,2024-10-01
730630,India,"San Juan, PR",2024,October,9739,13038,38957,61734,44256.0,0.0,0.0,44256.0,2024-10-01
730630,India,"Seattle, WA",2024,October,13634,10000,65063,88697,31228.0,0.0,0.0,31228.0,2024-10-01
730630,India,"St. Louis, MO",2024,October,175257,67500,701007,943764,572159.0,0.0,0.0,572159.0,2024-10-01
730630,India,"Chicago, IL",2024,November,749993,411270,3112254,4273517,2323803.0,0.0,0.0,2323803.0,2024-11-01
730630,India,"Columbia-Snake, OR",2024,November,7035,11848,28139,47022,24900.0,0.0,0.0,24900.0,2024-11-01
730630,India,"Detroit, MI",2024,November,24480,6200,97920,128600,40260.0,0.0,0.0,40260.0,2024-11-01
730630,India,"Houston-Galveston, TX",2024,November,51525,18819,206098,276442,117195.0,0.0,0.0,117195.0,2024-11-01
730630,India,"Laredo, TX",2024,November,546,81,2183,2810,699.0,0.0,0.0,699.0,2024-11-01
730630,India,"Los Angeles, CA",2024,November,99682,63337,398716,561735,288400.0,0.0,0.0,288400.0,2024-11-01
730630,India,"New York, NY",2024,November,177093,109316,708372,994781,489775.0,0.0,0.0,489775.0,2024-11-01
730630,India,"Norfolk, VA",2024,November,7257,2525,29029,38811,16040.0,0.0,0.0,16040.0,2024-11-01
730630,India,"Savannah, GA",2024,November,22990,17600,91958,132548,110190.0,0.0,0.0,110190.0,2024-11-01
730630,India,"Seattle, WA",2024,November,24828,15000,99310,139138,57857.0,0.0,0.0,57857.0,2024-11-01
730630,India,"St. Louis, MO",2024,November,179465,67500,717839,964804,589361.0,0.0,0.0,589361.0,2024-11-01
730630,India,"Chicago, IL",2024,December,603140,359493,2412461,3375094,1813984.0,0.0,0.0,1813984.0,2024-12-01
730630,India,"Cleveland, OH",2024,December,4856,7000,19422,31278,12285.0,0.0,0.0,12285.0,2024-12-01
730630,India,"Houston-Galveston, TX",2024,December,98229,23430,392914,514573,214925.0,0.0,0.0,214925.0,2024-12-01
730630,India,"Laredo, TX",2024,December,3870,222,15477,19569,3040.0,0.0,0.0,3040.0,2024-12-01
730630,India,"Los Angeles, CA",2024,December,136430,58500,545708,740638,420555.0,0.0,0.0,420555.0,2024-12-01
730630,India,"New York, NY",2024,December,162453,91526,652782,906761,465512.0,0.0,0.0,465512.0,2024-12-01
730630,India,"San Francisco, CA",2024,December,5704,4596,22815,33115,19100.0,0.0,0.0,19100.0,2024-12-01
730630,India,"Seattle, WA",2024,December,20043,13000,80171,113214,53185.0,0.0,0.0,53185.0,2024-12-01
730630,India,"St. Louis, MO",2024,December,127150,51199,508594,686943,428196.0,0.0,0.0,428196.0,2024-12-01
730630,India,"Chicago, IL",2025,January,839152,527136,3356467,4722755,2540980.0,0.0,0.0,2540980.0,2025-01-01
730630,India,"Detroit, MI",2025,January,29383,27527,185066,241976,90902.0,0.0,0.0,90902.0,2025-01-01
730630,India,"Houston-Galveston, TX",2025,January,218746,105446,874975,1199167,888141.0,0.0,0.0,888141.0,2025-01-01
730630,India,"Laredo, TX",2025,January,916,75,3665,4656,1174.0,0.0,0.0,1174.0,2025-01-01
730630,India,"Los Angeles, CA",2025,January,131902,66952,527584,726438,401178.0,0.0,0.0,401178.0,2025-01-01
730630,India,"New York, NY",2025,January,246256,87626,985006,1318888,570541.0,0.0,0.0,570541.0,2025-01-01
730630,India,"Seattle, WA",2025,January,30874,12710,123498,167082,82523.0,0.0,0.0,82523.0,2025-01-01
730630,India,"St. Louis, MO",2025,January,431075,172665,1724260,2328000,1462491.0,0.0,0.0,1462491.0,2025-01-01
730630,India,"Charleston, SC",2025,February,0,92,8845,8937,8038.0,0.0,0.0,8038.0,2025-02-01
730630,India,"Chicago, IL",2025,February,414659,244169,1661115,2319943,1168926.0,0.0,0.0,1168926.0,2025-02-01
730630,India,"Detroit, MI",2025,February,8175,6000,32701,46876,18660.0,0.0,0.0,18660.0,2025-02-01
730630,India,"Houston-Galveston, TX",2025,February,142481,66519,572847,781847,574957.0,0.0,0.0,574957.0,2025-02-01
730630,India,"Los Angeles, CA",2025,February,58625,28664,234490,321779,178680.0,0.0,0.0,178680.0,2025-02-01
730630,India,"New York, NY",2025,February,177348,112584,709360,999292,521370.0,0.0,0.0,521370.0,2025-02-01
730630,India,"Philadelphia, PA",2025,February,40146,5398,160582,206126,31050.0,0.0,0.0,31050.0,2025-02-01
730630,India,"San Francisco, CA",2025,February,8755,6527,35022,50304,24503.0,0.0,0.0,24503.0,2025-02-01
730630,India,"Savannah, GA",2025,February,1009,470,4036,5515,1198.0,0.0,0.0,1198.0,2025-02-01
730630,India,"Seattle, WA",2025,February,34082,20000,136322,190404,78072.0,0.0,0.0,78072.0,2025-02-01
730630,India,"St. Louis, MO",2025,February,347940,149802,1391729,1889471,1223078.0,0.0,0.0,1223078.0,2025-02-01
730630,India,"Chicago, IL",2025,March,555349,371236,2221317,3147902,1612001.0,0.0,0.0,1612001.0,2025-03-01
730630,India,"Cleveland, OH",2025,March,9519,5000,38075,52594,19274.0,0.0,0.0,19274.0,2025-03-01
730630,India,"Detroit, MI",2025,March,16118,12000,64474,92592,37240.0,0.0,0.0,37240.0,2025-03-01
730630,India,"Houston-Galveston, TX",2025,March,189701,89931,758795,1038427,792278.0,0.0,0.0,792278.0,2025-03-01
730630,India,"Los Angeles, CA",2025,March,83815,34201,335252,453268,272644.0,0.0,0.0,272644.0,2025-03-01
730630,India,"Miami, FL",2025,March,6151,2421,24604,33176,28900.0,0.0,0.0,28900.0,2025-03-01
730630,India,"New York, NY",2025,March,83331,37087,333318,453736,219917.0,0.0,0.0,219917.0,2025-03-01
730630,India,"Norfolk, VA",2025,March,14579,18000,58315,90894,39420.0,0.0,0.0,39420.0,2025-03-01
730630,India,"Philadelphia, PA",2025,March,9630,2020,77652,89302,45937.0,0.0,0.0,45937.0,2025-03-01
730630,India,"Savannah, GA",2025,March,9394,3956,37564,50914,22674.0,0.0,0.0,22674.0,2025-03-01
730630,India,"Seattle, WA",2025,March,32827,20000,131304,184131,76250.0,0.0,0.0,76250.0,2025-03-01
730630,India,"St. Louis, MO",2025,March,184943,67900,739761,992604,627051.0,0.0,0.0,627051.0,2025-03-01
730630,India,"Chicago, IL",2025,April,459479,346065,1840846,2646390,1424843.0,0.0,0.0,1424843.0,2025-04-01
730630,India,"Columbia-Snake, OR",2025,April,21671,17514,86680,125865,67460.0,0.0,0.0,67460.0,2025-04-01
730630,India,"Detroit, MI",2025,April,12240,6000,48960,67200,20880.0,0.0,0.0,20880.0,2025-04-01
730630,India,"Houston-Galveston, TX",2025,April,132163,68044,528645,728852,434247.0,0.0,0.0,434247.0,2025-04-01
730630,India,"Los Angeles, CA",2025,April,31531,19580,126110,177221,84702.0,0.0,0.0,84702.0,2025-04-01
730630,India,"New York, NY",2025,April,127007,67609,507998,702614,366806.0,0.0,0.0,366806.0,2025-04-01
730630,India,"Philadelphia, PA",2025,April,37348,4581,163219,205148,52159.0,0.0,0.0,52159.0,2025-04-01
730630,India,"Savannah, GA",2025,April,7350,1547,29400,38297,25090.0,0.0,0.0,25090.0,2025-04-01
730630,India,"Seattle, WA",2025,April,6262,5000,25047,36309,15488.0,0.0,0.0,15488.0,2025-04-01
730630,India,"St. Louis, MO",2025,April,279114,115002,1116442,1510558,976017.0,0.0,0.0,976017.0,2025-04-01
730630,India,"Wilmington, NC",2025,April,11193,9610,44771,65574,47893.0,0.0,0.0,47893.0,2025-04-01
730630,India,"Chicago, IL",2025,May,571735,431475,2286815,3290025,1764800.0,0.0,0.0,1764800.0,2025-05-01
730630,India,"Detroit, MI",2025,May,29075,18000,116300,163375,59800.0,0.0,0.0,59800.0,2025-05-01
730630,India,"Houston-Galveston, TX",2025,May,96833,55264,387320,539417,268127.0,0.0,0.0,268127.0,2025-05-01
730630,India,"Los Angeles, CA",2025,May,45031,23801,180110,248942,146608.0,0.0,0.0,146608.0,2025-05-01
730630,India,"Minneapolis, MN",2025,May,18068,2,72270,90340,81460.0,0.0,0.0,81460.0,2025-05-01
730630,India,"New Orleans, LA",2025,May,19821,6480,68606,94907,30435.0,0.0,0.0,30435.0,2025-05-01
730630,India,"New York, NY",2025,May,141469,62158,565845,769472,423129.0,0.0,0.0,423129.0,2025-05-01
730630,India,"San Francisco, CA",2025,May,12857,7209,51429,71495,38140.0,0.0,0.0,38140.0,2025-05-01
730630,India,"Seattle, WA",2025,May,14587,10000,58348,82935,35808.0,0.0,0.0,35808.0,2025-05-01
730630,India,"St. Louis, MO",2025,May,372779,160002,1491069,2023850,1357699.0,0.0,0.0,1357699.0,2025-05-01
730630,India,"Baltimore, MD",2025,June,42726,36000,106794,185520,99998.0,0.0,0.0,99998.0,2025-06-01
730630,India,"Chicago, IL",2025,June,719486,308872,1597018,2625376,1215831.0,0.0,0.0,1215831.0,2025-06-01
730630,India,"Cleveland, OH",2025,June,5540,1,11079,16620,4132.0,0.0,0.0,4132.0,2025-06-01
730630,India,"Columbia-Snake, OR",2025,June,12712,12154,50846,75712,42860.0,0.0,0.0,42860.0,2025-06-01
730630,India,"Houston-Galveston, TX",2025,June,40064,18164,145188,203416,144865.0,0.0,0.0,144865.0,2025-06-01
730630,India,"Los Angeles, CA",2025,June,160677,55939,378086,594702,306550.0,0.0,0.0,306550.0,2025-06-01
730630,India,"Mobile, AL",2025,June,0,197,15477,15674,1717.0,0.0,0.0,1717.0,2025-06-01
730630,India,"New Orleans, LA",2025,June,25832,3414,51664,80910,29959.0,0.0,0.0,29959.0,2025-06-01
730630,India,"New York, NY",2025,June,217394,46769,462785,726948,374361.0,0.0,0.0,374361.0,2025-06-01
730630,India,"San Francisco, CA",2025,June,11283,3561,22566,37410,17960.0,0.0,0.0,17960.0,2025-06-01
730630,India,"Savannah, GA",2025,June,6052,2964,22281,31297,16359.0,0.0,0.0,16359.0,2025-06-01
730630,India,"Seattle, WA",2025,June,34917,16500,85617,137034,57808.0,0.0,0.0,57808.0,2025-06-01
730630,India,"St. Louis, MO",2025,June,810615,187504,1772309,2770428,1575059.0,0.0,0.0,1575059.0,2025-06-01
730630,India,"Chicago, IL",2025,July,1172865,497517,2345559,4015941,1904946.0,0.0,0.0,1904946.0,2025-07-01
730630,India,"Columbia-Snake, OR",2025,July,15223,5161,30445,50829,24440.0,0.0,0.0,24440.0,2025-07-01
730630,India,"Detroit, MI",2025,July,31792,5152,74409,111353,45252.0,0.0,0.0,45252.0,2025-07-01
730630,India,"Houston-Galveston, TX",2025,July,123592,32167,247180,402939,161978.0,0.0,0.0,161978.0,2025-07-01
730630,India,"Los Angeles, CA",2025,July,89153,22520,178304,289977,138761.0,0.0,0.0,138761.0,2025-07-01
730630,India,"New York, NY",2025,July,325807,84393,655503,1065703,556771.0,0.0,0.0,556771.0,2025-07-01
730630,India,"San Francisco, CA",2025,July,24380,7123,48760,80263,37970.0,0.0,0.0,37970.0,2025-07-01
730630,India,"Seattle, WA",2025,July,29378,9583,58754,97715,36848.0,0.0,0.0,36848.0,2025-07-01
730630,India,"St. Louis, MO",2025,July,699458,149999,1398890,2248347,1245615.0,0.0,0.0,1245615.0,2025-07-01
730630,India,"Charleston, SC",2025,August,67792,2,135583,203377,163218.0,0.0,0.0,163218.0,2025-08-01
730630,India,"Chicago, IL",2025,August,1200062,490952,2399969,4090983,1875250.0,0.0,0.0,1875250.0,2025-08-01
730630,India,"Detroit, MI",2025,August,16059,2539,32118,50716,18770.0,0.0,0.0,18770.0,2025-08-01
730630,India,"Great Falls, MT",2025,August,10020,1,20040,30061,20950.0,0.0,0.0,20950.0,2025-08-01
730630,India,"Houston-Galveston, TX",2025,August,181812,39466,363617,584895,263176.0,0.0,0.0,263176.0,2025-08-01
730630,India,"Los Angeles, CA",2025,August,97181,27799,194347,319327,174760.0,0.0,0.0,174760.0,2025-08-01
730630,India,"New York, NY",2025,August,381245,78854,822970,1283069,700888.0,0.0,0.0,700888.0,2025-08-01
730630,India,"Seattle, WA",2025,August,129273,39887,258542,427702,151433.0,0.0,0.0,151433.0,2025-08-01
730630,India,"St. Louis, MO",2025,August,540529,112499,1081035,1734063,952346.0,0.0,0.0,952346.0,2025-08-01
730630,India,"Chicago, IL",2025,September,759990,285000,1519916,2564906,1064597.0,0.0,0.0,1064597.0,2025-09-01
730630,India,"Columbia-Snake, OR",2025,September,12439,3575,24877,40891,19950.0,0.0,0.0,19950.0,2025-09-01
730630,India,"Houston-Galveston, TX",2025,September,69652,23664,139301,232617,81532.0,0.0,0.0,81532.0,2025-09-01
730630,India,"Laredo, TX",2025,September,7092,15,8343,15450,6727.0,0.0,0.0,6727.0,2025-09-01
730630,India,"Los Angeles, CA",2025,September,47347,10600,94692,152639,82522.0,0.0,0.0,82522.0,2025-09-01
730630,India,"New York, NY",2025,September,342330,73046,728148,1143524,579929.0,0.0,0.0,579929.0,2025-09-01
730630,India,"Ogdensburg, NY",2025,September,2517,114,5034,7665,2538.0,0.0,0.0,2538.0,2025-09-01
730630,India,"San Francisco, CA",2025,September,12036,3561,24072,39669,19360.0,0.0,0.0,19360.0,2025-09-01
730630,India,"Savannah, GA",2025,September,8677,6000,17353,32030,18778.0,0.0,0.0,18778.0,2025-09-01
730630,India,"Seattle, WA",2025,September,32438,10000,64874,107312,37775.0,0.0,0.0,37775.0,2025-09-01
730630,India,"St. Louis, MO",2025,September,413471,85807,826929,1326207,717731.0,0.0,0.0,717731.0,2025-09-01
730630,India,"Chicago, IL",2025,October,942118,375232,1886545,3203895,1376783.0,0.0,0.0,1376783.0,2025-10-01
730630,India,"Detroit, MI",2025,October,52097,10990,104192,167279,59420.0,0.0,0.0,59420.0,2025-10-01
730630,India,"Houston-Galveston, TX",2025,October,51997,13004,103989,168990,85072.0,0.0,0.0,85072.0,2025-10-01
730630,India,"Los Angeles, CA",2025,October,138113,28799,251161,418073,212300.0,0.0,0.0,212300.0,2025-10-01
730630,India,"Miami, FL",2025,October,12404,5000,24807,42211,18500.0,0.0,0.0,18500.0,2025-10-01
730630,India,"Minneapolis, MN",2025,October,4954,1239,9908,16101,4916.0,0.0,0.0,4916.0,2025-10-01
730630,India,"New York, NY",2025,October,144523,34613,287857,466993,150177.0,0.0,0.0,150177.0,2025-10-01
730630,India,"Ogdensburg, NY",2025,October,1900,80,3799,5779,1869.0,0.0,0.0,1869.0,2025-10-01
730630,India,"Savannah, GA",2025,October,16758,12000,33515,62273,36064.0,0.0,0.0,36064.0,2025-10-01
730630,India,"Seattle, WA",2025,October,42407,15000,84811,142218,58879.0,0.0,0.0,58879.0,2025-10-01
730630,India,"St. Louis, MO",2025,October,591604,114499,1183186,1889289,1040713.0,0.0,0.0,1040713.0,2025-10-01
730630,India,"Buffalo, NY",2025,November,1102,25,2204,3331,357.0,0.0,0.0,357.0,2025-11-01
730630,India,"Chicago, IL",2025,November,1094698,447249,2183672,3725619,1669507.0,0.0,0.0,1669507.0,2025-11-01
730630,India,"Cleveland, OH",2025,November,14326,5435,26074,45835,18567.0,0.0,0.0,18567.0,2025-11-01
730630,India,"Columbia-Snake, OR",2025,November,16368,2635,32735,51738,24920.0,0.0,0.0,24920.0,2025-11-01
730630,India,"Detroit, MI",2025,November,50265,10908,100527,161700,58280.0,0.0,0.0,58280.0,2025-11-01
730630,India,"Houston-Galveston, TX",2025,November,4899,990,9797,15686,3485.0,0.0,0.0,3485.0,2025-11-01
730630,India,"Los Angeles, CA",2025,November,50851,16146,101692,168689,86328.0,0.0,0.0,86328.0,2025-11-01
730630,India,"Minneapolis, MN",2025,November,12038,2,24075,36115,12942.0,0.0,0.0,12942.0,2025-11-01
730630,India,"New Orleans, LA",2025,November,30145,6000,60289,96434,36936.0,0.0,0.0,36936.0,2025-11-01
730630,India,"New York, NY",2025,November,261611,57263,523208,842082,341229.0,0.0,0.0,341229.0,2025-11-01
730630,India,"Portland, ME",2025,November,2169,523,4337,7029,5337.0,0.0,0.0,5337.0,2025-11-01
730630,India,"Seattle, WA",2025,November,82792,31739,165576,280107,135247.0,0.0,0.0,135247.0,2025-11-01
730630,India,"St. Louis, MO",2025,November,423028,82500,846034,1351562,778500.0,0.0,0.0,778500.0,2025-11-01
730630,India,"Chicago, IL",2025,December,964076,394156,1928078,3286310,1536123.0,0.0,0.0,1536123.0,2025-12-01
730630,India,"Cleveland, OH",2025,December,5858,2,11716,17576,19365.0,0.0,0.0,19365.0,2025-12-01
730630,India,"Detroit, MI",2025,December,26541,7240,53081,86862,28370.0,0.0,0.0,28370.0,2025-12-01
730630,India,"Houston-Galveston, TX",2025,December,12115,9,24226,36350,37557.0,0.0,0.0,37557.0,2025-12-01
730630,India,"Los Angeles, CA",2025,December,58563,20667,117117,196347,97283.0,0.0,0.0,97283.0,2025-12-01
730630,India,"Minneapolis, MN",2025,December,22626,2564,45252,70442,23547.0,0.0,0.0,23547.0,2025-12-01
730630,India,"New Orleans, LA",2025,December,7360,900,14720,22980,4363.0,0.0,0.0,4363.0,2025-12-01
730630,India,"New York, NY",2025,December,306400,75703,612788,994891,396327.0,0.0,0.0,396327.0,2025-12-01
730630,India,"Norfolk, VA",2025,December,11832,2500,23664,37996,21223.0,0.0,0.0,21223.0,2025-12-01
730630,India,"San Francisco, CA",2025,December,36104,6532,72206,114842,56670.0,0.0,0.0,56670.0,2025-12-01
730630,India,"San Juan, PR",2025,December,51167,27018,102334,180519,110388.0,0.0,0.0,110388.0,2025-12-01
730630,India,"Savannah, GA",2025,December,17824,2465,35646,55935,27866.0,0.0,0.0,27866.0,2025-12-01
730630,India,"St. Louis, MO",2025,December,618515,133182,1236999,1988696,1112946.0,0.0,0.0,1112946.0,2025-12-01
730630,India,"Chicago, IL",2026,January,1097764,427881,2214563,3740208,1714224.0,0.0,0.0,1714224.0,2026-01-01
730630,India,"Columbia-Snake, OR",2026,January,35752,7952,71502,115206,61200.0,0.0,0.0,61200.0,2026-01-01
730630,India,"Detroit, MI",2026,January,63302,14228,126602,204132,79760.0,0.0,0.0,79760.0,2026-01-01
730630,India,"Houston-Galveston, TX",2026,January,62880,13349,125759,201988,144418.0,0.0,0.0,144418.0,2026-01-01
730630,India,"Los Angeles, CA",2026,January,109028,26019,218047,353094,190717.0,0.0,0.0,190717.0,2026-01-01
730630,India,"Minneapolis, MN",2026,January,59449,11889,118896,190234,60602.0,0.0,0.0,60602.0,2026-01-01
730630,India,"New York, NY",2026,January,295727,61714,591441,948882,333573.0,0.0,0.0,333573.0,2026-01-01
730630,India,"San Francisco, CA",2026,January,11510,1789,23019,36318,19840.0,0.0,0.0,19840.0,2026-01-01
730630,India,"San Juan, PR",2026,January,120991,40154,241980,403125,254852.0,0.0,0.0,254852.0,2026-01-01
730630,India,"Seattle, WA",2026,January,69222,30000,138436,237658,108313.0,0.0,0.0,108313.0,2026-01-01
730630,India,"St. Louis, MO",2026,January,906500,206715,1812962,2926177,1669508.0,0.0,0.0,1669508.0,2026-01-01
730630,India,"Chicago, IL",2026,February,1119061,498829,2500073,4117963,1927400.0,0.0,0.0,1927400.0,2026-02-01
730630,India,"Columbia-Snake, OR",2026,February,10186,2715,20371,33272,18270.0,0.0,0.0,18270.0,2026-02-01
730630,India,"Detroit, MI",2026,February,46344,6792,92688,145824,59720.0,0.0,0.0,59720.0,2026-02-01
730630,India,"Houston-Galveston, TX",2026,February,113898,28340,227790,370028,213097.0,0.0,0.0,213097.0,2026-02-01
730630,India,"Los Angeles, CA",2026,February,128439,21180,256861,406480,217984.0,0.0,0.0,217984.0,2026-02-01
730630,India,"Miami, FL",2026,February,6726,5000,29736,41462,43041.0,0.0,0.0,43041.0,2026-02-01
730630,India,"Minneapolis, MN",2026,February,70539,13960,141075,225574,43748.0,0.0,0.0,43748.0,2026-02-01
730630,India,"Mobile, AL",2026,February,0,219,9941,10160,1023.0,0.0,0.0,1023.0,2026-02-01
730630,India,"New York, NY",2026,February,233214,63288,506625,803127,413534.0,0.0,0.0,413534.0,2026-02-01
730630,India,"Ogdensburg, NY",2026,February,4610,137,6147,10894,4206.0,0.0,0.0,4206.0,2026-02-01
730630,India,"San Francisco, CA",2026,February,31920,1,63840,95761,95320.0,0.0,0.0,95320.0,2026-02-01
730630,India,"San Juan, PR",2026,February,9044,2185,18087,29316,22169.0,0.0,0.0,22169.0,2026-02-01
730630,India,"Seattle, WA",2026,February,52105,20319,104207,176631,93926.0,0.0,0.0,93926.0,2026-02-01
730630,India,"St. Louis, MO",2026,February,1458406,352110,2918334,4728850,2680433.0,0.0,0.0,2680433.0,2026-02-01
730630,India,"Chicago, IL",2026,March,1272949,552788,2545765,4371502,2081247.0,0.0,0.0,2081247.0,2026-03-01
730630,India,"Cleveland, OH",2026,March,26773,8500,53545,88818,70203.0,0.0,0.0,70203.0,2026-03-01
730630,India,"Detroit, MI",2026,March,30439,5386,60877,96702,39640.0,0.0,0.0,39640.0,2026-03-01
730630,India,"Houston-Galveston, TX",2026,March,23727,10020,47451,81198,38227.0,0.0,0.0,38227.0,2026-03-01
730630,India,"Laredo, TX",2026,March,3166,274,6331,9771,1892.0,0.0,0.0,1892.0,2026-03-01
730630,India,"Los Angeles, CA",2026,March,92554,15000,185106,292660,157601.0,0.0,0.0,157601.0,2026-03-01
730630,India,"Miami, FL",2026,March,9024,3014,18047,30085,24820.0,0.0,0.0,24820.0,2026-03-01
730630,India,"Minneapolis, MN",2026,March,23950,1,47899,71850,17550.0,0.0,0.0,17550.0,2026-03-01
730630,India,"New York, NY",2026,March,281221,89462,684704,1055387,722800.0,0.0,0.0,722800.0,2026-03-01
730630,India,"Pembina, ND",2026,March,7526,350,15051,22927,20819.0,0.0,0.0,20819.0,2026-03-01
730630,India,"Portland, ME",2026,March,3513,40,7025,10578,4807.0,0.0,0.0,4807.0,2026-03-01
730630,India,"San Francisco, CA",2026,March,26022,2,52043,78067,71710.0,0.0,0.0,71710.0,2026-03-01
730630,India,"San Juan, PR",2026,March,6020,1,12040,18061,17970.0,0.0,0.0,17970.0,2026-03-01
730630,India,"Savannah, GA",2026,March,48337,14943,96666,159946,113626.0,0.0,0.0,113626.0,2026-03-01
730630,India,"Seattle, WA",2026,March,127869,55500,255729,439098,207087.0,0.0,0.0,207087.0,2026-03-01
730630,India,"St. Louis, MO",2026,March,845747,186024,1693668,2725439,1570830.0,0.0,0.0,1570830.0,2026-03-01
730630,India,"Wilmington, NC",2026,March,71300,2,142600,213902,175700.0,0.0,0.0,175700.0,2026-03-01
730630,India,"Chicago, IL",2026,April,1274483,508506,2573628,4356617,2120322.0,0.0,0.0,2120322.0,2026-04-01
730630,India,"Dallas-Fort Worth, TX",2026,April,5893,2500,11785,20178,18130.0,0.0,0.0,18130.0,2026-04-01
730630,India,"Houston-Galveston, TX",2026,April,48560,11027,97119,156706,116330.0,0.0,0.0,116330.0,2026-04-01
730630,India,"Los Angeles, CA",2026,April,167318,43802,334623,545743,306912.0,0.0,0.0,306912.0,2026-04-01
730630,India,"New York, NY",2026,April,237820,58265,475624,771709,344523.0,0.0,0.0,344523.0,2026-04-01
730630,India,"Seattle, WA",2026,April,125588,40500,251170,417258,203441.0,0.0,0.0,203441.0,2026-04-01
730630,India,"St. Louis, MO",2026,April,412736,90002,825453,1328191,757869.0,0.0,0.0,757869.0,2026-04-01
730630,India,"Chicago, IL",2026,May,1344848,485665,2689482,4519995,2108980.0,0.0,0.0,2108980.0,2026-05-01
730630,India,"Cleveland, OH",2026,May,2533,3000,5066,10599,1800.0,0.0,0.0,1800.0,2026-05-01
730630,India,"Columbia-Snake, OR",2026,May,14364,4840,28727,47931,25820.0,0.0,0.0,25820.0,2026-05-01
730630,India,"Detroit, MI",2026,May,130975,16136,261947,409058,263286.0,0.0,0.0,263286.0,2026-05-01
730630,India,"Houston-Galveston, TX",2026,May,124691,40256,249377,414324,296167.0,0.0,0.0,296167.0,2026-05-01
730630,India,"Los Angeles, CA",2026,May,190841,48650,381671,621162,326698.0,0.0,0.0,326698.0,2026-05-01
730630,India,"Miami, FL",2026,May,13495,5000,26990,45485,20781.0,0.0,0.0,20781.0,2026-05-01
730630,India,"New York, NY",2026,May,313619,74179,627231,1015029,398397.0,0.0,0.0,398397.0,2026-05-01
730630,India,"Norfolk, VA",2026,May,48857,1,97713,146571,157010.0,0.0,0.0,157010.0,2026-05-01
730630,India,"Ogdensburg, NY",2026,May,15511,126,27970,43607,15954.0,0.0,0.0,15954.0,2026-05-01
730630,India,"San Francisco, CA",2026,May,11177,1,22354,33532,34890.0,0.0,0.0,34890.0,2026-05-01
730630,India,"San Juan, PR",2026,May,5395,1,10790,16186,16620.0,0.0,0.0,16620.0,2026-05-01
730630,India,"Savannah, GA",2026,May,142266,34862,284525,461653,348853.0,0.0,0.0,348853.0,2026-05-01
730630,India,"Seattle, WA",2026,May,85349,30300,170695,286344,133852.0,0.0,0.0,133852.0,2026-05-01
730630,India,"St. Louis, MO",2026,May,615484,135000,1230942,1981426,1130155.0,0.0,0.0,1130155.0,2026-05-01
730630,India,"Chicago, IL",2026,June,1446249,583352,2892318,4921919,2275063.0,0.0,0.0,2275063.0,2026-06-01
730630,India,"Cleveland, OH",2026,June,16885,7465,33769,58119,23056.0,0.0,0.0,23056.0,2026-06-01
730630,India,"Columbia-Snake, OR",2026,June,22996,11321,45990,80307,44640.0,0.0,0.0,44640.0,2026-06-01
730630,India,"Detroit, MI",2026,June,16390,3278,32780,52448,20070.0,0.0,0.0,20070.0,2026-06-01
730630,India,"El Paso, TX",2026,June,14104,200,28207,42511,11116.0,0.0,0.0,11116.0,2026-06-01
730630,India,"Houston-Galveston, TX",2026,June,229035,60998,458067,748100,536597.0,0.0,0.0,536597.0,2026-06-01
730630,India,"Los Angeles, CA",2026,June,76625,15000,153246,244871,134468.0,0.0,0.0,134468.0,2026-06-01
730630,India,"New York, NY",2026,June,478031,145574,956036,1579641,645253.0,0.0,0.0,645253.0,2026-06-01
730630,India,"Norfolk, VA",2026,June,12500,1566,25000,39066,8200.0,0.0,0.0,8200.0,2026-06-01
730630,India,"Ogdensburg, NY",2026,June,6357,96,12713,19166,7252.0,0.0,0.0,7252.0,2026-06-01
730630,India,"San Francisco, CA",2026,June,30745,10986,61487,103218,56330.0,0.0,0.0,56330.0,2026-06-01
730630,India,"St. Louis, MO",2026,June,919570,195000,1839104,2953674,1651145.0,0.0,0.0,1651145.0,2026-06-01
730630,Mexico,"El Paso, TX",2022,January,0,726,304661,305387,90090.0,0.0,0.0,90090.0,2022-01-01
730630,Mexico,"Laredo, TX",2022,January,0,103975,11891233,11995208,4917319.0,0.0,0.0,4917319.0,2022-01-01
730630,Mexico,"San Diego, CA",2022,January,0,2,61858,61860,33007.0,0.0,0.0,33007.0,2022-01-01
730630,Mexico,"San Juan, PR",2022,January,0,25000,127608,152608,35761.0,0.0,0.0,35761.0,2022-01-01
730630,Mexico,"El Paso, TX",2022,February,0,235,160798,161033,59308.0,0.0,0.0,59308.0,2022-02-01
730630,Mexico,"Laredo, TX",2022,February,0,78179,13884271,13962450,6137149.0,0.0,0.0,6137149.0,2022-02-01
730630,Mexico,"San Diego, CA",2022,February,0,4,130366,130370,73533.0,0.0,0.0,73533.0,2022-02-01
730630,Mexico,"San Juan, PR",2022,February,0,25000,136579,161579,39201.0,0.0,0.0,39201.0,2022-02-01
730630,Mexico,"El Paso, TX",2022,March,0,557,179307,179864,69468.0,0.0,0.0,69468.0,2022-03-01
730630,Mexico,"Laredo, TX",2022,March,0,116255,20492234,20608489,10422603.0,0.0,0.0,10422603.0,2022-03-01
730630,Mexico,"Miami, FL",2022,March,0,5000,52676,57676,21892.0,0.0,0.0,21892.0,2022-03-01
730630,Mexico,"San Diego, CA",2022,March,0,6,86029,86035,46250.0,0.0,0.0,46250.0,2022-03-01
730630,Mexico,"San Juan, PR",2022,March,0,2510,583011,585521,219275.0,0.0,0.0,219275.0,2022-03-01
730630,Mexico,"El Paso, TX",2022,April,0,619,191064,191683,81257.0,0.0,0.0,81257.0,2022-04-01
730630,Mexico,"Laredo, TX",2022,April,0,100507,17476708,17577215,8384571.0,0.0,0.0,8384571.0,2022-04-01
730630,Mexico,"Miami, FL",2022,April,0,2500,60721,63221,166260.0,0.0,0.0,166260.0,2022-04-01
730630,Mexico,"San Diego, CA",2022,April,0,4,64582,64586,37927.0,0.0,0.0,37927.0,2022-04-01
730630,Mexico,"San Juan, PR",2022,April,0,8,448203,448211,177775.0,0.0,0.0,177775.0,2022-04-01
730630,Mexico,"El Paso, TX",2022,May,0,683,184038,184721,58205.0,0.0,0.0,58205.0,2022-05-01
730630,Mexico,"Laredo, TX",2022,May,0,104938,26138685,26243623,10963544.0,0.0,0.0,10963544.0,2022-05-01
730630,Mexico,"Nogales, AZ",2022,May,0,1,2178,2179,2135.0,0.0,0.0,2135.0,2022-05-01
730630,Mexico,"San Diego, CA",2022,May,0,4,87022,87026,46518.0,0.0,0.0,46518.0,2022-05-01
730630,Mexico,"San Juan, PR",2022,May,0,15,806469,806484,272415.0,0.0,0.0,272415.0,2022-05-01
730630,Mexico,"El Paso, TX",2022,June,0,361,190096,190457,63890.0,0.0,0.0,63890.0,2022-06-01
730630,Mexico,"Laredo, TX",2022,June,0,133458,19999027,20132485,8661137.0,0.0,0.0,8661137.0,2022-06-01
730630,Mexico,"Nogales, AZ",2022,June,0,9,2356,2365,494.0,0.0,0.0,494.0,2022-06-01
730630,Mexico,"San Diego, CA",2022,June,0,4,127842,127846,70092.0,0.0,0.0,70092.0,2022-06-01
730630,Mexico,"San Juan, PR",2022,June,0,7,209342,209349,78527.0,0.0,0.0,78527.0,2022-06-01
730630,Mexico,"Cleveland, OH",2022,July,0,320,8254,8574,8092.0,0.0,0.0,8092.0,2022-07-01
730630,Mexico,"El Paso, TX",2022,July,0,655,455969,456624,170431.0,0.0,0.0,170431.0,2022-07-01
730630,Mexico,"Laredo, TX",2022,July,0,161768,16868289,17030057,8028121.0,0.0,0.0,8028121.0,2022-07-01
730630,Mexico,"San Diego, CA",2022,July,0,1,25875,25876,14187.0,0.0,0.0,14187.0,2022-07-01
730630,Mexico,"San Juan, PR",2022,July,0,3504,420964,424468,135645.0,0.0,0.0,135645.0,2022-07-01
730630,Mexico,"Tampa, FL",2022,July,0,2500,57357,59857,16148.0,0.0,0.0,16148.0,2022-07-01
730630,Mexico,"El Paso, TX",2022,August,0,607,445034,445641,189080.0,0.0,0.0,189080.0,2022-08-01
730630,Mexico,"Laredo, TX",2022,August,0,139579,15013882,15153461,7925789.0,0.0,0.0,7925789.0,2022-08-01
730630,Mexico,"Nogales, AZ",2022,August,0,2,2276,2278,2231.0,0.0,0.0,2231.0,2022-08-01
730630,Mexico,"San Diego, CA",2022,August,0,379,210330,210709,118253.0,0.0,0.0,118253.0,2022-08-01
730630,Mexico,"San Juan, PR",2022,August,0,15008,571686,586694,191250.0,0.0,0.0,191250.0,2022-08-01
730630,Mexico,"Buffalo, NY",2022,September,0,200,2154,2354,1064.0,0.0,0.0,1064.0,2022-09-01
730630,Mexico,"El Paso, TX",2022,September,0,457,388635,389092,148733.0,0.0,0.0,148733.0,2022-09-01
730630,Mexico,"Laredo, TX",2022,September,0,192637,11301640,11494277,6246090.0,0.0,0.0,6246090.0,2022-09-01
730630,Mexico,"Miami, FL",2022,September,0,14075,147094,161169,57833.0,0.0,0.0,57833.0,2022-09-01
730630,Mexico,"San Diego, CA",2022,September,0,1630,49718,51348,41721.0,0.0,0.0,41721.0,2022-09-01
730630,Mexico,"San Juan, PR",2022,September,0,14,623178,623192,228045.0,0.0,0.0,228045.0,2022-09-01
730630,Mexico,"El Paso, TX",2022,October,0,553,296324,296877,127013.0,0.0,0.0,127013.0,2022-10-01
730630,Mexico,"Laredo, TX",2022,October,0,182663,12217909,12400572,7479990.0,0.0,0.0,7479990.0,2022-10-01
730630,Mexico,"Nogales, AZ",2022,October,0,3,4755,4758,4661.0,0.0,0.0,4661.0,2022-10-01
730630,Mexico,"San Diego, CA",2022,October,0,1355,79780,81135,60867.0,0.0,0.0,60867.0,2022-10-01
730630,Mexico,"San Juan, PR",2022,October,0,4,234290,234294,80821.0,0.0,0.0,80821.0,2022-10-01
730630,Mexico,"Detroit, MI",2022,November,0,3687,34480,38167,8731.0,0.0,0.0,8731.0,2022-11-01
730630,Mexico,"El Paso, TX",2022,November,0,334,53123,53457,47184.0,0.0,0.0,47184.0,2022-11-01
730630,Mexico,"Laredo, TX",2022,November,0,88568,11078810,11167378,6065877.0,0.0,0.0,6065877.0,2022-11-01
730630,Mexico,"San Diego, CA",2022,November,0,2232,97139,99371,61071.0,0.0,0.0,61071.0,2022-11-01
730630,Mexico,"San Juan, PR",2022,November,0,5,240385,240390,86500.0,0.0,0.0,86500.0,2022-11-01
730630,Mexico,"Detroit, MI",2022,December,0,504,3755,4259,913.0,0.0,0.0,913.0,2022-12-01
730630,Mexico,"El Paso, TX",2022,December,0,3,158486,158489,37249.0,0.0,0.0,37249.0,2022-12-01
730630,Mexico,"Laredo, TX",2022,December,0,118918,11605115,11724033,7202799.0,0.0,0.0,7202799.0,2022-12-01
730630,Mexico,"San Diego, CA",2022,December,0,109,32127,32236,16150.0,0.0,0.0,16150.0,2022-12-01
730630,Mexico,"Detroit, MI",2023,January,0,10000,136770,146770,36343.0,0.0,0.0,36343.0,2023-01-01
730630,Mexico,"El Paso, TX",2023,January,0,8,71543,71551,21028.0,0.0,0.0,21028.0,2023-01-01
730630,Mexico,"Laredo, TX",2023,January,0,113897,11883985,11997882,6898347.0,0.0,0.0,6898347.0,2023-01-01
730630,Mexico,"Nogales, AZ",2023,January,0,9,6430,6439,1281.0,0.0,0.0,1281.0,2023-01-01
730630,Mexico,"San Diego, CA",2023,January,0,1613,79191,80804,57235.0,0.0,0.0,57235.0,2023-01-01
730630,Mexico,"San Juan, PR",2023,January,0,2,134382,134384,44000.0,0.0,0.0,44000.0,2023-01-01
730630,Mexico,"Detroit, MI",2023,February,0,6843,64492,71335,16305.0,0.0,0.0,16305.0,2023-02-01
730630,Mexico,"El Paso, TX",2023,February,0,4,171663,171667,43182.0,0.0,0.0,43182.0,2023-02-01
730630,Mexico,"Laredo, TX",2023,February,0,114093,11476215,11590308,6278361.0,0.0,0.0,6278361.0,2023-02-01
730630,Mexico,"Nogales, AZ",2023,February,0,44,11486,11530,4879.0,0.0,0.0,4879.0,2023-02-01
730630,Mexico,"San Diego, CA",2023,February,0,5382,203524,208906,161115.0,0.0,0.0,161115.0,2023-02-01
730630,Mexico,"Detroit, MI",2023,March,0,5596,102883,108479,27302.0,0.0,0.0,27302.0,2023-03-01
730630,Mexico,"El Paso, TX",2023,March,0,1,72468,72469,9858.0,0.0,0.0,9858.0,2023-03-01
730630,Mexico,"Laredo, TX",2023,March,0,144219,14262224,14406443,7683674.0,0.0,0.0,7683674.0,2023-03-01
730630,Mexico,"San Diego, CA",2023,March,0,3056,141195,144251,99093.0,0.0,0.0,99093.0,2023-03-01
730630,Mexico,"San Juan, PR",2023,March,0,1325,780438,781763,257442.0,0.0,0.0,257442.0,2023-03-01
730630,Mexico,"Detroit, MI",2023,April,0,4927,69106,74033,18770.0,0.0,0.0,18770.0,2023-04-01
730630,Mexico,"El Paso, TX",2023,April,0,2,119346,119348,39109.0,0.0,0.0,39109.0,2023-04-01
730630,Mexico,"Laredo, TX",2023,April,0,103870,11490741,11594611,5670593.0,0.0,0.0,5670593.0,2023-04-01
730630,Mexico,"Miami, FL",2023,April,0,11755,617686,629441,118969.0,0.0,0.0,118969.0,2023-04-01
730630,Mexico,"Nogales, AZ",2023,April,0,10,2930,2940,2123.0,0.0,0.0,2123.0,2023-04-01
730630,Mexico,"San Diego, CA",2023,April,0,2940,118223,121163,75340.0,0.0,0.0,75340.0,2023-04-01
730630,Mexico,"San Juan, PR",2023,April,0,6,213722,213728,79120.0,0.0,0.0,79120.0,2023-04-01
730630,Mexico,"Detroit, MI",2023,May,0,4927,85076,90003,24786.0,0.0,0.0,24786.0,2023-05-01
730630,Mexico,"El Paso, TX",2023,May,0,8653,226051,234704,54179.0,0.0,0.0,54179.0,2023-05-01
730630,Mexico,"Laredo, TX",2023,May,0,92652,13335234,13427886,6071855.0,0.0,0.0,6071855.0,2023-05-01
730630,Mexico,"Miami, FL",2023,May,0,3424,269460,272884,49159.0,0.0,0.0,49159.0,2023-05-01
730630,Mexico,"San Diego, CA",2023,May,0,281,111526,111807,69517.0,0.0,0.0,69517.0,2023-05-01
730630,Mexico,"San Juan, PR",2023,May,0,8,333193,333201,129180.0,0.0,0.0,129180.0,2023-05-01
730630,Mexico,"Detroit, MI",2023,June,0,4509,122327,126836,36360.0,0.0,0.0,36360.0,2023-06-01
730630,Mexico,"El Paso, TX",2023,June,0,305,192353,192658,58678.0,0.0,0.0,58678.0,2023-06-01
730630,Mexico,"Laredo, TX",2023,June,0,172391,17335571,17507962,8379332.0,0.0,0.0,8379332.0,2023-06-01
730630,Mexico,"Nogales, AZ",2023,June,0,3,2991,2994,2932.0,0.0,0.0,2932.0,2023-06-01
730630,Mexico,"San Diego, CA",2023,June,0,1680,215649,217329,117633.0,0.0,0.0,117633.0,2023-06-01
730630,Mexico,"Detroit, MI",2023,July,0,2009,67979,69988,16489.0,0.0,0.0,16489.0,2023-07-01
730630,Mexico,"Laredo, TX",2023,July,0,122812,22885271,23008083,10431752.0,0.0,0.0,10431752.0,2023-07-01
730630,Mexico,"San Diego, CA",2023,July,0,6752,364487,371239,234466.0,0.0,0.0,234466.0,2023-07-01
730630,Mexico,"Detroit, MI",2023,August,0,3800,83640,87440,25265.0,0.0,0.0,25265.0,2023-08-01
730630,Mexico,"El Paso, TX",2023,August,0,2,82308,82310,22266.0,0.0,0.0,22266.0,2023-08-01
730630,Mexico,"Laredo, TX",2023,August,0,151866,26017249,26169115,12287047.0,0.0,0.0,12287047.0,2023-08-01
730630,Mexico,"Nogales, AZ",2023,August,0,3,5178,5181,5076.0,0.0,0.0,5076.0,2023-08-01
730630,Mexico,"San Diego, CA",2023,August,0,2364,136592,138956,83177.0,0.0,0.0,83177.0,2023-08-01
730630,Mexico,"Savannah, GA",2023,August,0,3700,2335,6035,711.0,0.0,0.0,711.0,2023-08-01
730630,Mexico,"Detroit, MI",2023,September,0,3222,117475,120697,34773.0,0.0,0.0,34773.0,2023-09-01
730630,Mexico,"El Paso, TX",2023,September,0,138,141982,142120,42970.0,0.0,0.0,42970.0,2023-09-01
730630,Mexico,"Laredo, TX",2023,September,0,155516,21555017,21710533,10143028.0,0.0,0.0,10143028.0,2023-09-01
730630,Mexico,"San Diego, CA",2023,September,0,2524,204656,207180,138236.0,0.0,0.0,138236.0,2023-09-01
730630,Mexico,"San Juan, PR",2023,September,0,11,226807,226818,86364.0,0.0,0.0,86364.0,2023-09-01
730630,Mexico,"Detroit, MI",2023,October,0,3800,84933,88733,25768.0,0.0,0.0,25768.0,2023-10-01
730630,Mexico,"El Paso, TX",2023,October,0,1,21698,21699,6363.0,0.0,0.0,6363.0,2023-10-01
730630,Mexico,"Laredo, TX",2023,October,0,125509,27414707,27540216,12978511.0,0.0,0.0,12978511.0,2023-10-01
730630,Mexico,"Nogales, AZ",2023,October,0,4,37356,37360,22222.0,0.0,0.0,22222.0,2023-10-01
730630,Mexico,"San Diego, CA",2023,October,0,1161,227050,228211,148098.0,0.0,0.0,148098.0,2023-10-01
730630,Mexico,"San Juan, PR",2023,October,0,5009,518042,523051,187696.0,0.0,0.0,187696.0,2023-10-01
730630,Mexico,"Detroit, MI",2023,November,0,3533,89638,93171,28187.0,0.0,0.0,28187.0,2023-11-01
730630,Mexico,"El Paso, TX",2023,November,0,98,187970,188068,49163.0,0.0,0.0,49163.0,2023-11-01
730630,Mexico,"Laredo, TX",2023,November,0,125460,26718998,26844458,12308255.0,0.0,0.0,12308255.0,2023-11-01
730630,Mexico,"New Orleans, LA",2023,November,0,650,4740,5390,3030.0,0.0,0.0,3030.0,2023-11-01
730630,Mexico,"Nogales, AZ",2023,November,0,1,4234,4235,425.0,0.0,0.0,425.0,2023-11-01
730630,Mexico,"San Diego, CA",2023,November,0,3793,247561,251354,175376.0,0.0,0.0,175376.0,2023-11-01
730630,Mexico,"Detroit, MI",2023,December,0,1801,70054,71855,20622.0,0.0,0.0,20622.0,2023-12-01
730630,Mexico,"El Paso, TX",2023,December,0,62,119639,119701,15328.0,0.0,0.0,15328.0,2023-12-01
730630,Mexico,"Laredo, TX",2023,December,0,138412,23371186,23509598,10630416.0,0.0,0.0,10630416.0,2023-12-01
730630,Mexico,"Nogales, AZ",2023,December,0,11,40281,40292,23003.0,0.0,0.0,23003.0,2023-12-01
730630,Mexico,"San Diego, CA",2023,December,0,1587,183914,185501,124124.0,0.0,0.0,124124.0,2023-12-01
730630,Mexico,"San Juan, PR",2023,December,0,7,340197,340204,118471.0,0.0,0.0,118471.0,2023-12-01
730630,Mexico,"Detroit, MI",2024,January,0,5650,150145,155795,47080.0,0.0,0.0,47080.0,2024-01-01
730630,Mexico,"El Paso, TX",2024,January,0,215,371562,371777,61923.0,0.0,0.0,61923.0,2024-01-01
730630,Mexico,"Laredo, TX",2024,January,0,119182,25282404,25401586,10816708.0,0.0,0.0,10816708.0,2024-01-01
730630,Mexico,"Nogales, AZ",2024,January,0,4,39374,39378,29086.0,0.0,0.0,29086.0,2024-01-01
730630,Mexico,"San Diego, CA",2024,January,0,3050,184321,187371,118206.0,0.0,0.0,118206.0,2024-01-01
730630,Mexico,"San Juan, PR",2024,January,0,2510,407625,410135,131336.0,0.0,0.0,131336.0,2024-01-01
730630,Mexico,"Detroit, MI",2024,February,0,3199,92105,95304,25161.0,0.0,0.0,25161.0,2024-02-01
730630,Mexico,"El Paso, TX",2024,February,0,381,311222,311603,66971.0,0.0,0.0,66971.0,2024-02-01
730630,Mexico,"Laredo, TX",2024,February,0,127876,27383913,27511789,10956592.0,0.0,0.0,10956592.0,2024-02-01
730630,Mexico,"Nogales, AZ",2024,February,0,57,33388,33445,27684.0,0.0,0.0,27684.0,2024-02-01
730630,Mexico,"San Diego, CA",2024,February,0,2711,242153,244864,165441.0,0.0,0.0,165441.0,2024-02-01
730630,Mexico,"San Juan, PR",2024,February,0,6800,117488,124288,36780.0,0.0,0.0,36780.0,2024-02-01
730630,Mexico,"Detroit, MI",2024,March,0,3197,123783,126980,33421.0,0.0,0.0,33421.0,2024-03-01
730630,Mexico,"El Paso, TX",2024,March,0,337,283152,283489,54515.0,0.0,0.0,54515.0,2024-03-01
730630,Mexico,"Laredo, TX",2024,March,0,102993,27763942,27866935,11859051.0,0.0,0.0,11859051.0,2024-03-01
730630,Mexico,"Nogales, AZ",2024,March,0,62,40295,40357,29338.0,0.0,0.0,29338.0,2024-03-01
730630,Mexico,"San Diego, CA",2024,March,0,3126,203026,206152,159293.0,0.0,0.0,159293.0,2024-03-01
730630,Mexico,"San Juan, PR",2024,March,0,8,315274,315282,118273.0,0.0,0.0,118273.0,2024-03-01
730630,Mexico,"Detroit, MI",2024,April,0,3201,138412,141613,33954.0,0.0,0.0,33954.0,2024-04-01
730630,Mexico,"El Paso, TX",2024,April,0,391,261081,261472,61946.0,0.0,0.0,61946.0,2024-04-01
730630,Mexico,"Laredo, TX",2024,April,0,156581,29891916,30048497,13786566.0,0.0,0.0,13786566.0,2024-04-01
730630,Mexico,"Nogales, AZ",2024,April,0,312,108773,109085,69646.0,0.0,0.0,69646.0,2024-04-01
730630,Mexico,"San Diego, CA",2024,April,0,3711,243719,247430,179775.0,0.0,0.0,179775.0,2024-04-01
730630,Mexico,"San Juan, PR",2024,April,0,2410,390250,392660,147569.0,0.0,0.0,147569.0,2024-04-01
730630,Mexico,"Detroit, MI",2024,May,0,4003,148822,152825,36730.0,0.0,0.0,36730.0,2024-05-01
730630,Mexico,"El Paso, TX",2024,May,0,152,231544,231696,39675.0,0.0,0.0,39675.0,2024-05-01
730630,Mexico,"Laredo, TX",2024,May,0,140008,32474574,32614582,14081845.0,0.0,0.0,14081845.0,2024-05-01
730630,Mexico,"Nogales, AZ",2024,May,0,262,224872,225134,158181.0,0.0,0.0,158181.0,2024-05-01
730630,Mexico,"San Diego, CA",2024,May,0,9787,335559,345346,264632.0,0.0,0.0,264632.0,2024-05-01
730630,Mexico,"San Juan, PR",2024,May,0,4202,124353,128555,44089.0,0.0,0.0,44089.0,2024-05-01
730630,Mexico,"Buffalo, NY",2024,June,0,89,3722,3811,1391.0,0.0,0.0,1391.0,2024-06-01
730630,Mexico,"Detroit, MI",2024,June,0,3245,61416,64661,15442.0,0.0,0.0,15442.0,2024-06-01
730630,Mexico,"El Paso, TX",2024,June,0,5,199241,199246,48343.0,0.0,0.0,48343.0,2024-06-01
730630,Mexico,"Laredo, TX",2024,June,0,143022,29029652,29172674,12220063.0,0.0,0.0,12220063.0,2024-06-01
730630,Mexico,"Nogales, AZ",2024,June,0,213,189617,189830,134115.0,0.0,0.0,134115.0,2024-06-01
730630,Mexico,"San Diego, CA",2024,June,0,3855,165183,169038,124721.0,0.0,0.0,124721.0,2024-06-01
730630,Mexico,"San Juan, PR",2024,June,0,6813,490273,497086,176292.0,0.0,0.0,176292.0,2024-06-01
730630,Mexico,"Cleveland, OH",2024,July,0,145,6902,7047,2783.0,0.0,0.0,2783.0,2024-07-01
730630,Mexico,"Detroit, MI",2024,July,0,4900,101698,106598,27040.0,0.0,0.0,27040.0,2024-07-01
730630,Mexico,"El Paso, TX",2024,July,0,1,61057,61058,20522.0,0.0,0.0,20522.0,2024-07-01
730630,Mexico,"Laredo, TX",2024,July,36785,119542,30550973,30707300,12818509.0,0.0,0.0,12818509.0,2024-07-01
730630,Mexico,"Nogales, AZ",2024,July,0,224,184656,184880,133179.0,0.0,0.0,133179.0,2024-07-01
730630,Mexico,"San Diego, CA",2024,July,0,314,109130,109444,45407.0,0.0,0.0,45407.0,2024-07-01
730630,Mexico,"San Juan, PR",2024,July,0,12,402812,402824,131874.0,0.0,0.0,131874.0,2024-07-01
730630,Mexico,"Detroit, MI",2024,August,0,999,82144,83143,36988.0,0.0,0.0,36988.0,2024-08-01
730630,Mexico,"El Paso, TX",2024,August,0,47,5939,5986,4540.0,0.0,0.0,4540.0,2024-08-01
730630,Mexico,"Laredo, TX",2024,August,92110,155667,31179450,31427227,14400176.0,0.0,0.0,14400176.0,2024-08-01
730630,Mexico,"Nogales, AZ",2024,August,0,275,355466,355741,271736.0,0.0,0.0,271736.0,2024-08-01
730630,Mexico,"San Diego, CA",2024,August,0,3968,154300,158268,99178.0,0.0,0.0,99178.0,2024-08-01
730630,Mexico,"San Juan, PR",2024,August,0,9,255309,255318,94097.0,0.0,0.0,94097.0,2024-08-01
730630,Mexico,"Cleveland, OH",2024,September,0,329,25402,25731,10585.0,0.0,0.0,10585.0,2024-09-01
730630,Mexico,"Detroit, MI",2024,September,0,10000,71377,81377,19116.0,0.0,0.0,19116.0,2024-09-01
730630,Mexico,"El Paso, TX",2024,September,0,314,268414,268728,63471.0,0.0,0.0,63471.0,2024-09-01
730630,Mexico,"Laredo, TX",2024,September,51958,134912,22704680,22891550,11033315.0,0.0,0.0,11033315.0,2024-09-01
730630,Mexico,"Nogales, AZ",2024,September,0,334,245654,245988,198556.0,0.0,0.0,198556.0,2024-09-01
730630,Mexico,"San Diego, CA",2024,September,0,4925,171848,176773,139389.0,0.0,0.0,139389.0,2024-09-01
730630,Mexico,"San Juan, PR",2024,September,0,17425,767798,785223,315513.0,0.0,0.0,315513.0,2024-09-01
730630,Mexico,"Detroit, MI",2024,October,0,12498,120792,133290,65929.0,0.0,0.0,65929.0,2024-10-01
730630,Mexico,"El Paso, TX",2024,October,0,382,287745,288127,77987.0,0.0,0.0,77987.0,2024-10-01
730630,Mexico,"Laredo, TX",2024,October,46018,172605,24483055,24701678,12252993.0,0.0,0.0,12252993.0,2024-10-01
730630,Mexico,"Nogales, AZ",2024,October,0,258,351058,351316,296378.0,0.0,0.0,296378.0,2024-10-01
730630,Mexico,"San Diego, CA",2024,October,0,3136,107279,110415,94659.0,0.0,0.0,94659.0,2024-10-01
730630,Mexico,"San Juan, PR",2024,October,0,15,374340,374355,150996.0,0.0,0.0,150996.0,2024-10-01
730630,Mexico,"Detroit, MI",2024,November,0,7500,89177,96677,24603.0,0.0,0.0,24603.0,2024-11-01
730630,Mexico,"El Paso, TX",2024,November,0,260,98868,99128,36595.0,0.0,0.0,36595.0,2024-11-01
730630,Mexico,"Laredo, TX",2024,November,86830,165855,19790979,20043664,10437340.0,0.0,0.0,10437340.0,2024-11-01
730630,Mexico,"San Diego, CA",2024,November,0,3210,175036,178246,108909.0,0.0,0.0,108909.0,2024-11-01
730630,Mexico,"San Juan, PR",2024,November,0,8202,215670,223872,98825.0,0.0,0.0,98825.0,2024-11-01
730630,Mexico,"Detroit, MI",2024,December,13951,5249,55798,74998,24173.0,0.0,0.0,24173.0,2024-12-01
730630,Mexico,"Laredo, TX",2024,December,272954,130948,27315469,27719371,12858309.0,0.0,0.0,12858309.0,2024-12-01
730630,Mexico,"San Diego, CA",2024,December,0,987,140788,141775,73832.0,0.0,0.0,73832.0,2024-12-01
730630,Mexico,"Detroit, MI",2025,January,27305,9975,109213,146493,31099.0,0.0,0.0,31099.0,2025-01-01
730630,Mexico,"El Paso, TX",2025,January,0,81,26458,26539,7841.0,0.0,0.0,7841.0,2025-01-01
730630,Mexico,"Laredo, TX",2025,January,257707,149325,29907949,30314981,14799688.0,0.0,0.0,14799688.0,2025-01-01
730630,Mexico,"San Diego, CA",2025,January,0,4950,180662,185612,149320.0,0.0,0.0,149320.0,2025-01-01
730630,Mexico,"San Juan, PR",2025,January,0,3,119756,119759,37589.0,0.0,0.0,37589.0,2025-01-01
730630,Mexico,"Detroit, MI",2025,February,23694,9764,94763,128221,26828.0,0.0,0.0,26828.0,2025-02-01
730630,Mexico,"El Paso, TX",2025,February,0,32,159620,159652,58971.0,0.0,0.0,58971.0,2025-02-01
730630,Mexico,"Laredo, TX",2025,February,260963,258241,25222519,25741723,14223451.0,0.0,0.0,14223451.0,2025-02-01
730630,Mexico,"San Diego, CA",2025,February,0,7432,273074,280506,227573.0,0.0,0.0,227573.0,2025-02-01
730630,Mexico,"San Juan, PR",2025,February,0,8,283298,283306,115114.0,0.0,0.0,115114.0,2025-02-01
730630,Mexico,"Detroit, MI",2025,March,28919,6242,75705,110866,43819.0,0.0,0.0,43819.0,2025-03-01
730630,Mexico,"El Paso, TX",2025,March,0,2799,75647,78446,23418.0,0.0,0.0,23418.0,2025-03-01
730630,Mexico,"Laredo, TX",2025,March,264427,229864,15935666,16429957,8587642.0,0.0,0.0,8587642.0,2025-03-01
730630,Mexico,"San Diego, CA",2025,March,0,7436,278620,286056,245949.0,0.0,0.0,245949.0,2025-03-01
730630,Mexico,"Detroit, MI",2025,April,22821,18175,45637,86633,14707.0,0.0,0.0,14707.0,2025-04-01
730630,Mexico,"El Paso, TX",2025,April,11734,837,46935,59506,8947.0,0.0,0.0,8947.0,2025-04-01
730630,Mexico,"Laredo, TX",2025,April,2997068,256469,14612142,17865679,9188702.0,0.0,0.0,9188702.0,2025-04-01
730630,Mexico,"San Diego, CA",2025,April,24534,1301,98131,123966,55292.0,0.0,0.0,55292.0,2025-04-01
730630,Mexico,"Detroit, MI",2025,May,37692,11395,107996,157083,60448.0,0.0,0.0,60448.0,2025-05-01
730630,Mexico,"El Paso, TX",2025,May,22509,22186,90032,134727,33332.0,0.0,0.0,33332.0,2025-05-01
730630,Mexico,"Laredo, TX",2025,May,3376276,400042,15609418,19385736,8895205.0,0.0,0.0,8895205.0,2025-05-01
730630,Mexico,"San Diego, CA",2025,May,13439,1095,82437,96971,42577.0,0.0,0.0,42577.0,2025-05-01
730630,Mexico,"San Juan, PR",2025,May,14192,4,56760,70956,73098.0,0.0,0.0,73098.0,2025-05-01
730630,Mexico,"Detroit, MI",2025,June,78408,5183,122809,206400,132062.0,0.0,0.0,132062.0,2025-06-01
730630,Mexico,"El Paso, TX",2025,June,42499,7251,122147,171897,47471.0,0.0,0.0,47471.0,2025-06-01
730630,Mexico,"Laredo, TX",2025,June,4484503,185563,10894203,15564269,6080797.0,0.0,0.0,6080797.0,2025-06-01
730630,Mexico,"San Diego, CA",2025,June,29303,677,61940,91920,42429.0,0.0,0.0,42429.0,2025-06-01
730630,Mexico,"San Juan, PR",2025,June,265297,14,530592,795903,220612.0,0.0,0.0,220612.0,2025-06-01
730630,Mexico,"Detroit, MI",2025,July,56993,67710,94966,219669,27252.0,0.0,0.0,27252.0,2025-07-01
730630,Mexico,"El Paso, TX",2025,July,37150,30,74300,111480,29190.0,0.0,0.0,29190.0,2025-07-01
730630,Mexico,"Laredo, TX",2025,July,7155701,408327,15808354,23372382,9310485.0,0.0,0.0,9310485.0,2025-07-01
730630,Mexico,"Nogales, AZ",2025,July,1243,3,2485,3731,2337.0,0.0,0.0,2337.0,2025-07-01
730630,Mexico,"San Diego, CA",2025,July,36073,963,72139,109175,34463.0,0.0,0.0,34463.0,2025-07-01
730630,Mexico,"San Juan, PR",2025,July,329251,21,658497,987769,373608.0,0.0,0.0,373608.0,2025-07-01
730630,Mexico,"Detroit, MI",2025,August,53128,7352,93968,154448,54870.0,0.0,0.0,54870.0,2025-08-01
730630,Mexico,"Laredo, TX",2025,August,6414490,427835,14147881,20990206,8497674.0,0.0,0.0,8497674.0,2025-08-01
730630,Mexico,"Nogales, AZ",2025,August,0,83,2211,2294,2089.0,0.0,0.0,2089.0,2025-08-01
730630,Mexico,"San Diego, CA",2025,August,45389,3206,90774,139369,84888.0,0.0,0.0,84888.0,2025-08-01
730630,Mexico,"San Juan, PR",2025,August,234471,18112,468937,721520,156984.0,0.0,0.0,156984.0,2025-08-01
730630,Mexico,"Detroit, MI",2025,September,56371,72011,112737,241119,45714.0,0.0,0.0,45714.0,2025-09-01
730630,Mexico,"El Paso, TX",2025,September,29760,8001,127228,164989,46955.0,0.0,0.0,46955.0,2025-09-01
730630,Mexico,"Laredo, TX",2025,September,5940047,438279,13356860,19735186,8680265.0,0.0,0.0,8680265.0,2025-09-01
730630,Mexico,"San Diego, CA",2025,September,91493,5090,192386,288969,168948.0,0.0,0.0,168948.0,2025-09-01
730630,Mexico,"San Juan, PR",2025,September,283058,12663,566108,861829,186457.0,0.0,0.0,186457.0,2025-09-01
730630,Mexico,"Detroit, MI",2025,October,54911,100344,109816,265071,66918.0,0.0,0.0,66918.0,2025-10-01
730630,Mexico,"El Paso, TX",2025,October,43310,32,160919,204261,54097.0,0.0,0.0,54097.0,2025-10-01
730630,Mexico,"Laredo, TX",2025,October,7282020,533181,16469909,24285110,10591500.0,0.0,0.0,10591500.0,2025-10-01
730630,Mexico,"San Diego, CA",2025,October,27300,1350,54596,83246,38796.0,0.0,0.0,38796.0,2025-10-01
730630,Mexico,"San Juan, PR",2025,October,62538,18688,193574,274800,54622.0,0.0,0.0,54622.0,2025-10-01
730630,Mexico,"Detroit, MI",2025,November,49524,5152,99045,153721,28360.0,0.0,0.0,28360.0,2025-11-01
730630,Mexico,"El Paso, TX",2025,November,16091,1,32182,48274,9124.0,0.0,0.0,9124.0,2025-11-01
730630,Mexico,"Laredo, TX",2025,November,6004226,287871,14091237,20383334,8841862.0,0.0,0.0,8841862.0,2025-11-01
730630,Mexico,"San Diego, CA",2025,November,65776,4360,131548,201684,132972.0,0.0,0.0,132972.0,2025-11-01
730630,Mexico,"Detroit, MI",2025,December,30002,1901,46515,78418,20335.0,0.0,0.0,20335.0,2025-12-01
730630,Mexico,"Laredo, TX",2025,December,6085909,316934,14065291,20468134,8931082.0,0.0,0.0,8931082.0,2025-12-01
730630,Mexico,"New Orleans, LA",2025,December,2093,650,4185,6928,544.0,0.0,0.0,544.0,2025-12-01
730630,Mexico,"San Diego, CA",2025,December,70605,4665,141202,216472,139854.0,0.0,0.0,139854.0,2025-12-01
730630,Mexico,"San Juan, PR",2025,December,0,9024,72523,81547,75185.0,0.0,0.0,75185.0,2025-12-01
730630,Mexico,"Detroit, MI",2026,January,47416,7151,94824,149391,38501.0,0.0,0.0,38501.0,2026-01-01
730630,Mexico,"El Paso, TX",2026,January,60296,4,120589,180889,38351.0,0.0,0.0,38351.0,2026-01-01
730630,Mexico,"Laredo, TX",2026,January,6308062,401709,15337982,22047753,10001375.0,0.0,0.0,10001375.0,2026-01-01
730630,Mexico,"San Diego, CA",2026,January,48495,2029,96982,147506,59669.0,0.0,0.0,59669.0,2026-01-01
730630,Mexico,"San Juan, PR",2026,January,0,6502,64871,71373,18201.0,0.0,0.0,18201.0,2026-01-01
730630,Mexico,"Detroit, MI",2026,February,52264,5899,104521,162684,41564.0,0.0,0.0,41564.0,2026-02-01
730630,Mexico,"Laredo, TX",2026,February,6640645,422464,14548063,21611172,9254562.0,0.0,0.0,9254562.0,2026-02-01
730630,Mexico,"San Diego, CA",2026,February,27501,512,54996,83009,21764.0,0.0,0.0,21764.0,2026-02-01
730630,Mexico,"San Juan, PR",2026,February,118102,8,236202,354312,74465.0,0.0,0.0,74465.0,2026-02-01
730630,Mexico,"Detroit, MI",2026,March,47530,6102,95053,148685,54469.0,0.0,0.0,54469.0,2026-03-01
730630,Mexico,"Laredo, TX",2026,March,7902130,475558,19612855,27990543,13005052.0,0.0,0.0,13005052.0,2026-03-01
730630,Mexico,"New Orleans, LA",2026,March,0,650,48688,49338,4730.0,0.0,0.0,4730.0,2026-03-01
730630,Mexico,"San Diego, CA",2026,March,73317,2590,146617,222524,81106.0,0.0,0.0,81106.0,2026-03-01
730630,Mexico,"Cleveland, OH",2026,April,1560,3997,5362,10919,3194.0,0.0,0.0,3194.0,2026-04-01
730630,Mexico,"Detroit, MI",2026,April,54013,5550,108020,167583,50905.0,0.0,0.0,50905.0,2026-04-01
730630,Mexico,"El Paso, TX",2026,April,53903,3,107805,161711,47863.0,0.0,0.0,47863.0,2026-04-01
730630,Mexico,"Laredo, TX",2026,April,8714043,583475,20461862,29759380,12921223.0,0.0,0.0,12921223.0,2026-04-01
730630,Mexico,"San Diego, CA",2026,April,28742,1301,57479,87522,38520.0,0.0,0.0,38520.0,2026-04-01
730630,Mexico,"San Juan, PR",2026,April,84005,5,168010,252020,67473.0,0.0,0.0,67473.0,2026-04-01
730630,Mexico,"Detroit, MI",2026,May,52935,6098,105864,164897,36368.0,0.0,0.0,36368.0,2026-05-01
730630,Mexico,"El Paso, TX",2026,May,5708,45,21021,26774,5849.0,0.0,0.0,5849.0,2026-05-01
730630,Mexico,"Laredo, TX",2026,May,7214249,367572,16826914,24408735,10409806.0,0.0,0.0,10409806.0,2026-05-01
730630,Mexico,"San Diego, CA",2026,May,70665,2483,141313,214461,106974.0,0.0,0.0,106974.0,2026-05-01
730630,Mexico,"San Juan, PR",2026,May,103676,6,207351,311033,76035.0,0.0,0.0,76035.0,2026-05-01
730630,Mexico,"Cleveland, OH",2026,June,1004,550,2008,3562,314.0,0.0,0.0,314.0,2026-06-01
730630,Mexico,"Detroit, MI",2026,June,32490,2851,64977,100318,24698.0,0.0,0.0,24698.0,2026-06-01
730630,Mexico,"El Paso, TX",2026,June,24012,264,66706,90982,24072.0,0.0,0.0,24072.0,2026-06-01
730630,Mexico,"Laredo, TX",2026,June,7586793,374321,15862528,23823642,9067175.0,0.0,0.0,9067175.0,2026-06-01
730630,Mexico,"Nogales, AZ",2026,June,2556,3,5112,7671,5736.0,0.0,0.0,5736.0,2026-06-01
730630,Mexico,"San Diego, CA",2026,June,32961,1623,65919,100503,46047.0,0.0,0.0,46047.0,2026-06-01
730630,Mexico,"San Juan, PR",2026,June,62006,2,124011,186019,37620.0,0.0,0.0,37620.0,2026-06-01
848210,Brazil,"Chicago, IL",2022,January,5622,9498,62448,77568,0.0,37360.0,3670.0,3670.0,2022-01-01
848210,Brazil,"Cleveland, OH",2022,January,11531,41378,128148,181057,0.0,72990.0,10720.0,10720.0,2022-01-01
848210,Brazil,"Detroit, MI",2022,January,186,328,2066,2580,0.0,192.0,57.0,57.0,2022-01-01
848210,Brazil,"Miami, FL",2022,January,458,67,5085,5610,0.0,5.0,1.0,1.0,2022-01-01
848210,Brazil,"New York, NY",2022,January,8578,11707,95341,115626,0.0,26720.0,5153.0,5153.0,2022-01-01
848210,Brazil,"Norfolk, VA",2022,January,235,26,2610,2871,0.0,297.0,59.0,59.0,2022-01-01
848210,Brazil,"Chicago, IL",2022,February,4055,7169,45060,56284,0.0,27279.0,3053.0,3053.0,2022-02-01
848210,Brazil,"Cleveland, OH",2022,February,7159,1500,79540,88199,0.0,64770.0,5014.0,5014.0,2022-02-01
848210,Brazil,"Detroit, MI",2022,February,128,14,5350,5492,0.0,4.0,1.0,1.0,2022-02-01
848210,Brazil,"Los Angeles, CA",2022,February,305,250,3384,3939,0.0,2150.0,234.0,234.0,2022-02-01
848210,Brazil,"New Orleans, LA",2022,February,1065,1321,14356,16742,0.0,32.0,39.0,39.0,2022-02-01
848210,Brazil,"New York, NY",2022,February,15544,7041,172695,195280,0.0,82480.0,12557.0,12557.0,2022-02-01
848210,Brazil,"Savannah, GA",2022,February,596,66,6617,7279,0.0,600.0,648.0,648.0,2022-02-01
848210,Brazil,"Chicago, IL",2022,March,5272,8329,58579,72180,0.0,32413.0,3050.0,3050.0,2022-03-01
848210,Brazil,"Cleveland, OH",2022,March,6349,1250,70545,78144,0.0,33390.0,6536.0,6536.0,2022-03-01
848210,Brazil,"Detroit, MI",2022,March,192,428,2131,2751,0.0,320.0,94.0,94.0,2022-03-01
848210,Brazil,"Los Angeles, CA",2022,March,542,450,6017,7009,0.0,4155.0,597.0,597.0,2022-03-01
848210,Brazil,"New York, NY",2022,March,600,1966,6663,9229,0.0,1315.0,310.0,310.0,2022-03-01
848210,Brazil,"Savannah, GA",2022,March,6546,15207,72742,94495,0.0,21444.0,4107.0,4107.0,2022-03-01
848210,Brazil,"Charleston, SC",2022,April,2840,88,31542,34470,0.0,9025.0,2544.0,2544.0,2022-04-01
848210,Brazil,"Chicago, IL",2022,April,4338,5681,48217,58236,0.0,37085.0,4323.0,4323.0,2022-04-01
848210,Brazil,"Cleveland, OH",2022,April,3364,750,37380,41494,0.0,22265.0,3347.0,3347.0,2022-04-01
848210,Brazil,"New Orleans, LA",2022,April,2312,600,25694,28606,0.0,1.0,37.0,37.0,2022-04-01
848210,Brazil,"New York, NY",2022,April,3937,2680,43716,50333,0.0,6930.0,2092.0,2092.0,2022-04-01
848210,Brazil,"Savannah, GA",2022,April,1274,1000,14157,16431,0.0,3132.0,1470.0,1470.0,2022-04-01
848210,Brazil,"Charleston, SC",2022,May,8510,626,94530,103666,0.0,17582.0,6542.0,6542.0,2022-05-01
848210,Brazil,"Chicago, IL",2022,May,4642,4158,51583,60383,0.0,19568.0,2996.0,2996.0,2022-05-01
848210,Brazil,"Cleveland, OH",2022,May,388,223,4307,4918,0.0,1215.0,419.0,419.0,2022-05-01
848210,Brazil,"Miami, FL",2022,May,658,1,7311,7970,0.0,22.0,9.0,9.0,2022-05-01
848210,Brazil,"New York, NY",2022,May,13325,5239,148077,166641,0.0,91287.0,10594.0,10594.0,2022-05-01
848210,Brazil,"Savannah, GA",2022,May,2454,900,27267,30621,0.0,4950.0,1519.0,1519.0,2022-05-01
848210,Brazil,"Wilmington, NC",2022,May,7600,420,84446,92466,0.0,50.0,2.0,2.0,2022-05-01
848210,Brazil,"Charleston, SC",2022,June,3251,922,36147,40320,0.0,13251.0,2012.0,2012.0,2022-06-01
848210,Brazil,"Chicago, IL",2022,June,10853,16295,120583,147731,0.0,31203.0,7516.0,7516.0,2022-06-01
848210,Brazil,"Los Angeles, CA",2022,June,631,500,7016,8147,0.0,7950.0,573.0,573.0,2022-06-01
848210,Brazil,"New Orleans, LA",2022,June,340,478,3783,4601,0.0,140.0,94.0,94.0,2022-06-01
848210,Brazil,"New York, NY",2022,June,19386,10626,215411,245423,0.0,87876.0,13298.0,13298.0,2022-06-01
848210,Brazil,"Savannah, GA",2022,June,3481,15619,38675,57775,0.0,6546.0,3490.0,3490.0,2022-06-01
848210,Brazil,"Chicago, IL",2022,July,6529,13675,76756,96960,0.0,36635.0,5269.0,5269.0,2022-07-01
848210,Brazil,"Cleveland, OH",2022,July,2707,1371,42330,46408,0.0,15603.0,784.0,784.0,2022-07-01
848210,Brazil,"Los Angeles, CA",2022,July,1044,3500,11600,16144,0.0,7350.0,691.0,691.0,2022-07-01
848210,Brazil,"New York, NY",2022,July,35087,23161,394380,452628,0.0,206634.0,25239.0,25239.0,2022-07-01
848210,Brazil,"Philadelphia, PA",2022,July,1184,1315,13153,15652,0.0,2400.0,660.0,660.0,2022-07-01
848210,Brazil,"San Diego, CA",2022,July,612,150,6804,7566,0.0,45.0,109.0,109.0,2022-07-01
848210,Brazil,"Savannah, GA",2022,July,19937,3459,221596,244992,0.0,37983.0,14063.0,14063.0,2022-07-01
848210,Brazil,"Charleston, SC",2022,August,5101,1526,56683,63310,0.0,7326.0,3050.0,3050.0,2022-08-01
848210,Brazil,"Chicago, IL",2022,August,3915,4513,43504,51932,0.0,21646.0,2378.0,2378.0,2022-08-01
848210,Brazil,"Cleveland, OH",2022,August,2610,3500,29004,35114,0.0,22310.0,2147.0,2147.0,2022-08-01
848210,Brazil,"Detroit, MI",2022,August,286,56,3184,3526,0.0,3.0,92.0,92.0,2022-08-01
848210,Brazil,"Miami, FL",2022,August,969,94,10766,11829,0.0,31.0,7.0,7.0,2022-08-01
848210,Brazil,"New York, NY",2022,August,2119,5984,23536,31639,0.0,10520.0,760.0,760.0,2022-08-01
848210,Brazil,"Philadelphia, PA",2022,August,1184,4000,13153,18337,0.0,2400.0,660.0,660.0,2022-08-01
848210,Brazil,"Savannah, GA",2022,August,21184,10849,235321,267354,0.0,41652.0,16874.0,16874.0,2022-08-01
848210,Brazil,"Charleston, SC",2022,September,1112,333,12343,13788,0.0,2816.0,1165.0,1165.0,2022-09-01
848210,Brazil,"Chicago, IL",2022,September,3995,3972,44386,52353,0.0,5294.0,1985.0,1985.0,2022-09-01
848210,Brazil,"Cleveland, OH",2022,September,3365,4738,37384,45487,0.0,15750.0,2649.0,2649.0,2022-09-01
848210,Brazil,"Los Angeles, CA",2022,September,434,3815,4818,9067,0.0,3330.0,253.0,253.0,2022-09-01
848210,Brazil,"New York, NY",2022,September,22596,21767,251059,295422,0.0,140553.0,17835.0,17835.0,2022-09-01
848210,Brazil,"Nogales, AZ",2022,September,210,58,2329,2597,0.0,1.0,68.0,68.0,2022-09-01
848210,Brazil,"Philadelphia, PA",2022,September,4736,5262,52612,62610,0.0,9600.0,2640.0,2640.0,2022-09-01
848210,Brazil,"Savannah, GA",2022,September,6311,1614,74696,82621,0.0,32578.0,3706.0,3706.0,2022-09-01
848210,Brazil,"Charleston, SC",2022,October,35511,8724,394538,438773,0.0,62584.0,23510.0,23510.0,2022-10-01
848210,Brazil,"Chicago, IL",2022,October,11907,16840,132288,161035,0.0,28244.0,3700.0,3700.0,2022-10-01
848210,Brazil,"Cleveland, OH",2022,October,4690,4179,53974,62843,0.0,8509.0,2193.0,2193.0,2022-10-01
848210,Brazil,"Miami, FL",2022,October,1239,417,15948,17604,0.0,790.0,755.0,755.0,2022-10-01
848210,Brazil,"New Orleans, LA",2022,October,1308,450,14530,16288,0.0,115.0,14.0,14.0,2022-10-01
848210,Brazil,"New York, NY",2022,October,4635,10848,51472,66955,0.0,19998.0,4680.0,4680.0,2022-10-01
848210,Brazil,"Philadelphia, PA",2022,October,986,1096,10961,13043,0.0,2000.0,550.0,550.0,2022-10-01
848210,Brazil,"San Diego, CA",2022,October,258,150,2868,3276,0.0,15.0,54.0,54.0,2022-10-01
848210,Brazil,"Savannah, GA",2022,October,9476,373,105272,115121,0.0,16560.0,6130.0,6130.0,2022-10-01
848210,Brazil,"Charleston, SC",2022,November,21300,3846,236666,261812,0.0,57156.0,13984.0,13984.0,2022-11-01
848210,Brazil,"Chicago, IL",2022,November,7789,12384,86543,106716,0.0,41427.0,3652.0,3652.0,2022-11-01
848210,Brazil,"Cleveland, OH",2022,November,1549,4000,17214,22763,0.0,7520.0,1414.0,1414.0,2022-11-01
848210,Brazil,"Miami, FL",2022,November,265,205,2949,3419,0.0,200.0,40.0,40.0,2022-11-01
848210,Brazil,"Nogales, AZ",2022,November,224,452,2488,3164,0.0,1.0,68.0,68.0,2022-11-01
848210,Brazil,"Philadelphia, PA",2022,November,2368,2631,26306,31305,0.0,4800.0,1320.0,1320.0,2022-11-01
848210,Brazil,"San Diego, CA",2022,November,239,150,2659,3048,0.0,20.0,44.0,44.0,2022-11-01
848210,Brazil,"Charleston, SC",2022,December,13801,24,153357,167182,0.0,20346.0,9005.0,9005.0,2022-12-01
848210,Brazil,"Chicago, IL",2022,December,23699,30452,263315,317466,0.0,93901.0,16737.0,16737.0,2022-12-01
848210,Brazil,"Cleveland, OH",2022,December,255,400,2832,3487,0.0,4800.0,168.0,168.0,2022-12-01
848210,Brazil,"Miami, FL",2022,December,375,53,4167,4595,0.0,531.0,10.0,10.0,2022-12-01
848210,Brazil,"New York, NY",2022,December,2388,1097,26531,30016,0.0,7331.0,1683.0,1683.0,2022-12-01
848210,Brazil,"Charleston, SC",2023,January,25189,12560,281417,319166,0.0,54198.0,15919.0,15919.0,2023-01-01
848210,Brazil,"Chicago, IL",2023,January,23141,30970,257097,311208,0.0,149285.0,15808.0,15808.0,2023-01-01
848210,Brazil,"Miami, FL",2023,January,345,4,3837,4186,0.0,96.0,33.0,33.0,2023-01-01
848210,Brazil,"Charleston, SC",2023,February,23757,15009,263911,302677,0.0,51118.0,16420.0,16420.0,2023-02-01
848210,Brazil,"Chicago, IL",2023,February,2923,11358,32464,46745,0.0,13373.0,1665.0,1665.0,2023-02-01
848210,Brazil,"Miami, FL",2023,February,94,54,3912,4060,0.0,23.0,6.0,6.0,2023-02-01
848210,Brazil,"New York, NY",2023,February,481,1386,5339,7206,0.0,3241.0,107.0,107.0,2023-02-01
848210,Brazil,"Wilmington, NC",2023,February,638,1500,7090,9228,0.0,1572.0,60.0,60.0,2023-02-01
848210,Brazil,"Charleston, SC",2023,March,12786,8208,142070,163064,0.0,15925.0,5602.0,5602.0,2023-03-01
848210,Brazil,"Chicago, IL",2023,March,10063,12304,111809,134176,0.0,56423.0,5857.0,5857.0,2023-03-01
848210,Brazil,"Cleveland, OH",2023,March,1401,2200,15565,19166,0.0,6595.0,1230.0,1230.0,2023-03-01
848210,Brazil,"Miami, FL",2023,March,1554,76,17274,18904,0.0,5040.0,142.0,142.0,2023-03-01
848210,Brazil,"New York, NY",2023,March,6540,9848,74708,91096,0.0,37712.0,5058.0,5058.0,2023-03-01
848210,Brazil,"Pembina, ND",2023,March,3019,369,33545,36933,0.0,2058.0,1408.0,1408.0,2023-03-01
848210,Brazil,"Wilmington, NC",2023,March,220,100,2444,2764,0.0,542.0,21.0,21.0,2023-03-01
848210,Brazil,"Charleston, SC",2023,April,31029,5279,344749,381057,0.0,60227.0,17912.0,17912.0,2023-04-01
848210,Brazil,"Chicago, IL",2023,April,27119,56964,301345,385428,0.0,184558.0,19842.0,19842.0,2023-04-01
848210,Brazil,"Cleveland, OH",2023,April,1921,122,21346,23389,0.0,14.0,98.0,98.0,2023-04-01
848210,Brazil,"Miami, FL",2023,April,203,75,2250,2528,0.0,1.0,3.0,3.0,2023-04-01
848210,Brazil,"New York, NY",2023,April,1082,2604,12016,15702,0.0,10240.0,270.0,270.0,2023-04-01
848210,Brazil,"Charleston, SC",2023,May,22192,3297,246625,272114,0.0,42088.0,12088.0,12088.0,2023-05-01
848210,Brazil,"Chicago, IL",2023,May,3943,1675,43817,49435,0.0,5292.0,200.0,200.0,2023-05-01
848210,Brazil,"Los Angeles, CA",2023,May,961,83,10673,11717,0.0,7.0,74.0,74.0,2023-05-01
848210,Brazil,"Mobile, AL",2023,May,281,117,3117,3515,0.0,100.0,46.0,46.0,2023-05-01
848210,Brazil,"New York, NY",2023,May,412,4200,4576,9188,0.0,384.0,114.0,114.0,2023-05-01
848210,Brazil,"Nogales, AZ",2023,May,199,435,2207,2841,0.0,1.0,68.0,68.0,2023-05-01
848210,Brazil,"San Diego, CA",2023,May,509,150,5656,6315,0.0,40.0,88.0,88.0,2023-05-01
848210,Brazil,"Charleston, SC",2023,June,20172,5628,224149,249949,0.0,39096.0,10546.0,10546.0,2023-06-01
848210,Brazil,"Chicago, IL",2023,June,22378,30068,248611,301057,0.0,121023.0,20253.0,20253.0,2023-06-01
848210,Brazil,"Cleveland, OH",2023,June,71,1783,2960,4814,0.0,87.0,80.0,80.0,2023-06-01
848210,Brazil,"Los Angeles, CA",2023,June,510,400,5666,6576,0.0,3700.0,372.0,372.0,2023-06-01
848210,Brazil,"Miami, FL",2023,June,3084,21060,34260,58404,0.0,978.0,3900.0,3900.0,2023-06-01
848210,Brazil,"Mobile, AL",2023,June,421,70,4676,5167,0.0,150.0,215.0,215.0,2023-06-01
848210,Brazil,"New York, NY",2023,June,15933,14998,177036,207967,0.0,90050.0,15798.0,15798.0,2023-06-01
848210,Brazil,"Charleston, SC",2023,July,28007,4519,311192,343718,0.0,34452.0,14504.0,14504.0,2023-07-01
848210,Brazil,"Chicago, IL",2023,July,8620,16335,95771,120726,0.0,61606.0,4937.0,4937.0,2023-07-01
848210,Brazil,"New York, NY",2023,July,1475,5405,16380,23260,0.0,7998.0,517.0,517.0,2023-07-01
848210,Brazil,"San Diego, CA",2023,July,271,150,3012,3433,0.0,15.0,54.0,54.0,2023-07-01
848210,Brazil,"Charleston, SC",2023,August,25282,5056,280893,311231,0.0,33306.0,13745.0,13745.0,2023-08-01
848210,Brazil,"Chicago, IL",2023,August,1245,402,13835,15482,0.0,3221.0,403.0,403.0,2023-08-01
848210,Brazil,"Los Angeles, CA",2023,August,1302,332,14462,16096,0.0,2847.0,278.0,278.0,2023-08-01
848210,Brazil,"Miami, FL",2023,August,203,75,2250,2528,0.0,1.0,3.0,3.0,2023-08-01
848210,Brazil,"New York, NY",2023,August,40785,15432,453142,509359,0.0,219105.0,36738.0,36738.0,2023-08-01
848210,Brazil,"Charleston, SC",2023,September,8573,4914,95192,108679,0.0,11363.0,2809.0,2809.0,2023-09-01
848210,Brazil,"Chicago, IL",2023,September,11559,13232,128438,153229,0.0,49110.0,8419.0,8419.0,2023-09-01
848210,Brazil,"Detroit, MI",2023,September,360,492,4004,4856,0.0,336.0,99.0,99.0,2023-09-01
848210,Brazil,"Los Angeles, CA",2023,September,412,350,4578,5340,0.0,3335.0,267.0,267.0,2023-09-01
848210,Brazil,"Miami, FL",2023,September,240,345,2666,3251,0.0,1.0,9.0,9.0,2023-09-01
848210,Brazil,"New York, NY",2023,September,5829,2258,64750,72837,0.0,23386.0,6801.0,6801.0,2023-09-01
848210,Brazil,"Charleston, SC",2023,October,33866,5183,376254,415303,0.0,43209.0,19303.0,19303.0,2023-10-01
848210,Brazil,"Chicago, IL",2023,October,4329,4537,48099,56965,0.0,27476.0,2124.0,2124.0,2023-10-01
848210,Brazil,"Los Angeles, CA",2023,October,501,250,5566,6317,0.0,3970.0,313.0,313.0,2023-10-01
848210,Brazil,"Miami, FL",2023,October,203,75,2250,2528,0.0,1.0,3.0,3.0,2023-10-01
848210,Brazil,"New Orleans, LA",2023,October,289,450,3211,3950,0.0,2.0,4.0,4.0,2023-10-01
848210,Brazil,"New York, NY",2023,October,363,2138,7060,9561,0.0,512.0,211.0,211.0,2023-10-01
848210,Brazil,"Charleston, SC",2023,November,27062,6365,300624,334051,0.0,48722.0,13340.0,13340.0,2023-11-01
848210,Brazil,"Chicago, IL",2023,November,376,46,4177,4599,0.0,134.0,62.0,62.0,2023-11-01
848210,Brazil,"Cleveland, OH",2023,November,506,33,5625,6164,0.0,25.0,1.0,1.0,2023-11-01
848210,Brazil,"Miami, FL",2023,November,84,4,3501,3589,0.0,16.0,4.0,4.0,2023-11-01
848210,Brazil,"New Orleans, LA",2023,November,278,0,4690,4968,0.0,10.0,4.0,4.0,2023-11-01
848210,Brazil,"New York, NY",2023,November,12745,16017,141606,170368,0.0,90599.0,11181.0,11181.0,2023-11-01
848210,Brazil,"Charleston, SC",2023,December,13856,5174,153886,172916,0.0,14153.0,4652.0,4652.0,2023-12-01
848210,Brazil,"Chicago, IL",2023,December,9576,4684,106388,120648,0.0,3972.0,3855.0,3855.0,2023-12-01
848210,Brazil,"Cleveland, OH",2023,December,344,62,3825,4231,0.0,390.0,78.0,78.0,2023-12-01
848210,Brazil,"Miami, FL",2023,December,333,5,3697,4035,0.0,112.0,24.0,24.0,2023-12-01
848210,Brazil,"New York, NY",2023,December,28639,20911,318206,367756,0.0,200538.0,22597.0,22597.0,2023-12-01
848210,Brazil,"Savannah, GA",2023,December,468,131,5204,5803,0.0,1512.0,337.0,337.0,2023-12-01
848210,Brazil,"Charleston, SC",2024,January,26630,15223,295886,337739,0.0,42803.0,17395.0,17395.0,2024-01-01
848210,Brazil,"Chicago, IL",2024,January,8341,7972,92694,109007,0.0,22268.0,3769.0,3769.0,2024-01-01
848210,Brazil,"Cleveland, OH",2024,January,780,302,8668,9750,0.0,552.0,498.0,498.0,2024-01-01
848210,Brazil,"Los Angeles, CA",2024,January,1302,650,14472,16424,0.0,9665.0,783.0,783.0,2024-01-01
848210,Brazil,"Miami, FL",2024,January,333,6,3697,4036,0.0,112.0,20.0,20.0,2024-01-01
848210,Brazil,"New York, NY",2024,January,418,2100,4648,7166,0.0,432.0,150.0,150.0,2024-01-01
848210,Brazil,"Charleston, SC",2024,February,7811,3168,86777,97756,0.0,10653.0,5659.0,5659.0,2024-02-01
848210,Brazil,"Chicago, IL",2024,February,1599,2700,17776,22075,0.0,8253.0,1098.0,1098.0,2024-02-01
848210,Brazil,"Cleveland, OH",2024,February,221,32,2452,2705,0.0,250.0,50.0,50.0,2024-02-01
848210,Brazil,"Miami, FL",2024,February,120,150,4989,5259,0.0,44.0,10.0,10.0,2024-02-01
848210,Brazil,"New Orleans, LA",2024,February,293,41,3260,3594,0.0,1560.0,148.0,148.0,2024-02-01
848210,Brazil,"New York, NY",2024,February,7948,2463,90018,100429,0.0,43305.0,7073.0,7073.0,2024-02-01
848210,Brazil,"Charleston, SC",2024,March,23582,8221,279433,311236,0.0,32765.0,12300.0,12300.0,2024-03-01
848210,Brazil,"Chicago, IL",2024,March,394,60,4369,4823,0.0,324.0,68.0,68.0,2024-03-01
848210,Brazil,"Los Angeles, CA",2024,March,1735,347,19283,21365,0.0,12280.0,1294.0,1294.0,2024-03-01
848210,Brazil,"Miami, FL",2024,March,309,250,3432,3991,0.0,1.0,41.0,41.0,2024-03-01
848210,Brazil,"New York, NY",2024,March,11976,8361,133045,153382,0.0,76867.0,8090.0,8090.0,2024-03-01
848210,Brazil,"Charleston, SC",2024,April,9553,1743,106158,117454,0.0,13544.0,4944.0,4944.0,2024-04-01
848210,Brazil,"Chicago, IL",2024,April,2278,3571,25302,31151,0.0,5190.0,1303.0,1303.0,2024-04-01
848210,Brazil,"Los Angeles, CA",2024,April,372,200,4137,4709,0.0,2695.0,270.0,270.0,2024-04-01
848210,Brazil,"New Orleans, LA",2024,April,54,200,2230,2484,0.0,1000.0,240.0,240.0,2024-04-01
848210,Brazil,"New York, NY",2024,April,5963,8712,66243,80918,0.0,28124.0,4830.0,4830.0,2024-04-01
848210,Brazil,"Savannah, GA",2024,April,4146,200,46068,50414,0.0,2094.0,1830.0,1830.0,2024-04-01
848210,Brazil,"Charleston, SC",2024,May,9038,53,100466,109557,0.0,10174.0,4116.0,4116.0,2024-05-01
848210,Brazil,"Cleveland, OH",2024,May,211,62,2333,2606,0.0,120.0,111.0,111.0,2024-05-01
848210,Brazil,"Savannah, GA",2024,May,510,100,5664,6274,0.0,320.0,222.0,222.0,2024-05-01
848210,Brazil,"Charleston, SC",2024,June,23231,247,258096,281574,0.0,32161.0,13496.0,13496.0,2024-06-01
848210,Brazil,"Chicago, IL",2024,June,3532,684,39256,43472,0.0,1420.0,618.0,618.0,2024-06-01
848210,Brazil,"Cleveland, OH",2024,June,244,67,2709,3020,0.0,38.0,132.0,132.0,2024-06-01
848210,Brazil,"Los Angeles, CA",2024,June,327,250,3632,4209,0.0,2470.0,211.0,211.0,2024-06-01
848210,Brazil,"New York, NY",2024,June,604,1874,6714,9192,0.0,624.0,223.0,223.0,2024-06-01
848210,Brazil,"Charleston, SC",2024,July,14674,2242,163062,179978,0.0,23192.0,9754.0,9754.0,2024-07-01
848210,Brazil,"Chicago, IL",2024,July,19137,12782,212647,244566,0.0,123310.0,13558.0,13558.0,2024-07-01
848210,Brazil,"Houston-Galveston, TX",2024,July,585,500,6500,7585,0.0,1.0,1.0,1.0,2024-07-01
848210,Brazil,"Los Angeles, CA",2024,July,290,58,3227,3575,0.0,1.0,56.0,56.0,2024-07-01
848210,Brazil,"Savannah, GA",2024,July,5681,205,63121,69007,0.0,3906.0,2740.0,2740.0,2024-07-01
848210,Brazil,"Charleston, SC",2024,August,1846,16,20503,22365,0.0,2502.0,1187.0,1187.0,2024-08-01
848210,Brazil,"Chicago, IL",2024,August,16618,6524,184629,207771,0.0,113014.0,7792.0,7792.0,2024-08-01
848210,Brazil,"Los Angeles, CA",2024,August,393,400,4364,5157,0.0,2890.0,274.0,274.0,2024-08-01
848210,Brazil,"Miami, FL",2024,August,373,100,4147,4620,0.0,1920.0,182.0,182.0,2024-08-01
848210,Brazil,"San Francisco, CA",2024,August,55,227,2287,2569,0.0,4.0,1.0,1.0,2024-08-01
848210,Brazil,"Savannah, GA",2024,August,189,100,2102,2391,0.0,238.0,169.0,169.0,2024-08-01
848210,Brazil,"Tampa, FL",2024,August,59,7,2469,2535,0.0,155.0,104.0,104.0,2024-08-01
848210,Brazil,"Chicago, IL",2024,September,4297,2340,47763,54400,0.0,20048.0,3639.0,3639.0,2024-09-01
848210,Brazil,"Detroit, MI",2024,September,970,206,10777,11953,0.0,4.0,5.0,5.0,2024-09-01
848210,Brazil,"Miami, FL",2024,September,348,117,3866,4331,0.0,50.0,2.0,2.0,2024-09-01
848210,Brazil,"Ogdensburg, NY",2024,September,309,34,3430,3773,0.0,98.0,1.0,1.0,2024-09-01
848210,Brazil,"Savannah, GA",2024,September,12849,606,142776,156231,0.0,19291.0,6358.0,6358.0,2024-09-01
848210,Brazil,"Charleston, SC",2024,October,5006,1323,55613,61942,0.0,6920.0,2314.0,2314.0,2024-10-01
848210,Brazil,"Chicago, IL",2024,October,10699,4683,118872,134254,0.0,51111.0,5800.0,5800.0,2024-10-01
848210,Brazil,"Cleveland, OH",2024,October,50,73,2070,2193,0.0,4.0,1.0,1.0,2024-10-01
848210,Brazil,"Savannah, GA",2024,October,34277,10696,380863,425836,0.0,53202.0,18355.0,18355.0,2024-10-01
848210,Brazil,"Charleston, SC",2024,November,14092,156,156593,170841,0.0,18473.0,8702.0,8702.0,2024-11-01
848210,Brazil,"Chicago, IL",2024,November,6547,2059,72759,81365,0.0,3460.0,1380.0,1380.0,2024-11-01
848210,Brazil,"Cleveland, OH",2024,November,1835,1009,27041,29885,0.0,927.0,1539.0,1539.0,2024-11-01
848210,Brazil,"New York, NY",2024,November,2191,1746,24344,28281,0.0,1473.0,2182.0,2182.0,2024-11-01
848210,Brazil,"Savannah, GA",2024,November,9567,1320,106292,117179,0.0,12705.0,4960.0,4960.0,2024-11-01
848210,Brazil,"Charleston, SC",2024,December,23117,3195,256761,283073,0.0,29993.0,12895.0,12895.0,2024-12-01
848210,Brazil,"Chicago, IL",2024,December,4825,5882,58812,69519,0.0,7220.0,2148.0,2148.0,2024-12-01
848210,Brazil,"Detroit, MI",2024,December,266,253,2955,3474,0.0,160.0,236.0,236.0,2024-12-01
848210,Brazil,"New Orleans, LA",2024,December,899,149,9991,11039,0.0,170.0,20.0,20.0,2024-12-01
848210,Brazil,"San Diego, CA",2024,December,194,150,2159,2503,0.0,10.0,33.0,33.0,2024-12-01
848210,Brazil,"Savannah, GA",2024,December,3001,200,33336,36537,0.0,2400.0,1151.0,1151.0,2024-12-01
848210,Brazil,"Charleston, SC",2025,January,3281,1761,36467,41509,0.0,6282.0,1141.0,1141.0,2025-01-01
848210,Brazil,"Chicago, IL",2025,January,28379,16599,315333,360311,0.0,73030.0,20111.0,20111.0,2025-01-01
848210,Brazil,"Cleveland, OH",2025,January,55,172,2271,2498,0.0,5.0,4.0,4.0,2025-01-01
848210,Brazil,"Detroit, MI",2025,January,232,547,2582,3361,0.0,240.0,66.0,66.0,2025-01-01
848210,Brazil,"Washington, DC",2025,January,2014,291,22382,24687,0.0,20.0,233.0,233.0,2025-01-01
848210,Brazil,"Charleston, SC",2025,February,38508,263,427991,466762,0.0,46328.0,21268.0,21268.0,2025-02-01
848210,Brazil,"Chicago, IL",2025,February,4713,2656,52410,59779,0.0,28091.0,3775.0,3775.0,2025-02-01
848210,Brazil,"Los Angeles, CA",2025,February,530,106,5889,6525,0.0,1.0,56.0,56.0,2025-02-01
848210,Brazil,"Miami, FL",2025,February,348,12,3868,4228,0.0,140.0,42.0,42.0,2025-02-01
848210,Brazil,"San Diego, CA",2025,February,578,150,6420,7148,0.0,30.0,98.0,98.0,2025-02-01
848210,Brazil,"Savannah, GA",2025,February,1268,100,14085,15453,0.0,1125.0,539.0,539.0,2025-02-01
848210,Brazil,"Charleston, SC",2025,March,16720,177,185720,202617,0.0,27684.0,12236.0,12236.0,2025-03-01
848210,Brazil,"Chicago, IL",2025,March,3899,1539,43327,48765,0.0,1602.0,1724.0,1724.0,2025-03-01
848210,Brazil,"Detroit, MI",2025,March,279,586,3099,3964,0.0,288.0,92.0,92.0,2025-03-01
848210,Brazil,"El Paso, TX",2025,March,1179,13,13100,14292,0.0,2.0,40.0,40.0,2025-03-01
848210,Brazil,"Miami, FL",2025,March,255,4,2830,3089,0.0,102.0,21.0,21.0,2025-03-01
848210,Brazil,"Norfolk, VA",2025,March,1039,39,11544,12622,0.0,2117.0,101.0,101.0,2025-03-01
848210,Brazil,"Savannah, GA",2025,March,1082,100,12019,13201,0.0,960.0,460.0,460.0,2025-03-01
848210,Brazil,"Charleston, SC",2025,April,14596,886,162168,177650,0.0,25883.0,10618.0,10618.0,2025-04-01
848210,Brazil,"Chicago, IL",2025,April,4330,2048,35927,42305,0.0,14987.0,2740.0,2740.0,2025-04-01
848210,Brazil,"Detroit, MI",2025,April,279,567,3099,3945,0.0,288.0,77.0,77.0,2025-04-01
848210,Brazil,"Savannah, GA",2025,April,3426,200,53148,56774,0.0,1446.0,930.0,930.0,2025-04-01
848210,Brazil,"Charleston, SC",2025,May,39926,97,194187,234210,0.0,26398.0,10567.0,10567.0,2025-05-01
848210,Brazil,"Chicago, IL",2025,May,26127,15513,147046,188686,0.0,67452.0,8243.0,8243.0,2025-05-01
848210,Brazil,"Detroit, MI",2025,May,393,207,2066,2666,0.0,192.0,53.0,53.0,2025-05-01
848210,Brazil,"Savannah, GA",2025,May,8689,200,45731,54620,0.0,5392.0,1973.0,1973.0,2025-05-01
848210,Brazil,"Charleston, SC",2025,June,44164,4022,232541,280727,0.0,48120.0,12849.0,12849.0,2025-06-01
848210,Brazil,"Chicago, IL",2025,June,5212,698,27434,33344,0.0,27988.0,1798.0,1798.0,2025-06-01
848210,Brazil,"Detroit, MI",2025,June,589,310,3099,3998,0.0,288.0,25.0,25.0,2025-06-01
848210,Brazil,"Miami, FL",2025,June,890,119,5947,6956,0.0,386.0,11.0,11.0,2025-06-01
848210,Brazil,"New Orleans, LA",2025,June,3318,650,17465,21433,0.0,1395.0,668.0,668.0,2025-06-01
848210,Brazil,"Pembina, ND",2025,June,1307,31,6880,8218,0.0,323.0,162.0,162.0,2025-06-01
848210,Brazil,"Charleston, SC",2025,July,49719,1175,261682,312576,0.0,49178.0,10724.0,10724.0,2025-07-01
848210,Brazil,"Chicago, IL",2025,July,31791,12468,167311,211570,0.0,39496.0,8023.0,8023.0,2025-07-01
848210,Brazil,"Detroit, MI",2025,July,947,498,4980,6425,0.0,600.0,235.0,235.0,2025-07-01
848210,Brazil,"Miami, FL",2025,July,3561,71,28711,32343,0.0,870.0,209.0,209.0,2025-07-01
848210,Brazil,"San Diego, CA",2025,July,1623,50,8542,10215,0.0,53.0,41.0,41.0,2025-07-01
848210,Brazil,"Savannah, GA",2025,July,1142,100,6010,7252,0.0,480.0,230.0,230.0,2025-07-01
848210,Brazil,"Charleston, SC",2025,August,48483,240,95166,143889,0.0,34491.0,6316.0,6316.0,2025-08-01
848210,Brazil,"Chicago, IL",2025,August,55764,8368,108706,172838,0.0,34270.0,11152.0,11152.0,2025-08-01
848210,Brazil,"Los Angeles, CA",2025,August,2021,2229,10636,14886,0.0,1.0,1.0,1.0,2025-08-01
848210,Brazil,"Minneapolis, MN",2025,August,499,14,4025,4538,0.0,59.0,14.0,14.0,2025-08-01
848210,Brazil,"Savannah, GA",2025,August,11822,200,18668,30690,0.0,2762.0,263.0,263.0,2025-08-01
848210,Brazil,"Charleston, SC",2025,September,10159,120,21980,32259,0.0,7640.0,1529.0,1529.0,2025-09-01
848210,Brazil,"Chicago, IL",2025,September,36027,4609,64373,105009,0.0,45656.0,4489.0,4489.0,2025-09-01
848210,Brazil,"Los Angeles, CA",2025,September,3605,108,3307,7020,0.0,1.0,56.0,56.0,2025-09-01
848210,Brazil,"New Orleans, LA",2025,September,1618,225,2742,4585,0.0,26.0,4.0,4.0,2025-09-01
848210,Brazil,"Pembina, ND",2025,September,5089,121,8625,13835,0.0,630.0,284.0,284.0,2025-09-01
848210,Brazil,"Charleston, SC",2025,October,99080,3688,167933,270701,0.0,49236.0,11526.0,11526.0,2025-10-01
848210,Brazil,"Chicago, IL",2025,October,20341,1124,34476,55941,0.0,23625.0,2587.0,2587.0,2025-10-01
848210,Brazil,"Detroit, MI",2025,October,1838,384,3116,5338,0.0,8.0,10.0,10.0,2025-10-01
848210,Brazil,"New York, NY",2025,October,2793,233,2821,5847,0.0,20.0,16.0,16.0,2025-10-01
848210,Brazil,"Savannah, GA",2025,October,12678,300,21489,34467,0.0,10968.0,682.0,682.0,2025-10-01
848210,Brazil,"Baltimore, MD",2025,November,1281,19,2172,3472,0.0,6.0,4.0,4.0,2025-11-01
848210,Brazil,"Charleston, SC",2025,November,17959,597,30440,48996,0.0,16063.0,3093.0,3093.0,2025-11-01
848210,Brazil,"Chicago, IL",2025,November,51105,4706,86617,142428,0.0,35317.0,4898.0,4898.0,2025-11-01
848210,Brazil,"Miami, FL",2025,November,4090,103,6714,10907,0.0,46.0,12.0,12.0,2025-11-01
848210,Brazil,"Nogales, AZ",2025,November,1255,208,2127,3590,0.0,3.0,120.0,120.0,2025-11-01
848210,Brazil,"Tampa, FL",2025,November,1706,9,3256,4971,0.0,45.0,11.0,11.0,2025-11-01
848210,Brazil,"Charleston, SC",2025,December,164470,143,293679,458292,0.0,72379.0,49279.0,49279.0,2025-12-01
848210,Brazil,"Chicago, IL",2025,December,61484,6451,104208,172143,0.0,36177.0,4244.0,4244.0,2025-12-01
848210,Brazil,"Charleston, SC",2026,January,70982,55,121001,192038,0.0,34777.0,8200.0,8200.0,2026-01-01
848210,Brazil,"Miami, FL",2026,January,2030,504,3441,5975,0.0,6.0,500.0,500.0,2026-01-01
848210,Brazil,"Charleston, SC",2026,February,93815,1312,161484,256611,0.0,31819.0,9277.0,9277.0,2026-02-01
848210,Brazil,"Chicago, IL",2026,February,55197,2571,93554,151322,0.0,52000.0,5821.0,5821.0,2026-02-01
848210,Brazil,"New York, NY",2026,February,3870,91,6559,10520,0.0,6.0,270.0,270.0,2026-02-01
848210,Brazil,"Pembina, ND",2026,February,26001,74,44070,70145,0.0,3000.0,2982.0,2982.0,2026-02-01
848210,Brazil,"Charleston, SC",2026,March,151578,105,276197,427880,0.0,53480.0,13532.0,13532.0,2026-03-01
848210,Brazil,"Chicago, IL",2026,March,59943,4136,136922,201001,0.0,97545.0,10060.0,10060.0,2026-03-01
848210,Brazil,"Detroit, MI",2026,March,1601,447,4464,6512,0.0,552.0,179.0,179.0,2026-03-01
848210,Brazil,"Houston-Galveston, TX",2026,March,4590,196,7780,12566,0.0,4.0,48.0,48.0,2026-03-01
848210,Brazil,"Nogales, AZ",2026,March,198,202,2202,2602,0.0,3.0,91.0,91.0,2026-03-01
848210,Brazil,"Savannah, GA",2026,March,20640,200,34983,55823,0.0,17474.0,961.0,961.0,2026-03-01
848210,Brazil,"Charleston, SC",2026,April,80813,138,246734,327685,0.0,52981.0,12002.0,12002.0,2026-04-01
848210,Brazil,"Chicago, IL",2026,April,4849,342,10991,16182,0.0,904.0,295.0,295.0,2026-04-01
848210,Brazil,"Houston-Galveston, TX",2026,April,12081,191,35533,47805,0.0,10734.0,1083.0,1083.0,2026-04-01
848210,Brazil,"Miami, FL",2026,April,2386,31,12560,14977,0.0,4.0,4.0,4.0,2026-04-01
848210,Brazil,"New Orleans, LA",2026,April,286,175,3180,3641,0.0,1.0,2.0,2.0,2026-04-01
848210,Brazil,"Charleston, SC",2026,May,10954,72,34981,46007,0.0,7952.0,1176.0,1176.0,2026-05-01
848210,Brazil,"Chicago, IL",2026,May,61209,8352,210360,279921,0.0,97265.0,11579.0,11579.0,2026-05-01
848210,Brazil,"Cleveland, OH",2026,May,4258,1142,12524,17924,0.0,1324.0,108.0,108.0,2026-05-01
848210,Brazil,"Detroit, MI",2026,May,378,420,4197,4995,0.0,512.0,207.0,207.0,2026-05-01
848210,Brazil,"New Orleans, LA",2026,May,0,109,2792,2901,0.0,43.0,10.0,10.0,2026-05-01
848210,Brazil,"New York, NY",2026,May,874,98,2571,3543,0.0,2.0,135.0,135.0,2026-05-01
848210,Brazil,"Savannah, GA",2026,May,4010,1,11794,15805,0.0,6480.0,227.0,227.0,2026-05-01
848210,Brazil,"Tampa, FL",2026,May,7761,18,28323,36102,0.0,436.0,105.0,105.0,2026-05-01
848210,Brazil,"Washington, DC",2026,May,13307,198,39137,52642,0.0,13068.0,1245.0,1245.0,2026-05-01
848210,Brazil,"Charleston, SC",2026,June,78166,129,243617,321912,0.0,50314.0,14877.0,14877.0,2026-06-01
848210,Brazil,"Chicago, IL",2026,June,17137,2110,68447,87694,0.0,46113.0,3665.0,3665.0,2026-06-01
848210,Brazil,"Miami, FL",2026,June,1955,75,5750,7780,0.0,1.0,1.0,1.0,2026-06-01
848210,Brazil,"Minneapolis, MN",2026,June,3042,19,8949,12010,0.0,273.0,289.0,289.0,2026-06-01
848210,Brazil,"New Orleans, LA",2026,June,1297,0,2476,3773,0.0,200.0,200.0,200.0,2026-06-01
848210,Brazil,"Nogales, AZ",2026,June,809,84,2378,3271,0.0,3.0,128.0,128.0,2026-06-01
848210,Brazil,"Savannah, GA",2026,June,15631,422,53320,69373,0.0,8814.0,1366.0,1366.0,2026-06-01
848210,Canada,"Buffalo, NY",2022,January,70253,25737,2061690,2157680,0.0,118287.0,15670.0,15670.0,2022-01-01
848210,Canada,"Chicago, IL",2022,January,471,500,19608,20579,0.0,8.0,4.0,4.0,2022-01-01
848210,Canada,"Cleveland, OH",2022,January,15538,122559,321053,459150,0.0,117.0,1327.0,1327.0,2022-01-01
848210,Canada,"Dallas-Fort Worth, TX",2022,January,9018,1496,100185,110699,0.0,3046.0,457.0,457.0,2022-01-01
848210,Canada,"Detroit, MI",2022,January,85576,64889,3279412,3429877,0.0,1106945.0,205588.0,205588.0,2022-01-01
848210,Canada,"El Paso, TX",2022,January,928,18,38684,39630,0.0,38800.0,9312.0,9312.0,2022-01-01
848210,Canada,"Great Falls, MT",2022,January,998,452,93668,95118,0.0,449.0,2306.0,2306.0,2022-01-01
848210,Canada,"New Orleans, LA",2022,January,2936,1699,107242,111877,0.0,201.0,55.0,55.0,2022-01-01
848210,Canada,"Nogales, AZ",2022,January,304,311,73732,74347,0.0,313.0,56.0,56.0,2022-01-01
848210,Canada,"Ogdensburg, NY",2022,January,0,10,2235,2245,0.0,60.0,25.0,25.0,2022-01-01
848210,Canada,"Pembina, ND",2022,January,0,350,225618,225968,0.0,241.0,7138.0,7138.0,2022-01-01
848210,Canada,"Savannah, GA",2022,January,291,32,3232,3555,0.0,56.0,49.0,49.0,2022-01-01
848210,Canada,"Baltimore, MD",2022,February,0,62,6206,6268,0.0,2.0,3.0,3.0,2022-02-01
848210,Canada,"Boston, MA",2022,February,0,104,17656,17760,0.0,19.0,17.0,17.0,2022-02-01
848210,Canada,"Buffalo, NY",2022,February,95555,6123,2405505,2507183,0.0,98644.0,27246.0,27246.0,2022-02-01
848210,Canada,"Cleveland, OH",2022,February,17477,29015,229066,275558,0.0,829.0,1176.0,1176.0,2022-02-01
848210,Canada,"Dallas-Fort Worth, TX",2022,February,2789,767,30985,34541,0.0,4.0,3.0,3.0,2022-02-01
848210,Canada,"Detroit, MI",2022,February,104959,83823,4036176,4224958,0.0,1251656.0,249826.0,249826.0,2022-02-01
848210,Canada,"Great Falls, MT",2022,February,225,31,12468,12724,0.0,58.0,227.0,227.0,2022-02-01
848210,Canada,"New Orleans, LA",2022,February,4916,1917,120762,127595,0.0,2510.0,237.0,237.0,2022-02-01
848210,Canada,"Nogales, AZ",2022,February,533,62,35479,36074,0.0,142.0,40.0,40.0,2022-02-01
848210,Canada,"Pembina, ND",2022,February,0,350,159336,159686,0.0,296.0,3509.0,3509.0,2022-02-01
848210,Canada,"Boston, MA",2022,March,0,83,9293,9376,0.0,10.0,9.0,9.0,2022-03-01
848210,Canada,"Buffalo, NY",2022,March,46466,16654,4350238,4413358,0.0,169329.0,30337.0,30337.0,2022-03-01
848210,Canada,"Cleveland, OH",2022,March,10224,4662,223105,237991,0.0,2028.0,766.0,766.0,2022-03-01
848210,Canada,"Dallas-Fort Worth, TX",2022,March,12296,137,136606,149039,0.0,8.0,8.0,8.0,2022-03-01
848210,Canada,"Detroit, MI",2022,March,195604,100312,5844107,6140023,0.0,2378076.0,415633.0,415633.0,2022-03-01
848210,Canada,"Great Falls, MT",2022,March,410,582,66692,67684,0.0,156.0,1965.0,1965.0,2022-03-01
848210,Canada,"Milwaukee, WI",2022,March,1158,75,12864,14097,0.0,12.0,9.0,9.0,2022-03-01
848210,Canada,"New Orleans, LA",2022,March,8675,3251,136592,148518,0.0,156.0,57.0,57.0,2022-03-01
848210,Canada,"Pembina, ND",2022,March,0,721,301339,302060,0.0,293.0,8603.0,8603.0,2022-03-01
848210,Canada,"Seattle, WA",2022,March,1455,854,22853,25162,0.0,326.0,117.0,117.0,2022-03-01
848210,Canada,"St. Albans, VT",2022,March,0,489,97734,98223,0.0,26.0,212.0,212.0,2022-03-01
848210,Canada,"Boston, MA",2022,April,319,182,25202,25703,0.0,32.0,23.0,23.0,2022-04-01
848210,Canada,"Buffalo, NY",2022,April,49933,7589,2339977,2397499,0.0,36217.0,14189.0,14189.0,2022-04-01
848210,Canada,"Cleveland, OH",2022,April,10647,2512,171203,184362,0.0,2876.0,542.0,542.0,2022-04-01
848210,Canada,"Dallas-Fort Worth, TX",2022,April,16828,149,186972,203949,0.0,14332.0,6668.0,6668.0,2022-04-01
848210,Canada,"Detroit, MI",2022,April,169389,54330,4535739,4759458,0.0,1986508.0,275293.0,275293.0,2022-04-01
848210,Canada,"El Paso, TX",2022,April,1121,79,12459,13659,0.0,11200.0,673.0,673.0,2022-04-01
848210,Canada,"Great Falls, MT",2022,April,1498,1120,134868,137486,0.0,324.0,6057.0,6057.0,2022-04-01
848210,Canada,"Los Angeles, CA",2022,April,227,100,2525,2852,0.0,1.0,1.0,1.0,2022-04-01
848210,Canada,"New Orleans, LA",2022,April,27884,5760,554470,588114,0.0,1334.0,576.0,576.0,2022-04-01
848210,Canada,"Nogales, AZ",2022,April,547,308,131958,132813,0.0,600.0,126.0,126.0,2022-04-01
848210,Canada,"Pembina, ND",2022,April,394,343,191789,192526,0.0,213.0,9243.0,9243.0,2022-04-01
848210,Canada,"Seattle, WA",2022,April,2153,516,38010,40679,0.0,4390.0,1351.0,1351.0,2022-04-01
848210,Canada,"Baltimore, MD",2022,May,0,71,6206,6277,0.0,2.0,3.0,3.0,2022-05-01
848210,Canada,"Buffalo, NY",2022,May,38704,5088,2333526,2377318,0.0,136431.0,35484.0,35484.0,2022-05-01
848210,Canada,"Cleveland, OH",2022,May,10833,1977,131711,144521,0.0,3667.0,1973.0,1973.0,2022-05-01
848210,Canada,"Dallas-Fort Worth, TX",2022,May,4858,104,53968,58930,0.0,3038.0,1616.0,1616.0,2022-05-01
848210,Canada,"Detroit, MI",2022,May,164987,76270,4377571,4618828,0.0,1864607.0,281972.0,281972.0,2022-05-01
848210,Canada,"Great Falls, MT",2022,May,0,359,103617,103976,0.0,118.0,3950.0,3950.0,2022-05-01
848210,Canada,"Los Angeles, CA",2022,May,697,299,7737,8733,0.0,3.0,5.0,5.0,2022-05-01
848210,Canada,"New Orleans, LA",2022,May,7872,4582,247175,259629,0.0,5897.0,2799.0,2799.0,2022-05-01
848210,Canada,"Nogales, AZ",2022,May,1000,259,74315,75574,0.0,1944.0,115.0,115.0,2022-05-01
848210,Canada,"Ogdensburg, NY",2022,May,283,150,5845,6278,0.0,285.0,136.0,136.0,2022-05-01
848210,Canada,"Pembina, ND",2022,May,0,374,140936,141310,0.0,296.0,3328.0,3328.0,2022-05-01
848210,Canada,"Savannah, GA",2022,May,6576,292,73060,79928,0.0,599.0,56.0,56.0,2022-05-01
848210,Canada,"Seattle, WA",2022,May,1171,839,19091,21101,0.0,2135.0,852.0,852.0,2022-05-01
848210,Canada,"Boston, MA",2022,June,0,242,25339,25581,0.0,33.0,5.0,5.0,2022-06-01
848210,Canada,"Buffalo, NY",2022,June,71432,13780,3295288,3380500,0.0,84756.0,25864.0,25864.0,2022-06-01
848210,Canada,"Cleveland, OH",2022,June,18864,4805,235845,259514,0.0,1618.0,1164.0,1164.0,2022-06-01
848210,Canada,"Dallas-Fort Worth, TX",2022,June,6927,59,76960,83946,0.0,3038.0,1614.0,1614.0,2022-06-01
848210,Canada,"Detroit, MI",2022,June,138420,76816,4177957,4393193,0.0,1750733.0,274246.0,274246.0,2022-06-01
848210,Canada,"Great Falls, MT",2022,June,284,1056,74575,75915,0.0,308.0,1703.0,1703.0,2022-06-01
848210,Canada,"New Orleans, LA",2022,June,2652,4100,163916,170668,0.0,1955.0,876.0,876.0,2022-06-01
848210,Canada,"New York, NY",2022,June,4641,302,51565,56508,0.0,1965.0,12.0,12.0,2022-06-01
848210,Canada,"Nogales, AZ",2022,June,278,369,54314,54961,0.0,195.0,59.0,59.0,2022-06-01
848210,Canada,"Ogdensburg, NY",2022,June,1593,9046,22648,33287,0.0,6.0,40.0,40.0,2022-06-01
848210,Canada,"Pembina, ND",2022,June,4125,540,540878,545543,0.0,1990.0,18058.0,18058.0,2022-06-01
848210,Canada,"Savannah, GA",2022,June,1556,218,43556,45330,0.0,728.0,102.0,102.0,2022-06-01
848210,Canada,"Seattle, WA",2022,June,441,378,4896,5715,0.0,2.0,2.0,2.0,2022-06-01
848210,Canada,"St. Albans, VT",2022,June,0,188,54693,54881,0.0,35.0,110.0,110.0,2022-06-01
848210,Canada,"Boston, MA",2022,July,4369,213,48540,53122,0.0,2023.0,47.0,47.0,2022-07-01
848210,Canada,"Buffalo, NY",2022,July,79661,5496,2542198,2627355,0.0,71330.0,16584.0,16584.0,2022-07-01
848210,Canada,"Chicago, IL",2022,July,237,50,2638,2925,0.0,8.0,165.0,165.0,2022-07-01
848210,Canada,"Cleveland, OH",2022,July,3180,1811,58811,63802,0.0,27.0,72.0,72.0,2022-07-01
848210,Canada,"Dallas-Fort Worth, TX",2022,July,8560,89,95128,103777,0.0,7.0,6.0,6.0,2022-07-01
848210,Canada,"Detroit, MI",2022,July,138611,49945,3542169,3730725,0.0,1075726.0,220861.0,220861.0,2022-07-01
848210,Canada,"Great Falls, MT",2022,July,2556,3301,164847,170704,0.0,324.0,3366.0,3366.0,2022-07-01
848210,Canada,"New Orleans, LA",2022,July,12998,3391,240852,257241,0.0,482.0,58.0,58.0,2022-07-01
848210,Canada,"Nogales, AZ",2022,July,429,222,43116,43767,0.0,137.0,67.0,67.0,2022-07-01
848210,Canada,"Ogdensburg, NY",2022,July,421,103,9622,10146,0.0,2.0,21.0,21.0,2022-07-01
848210,Canada,"Pembina, ND",2022,July,0,301,232903,233204,0.0,897.0,9180.0,9180.0,2022-07-01
848210,Canada,"Savannah, GA",2022,July,883,45,9810,10738,0.0,6.0,2.0,2.0,2022-07-01
848210,Canada,"Seattle, WA",2022,July,888,351,9858,11097,0.0,4.0,3.0,3.0,2022-07-01
848210,Canada,"Boston, MA",2022,August,1107,508,47388,49003,0.0,63.0,42.0,42.0,2022-08-01
848210,Canada,"Buffalo, NY",2022,August,51212,66023,2152510,2269745,0.0,61287.0,24493.0,24493.0,2022-08-01
848210,Canada,"Chicago, IL",2022,August,288,25,3204,3517,0.0,9.0,4.0,4.0,2022-08-01
848210,Canada,"Cleveland, OH",2022,August,5676,1332,97610,104618,0.0,42.0,284.0,284.0,2022-08-01
848210,Canada,"Dallas-Fort Worth, TX",2022,August,7973,63,88586,96622,0.0,7115.0,2551.0,2551.0,2022-08-01
848210,Canada,"Detroit, MI",2022,August,173908,95914,4084713,4354535,0.0,1596559.0,254887.0,254887.0,2022-08-01
848210,Canada,"Great Falls, MT",2022,August,357,1306,413303,414966,0.0,370.0,10007.0,10007.0,2022-08-01
848210,Canada,"New Orleans, LA",2022,August,10665,4204,164885,179754,0.0,1707.0,144.0,144.0,2022-08-01
848210,Canada,"New York, NY",2022,August,0,53,18397,18450,0.0,3.0,7.0,7.0,2022-08-01
848210,Canada,"Nogales, AZ",2022,August,1691,276,55845,57812,0.0,195.0,105.0,105.0,2022-08-01
848210,Canada,"Ogdensburg, NY",2022,August,460,266,8717,9443,0.0,8.0,118.0,118.0,2022-08-01
848210,Canada,"Pembina, ND",2022,August,0,641,327424,328065,0.0,1036.0,12554.0,12554.0,2022-08-01
848210,Canada,"Seattle, WA",2022,August,2736,885,30413,34034,0.0,5563.0,992.0,992.0,2022-08-01
848210,Canada,"Boston, MA",2022,September,0,451,67388,67839,0.0,81.0,63.0,63.0,2022-09-01
848210,Canada,"Buffalo, NY",2022,September,100843,8031,2870721,2979595,0.0,99996.0,18148.0,18148.0,2022-09-01
848210,Canada,"Cleveland, OH",2022,September,15675,92308,330722,438705,0.0,5524.0,1312.0,1312.0,2022-09-01
848210,Canada,"Dallas-Fort Worth, TX",2022,September,10281,22,114244,124547,0.0,10649.0,5656.0,5656.0,2022-09-01
848210,Canada,"Detroit, MI",2022,September,137482,53546,3761035,3952063,0.0,920382.0,225503.0,225503.0,2022-09-01
848210,Canada,"Great Falls, MT",2022,September,1156,1273,385674,388103,0.0,427.0,11152.0,11152.0,2022-09-01
848210,Canada,"Honolulu, HI",2022,September,1759,217,19540,21516,0.0,1.0,4.0,4.0,2022-09-01
848210,Canada,"New Orleans, LA",2022,September,9151,3006,147370,159527,0.0,1816.0,250.0,250.0,2022-09-01
848210,Canada,"New York, NY",2022,September,956,122,15158,16236,0.0,4.0,21.0,21.0,2022-09-01
848210,Canada,"Nogales, AZ",2022,September,1807,440,123456,125703,0.0,245.0,126.0,126.0,2022-09-01
848210,Canada,"Ogdensburg, NY",2022,September,2622,325,36942,39889,0.0,848.0,84.0,84.0,2022-09-01
848210,Canada,"Pembina, ND",2022,September,2230,301,279158,281689,0.0,1409.0,11237.0,11237.0,2022-09-01
848210,Canada,"Seattle, WA",2022,September,1413,697,18395,20505,0.0,2071.0,407.0,407.0,2022-09-01
848210,Canada,"Boston, MA",2022,October,0,593,135605,136198,0.0,155.0,102.0,102.0,2022-10-01
848210,Canada,"Buffalo, NY",2022,October,36139,3923,2661694,2701756,0.0,188765.0,19958.0,19958.0,2022-10-01
848210,Canada,"Cleveland, OH",2022,October,12019,40481,213135,265635,0.0,4050.0,1329.0,1329.0,2022-10-01
848210,Canada,"Dallas-Fort Worth, TX",2022,October,9049,331,100534,109914,0.0,1850.0,27.0,27.0,2022-10-01
848210,Canada,"Detroit, MI",2022,October,160211,56869,3548822,3765902,0.0,1212882.0,212281.0,212281.0,2022-10-01
848210,Canada,"Great Falls, MT",2022,October,0,685,241711,242396,0.0,416.0,6375.0,6375.0,2022-10-01
848210,Canada,"New Orleans, LA",2022,October,2888,2263,52745,57896,0.0,90.0,22.0,22.0,2022-10-01
848210,Canada,"Nogales, AZ",2022,October,306,707,45730,46743,0.0,176.0,251.0,251.0,2022-10-01
848210,Canada,"Pembina, ND",2022,October,0,561,514257,514818,0.0,1643.0,19044.0,19044.0,2022-10-01
848210,Canada,"Seattle, WA",2022,October,751,1173,8344,10268,0.0,3.0,2.0,2.0,2022-10-01
848210,Canada,"Boston, MA",2022,November,0,200,30700,30900,0.0,42.0,30.0,30.0,2022-11-01
848210,Canada,"Buffalo, NY",2022,November,37795,3565,1622087,1663447,0.0,63420.0,14734.0,14734.0,2022-11-01
848210,Canada,"Cleveland, OH",2022,November,20563,132390,300296,453249,0.0,11161.0,1158.0,1158.0,2022-11-01
848210,Canada,"Dallas-Fort Worth, TX",2022,November,15257,25,169530,184812,0.0,7.0,3.0,3.0,2022-11-01
848210,Canada,"Detroit, MI",2022,November,159885,39083,3596485,3795453,0.0,1337041.0,200294.0,200294.0,2022-11-01
848210,Canada,"Great Falls, MT",2022,November,0,298,72705,73003,0.0,196.0,2282.0,2282.0,2022-11-01
848210,Canada,"New Orleans, LA",2022,November,6101,6213,269695,282009,0.0,4661.0,212.0,212.0,2022-11-01
848210,Canada,"Nogales, AZ",2022,November,336,2752,62605,65693,0.0,235.0,343.0,343.0,2022-11-01
848210,Canada,"Ogdensburg, NY",2022,November,782,167,47351,48300,0.0,1993.0,925.0,925.0,2022-11-01
848210,Canada,"Pembina, ND",2022,November,287,392,201050,201729,0.0,568.0,7902.0,7902.0,2022-11-01
848210,Canada,"Portland, ME",2022,November,120,80,5000,5200,0.0,2.0,1.0,1.0,2022-11-01
848210,Canada,"Savannah, GA",2022,November,3764,29,41825,45618,0.0,25.0,5.0,5.0,2022-11-01
848210,Canada,"Boston, MA",2022,December,768,223,17486,18477,0.0,20.0,10.0,10.0,2022-12-01
848210,Canada,"Buffalo, NY",2022,December,54584,3585,2512543,2570712,0.0,55202.0,13340.0,13340.0,2022-12-01
848210,Canada,"Cleveland, OH",2022,December,11704,51357,157258,220319,0.0,147.0,599.0,599.0,2022-12-01
848210,Canada,"Dallas-Fort Worth, TX",2022,December,21092,508,234355,255955,0.0,8135.0,3235.0,3235.0,2022-12-01
848210,Canada,"Detroit, MI",2022,December,120622,32944,3272477,3426043,0.0,947085.0,207128.0,207128.0,2022-12-01
848210,Canada,"Great Falls, MT",2022,December,1209,670,191409,193288,0.0,132.0,5702.0,5702.0,2022-12-01
848210,Canada,"New Orleans, LA",2022,December,21151,6093,461685,488929,0.0,728.0,397.0,397.0,2022-12-01
848210,Canada,"Nogales, AZ",2022,December,1379,2007,100226,103612,0.0,337.0,156.0,156.0,2022-12-01
848210,Canada,"Ogdensburg, NY",2022,December,270,42,3000,3312,0.0,1.0,1.0,1.0,2022-12-01
848210,Canada,"Pembina, ND",2022,December,0,636,425488,426124,0.0,1178.0,16577.0,16577.0,2022-12-01
848210,Canada,"Savannah, GA",2022,December,0,297,2217,2514,0.0,1.0,1.0,1.0,2022-12-01
848210,Canada,"Boston, MA",2023,January,0,83,9293,9376,0.0,10.0,9.0,9.0,2023-01-01
848210,Canada,"Buffalo, NY",2023,January,45447,2965,1755529,1803941,0.0,56723.0,26409.0,26409.0,2023-01-01
848210,Canada,"Cleveland, OH",2023,January,14192,677,186431,201300,0.0,6019.0,107.0,107.0,2023-01-01
848210,Canada,"Dallas-Fort Worth, TX",2023,January,578,73,6427,7078,0.0,2.0,8.0,8.0,2023-01-01
848210,Canada,"Detroit, MI",2023,January,109814,30985,3358669,3499468,0.0,918101.0,191427.0,191427.0,2023-01-01
848210,Canada,"Great Falls, MT",2023,January,0,213,77391,77604,0.0,163.0,2126.0,2126.0,2023-01-01
848210,Canada,"Los Angeles, CA",2023,January,191,31,2120,2342,0.0,2.0,2.0,2.0,2023-01-01
848210,Canada,"New Orleans, LA",2023,January,2807,1926,156600,161333,0.0,19214.0,9948.0,9948.0,2023-01-01
848210,Canada,"New York, NY",2023,January,0,10,2445,2455,0.0,1.0,1.0,1.0,2023-01-01
848210,Canada,"Nogales, AZ",2023,January,662,562,28470,29694,0.0,104.0,166.0,166.0,2023-01-01
848210,Canada,"Ogdensburg, NY",2023,January,0,967,189325,190292,0.0,258.0,540.0,540.0,2023-01-01
848210,Canada,"Pembina, ND",2023,January,0,570,363972,364542,0.0,1790.0,14997.0,14997.0,2023-01-01
848210,Canada,"Seattle, WA",2023,January,1218,927,44373,46518,0.0,134.0,386.0,386.0,2023-01-01
848210,Canada,"St. Albans, VT",2023,January,0,125,8798,8923,0.0,2.0,101.0,101.0,2023-01-01
848210,Canada,"Boston, MA",2023,February,0,199,8876,9075,0.0,10.0,4.0,4.0,2023-02-01
848210,Canada,"Buffalo, NY",2023,February,67103,2198,1622510,1691811,0.0,48624.0,24566.0,24566.0,2023-02-01
848210,Canada,"Cleveland, OH",2023,February,6713,3883,346416,357012,0.0,15254.0,223.0,223.0,2023-02-01
848210,Canada,"Dallas-Fort Worth, TX",2023,February,5635,27,62600,68262,0.0,5175.0,2749.0,2749.0,2023-02-01
848210,Canada,"Detroit, MI",2023,February,142331,57908,4475109,4675348,0.0,1097853.0,236716.0,236716.0,2023-02-01
848210,Canada,"Great Falls, MT",2023,February,14009,563,181862,196434,0.0,309.0,4324.0,4324.0,2023-02-01
848210,Canada,"Los Angeles, CA",2023,February,182,100,2018,2300,0.0,1.0,1.0,1.0,2023-02-01
848210,Canada,"New Orleans, LA",2023,February,5434,2927,81053,89414,0.0,77.0,278.0,278.0,2023-02-01
848210,Canada,"New York, NY",2023,February,0,90,25265,25355,0.0,31.0,2.0,2.0,2023-02-01
848210,Canada,"Nogales, AZ",2023,February,1435,1023,81506,83964,0.0,1459.0,232.0,232.0,2023-02-01
848210,Canada,"Ogdensburg, NY",2023,February,5255,1304,245253,251812,0.0,607.0,675.0,675.0,2023-02-01
848210,Canada,"Pembina, ND",2023,February,584,957,481487,483028,0.0,686.0,15981.0,15981.0,2023-02-01
848210,Canada,"Seattle, WA",2023,February,0,1,4592,4593,0.0,1.0,1.0,1.0,2023-02-01
848210,Canada,"Boston, MA",2023,March,0,17,3167,3184,0.0,5.0,2.0,2.0,2023-03-01
848210,Canada,"Buffalo, NY",2023,March,46641,4833,2002293,2053767,0.0,70526.0,21936.0,21936.0,2023-03-01
848210,Canada,"Chicago, IL",2023,March,328,13,3640,3981,0.0,1.0,1.0,1.0,2023-03-01
848210,Canada,"Cleveland, OH",2023,March,24613,182922,365427,572962,0.0,7483.0,5260.0,5260.0,2023-03-01
848210,Canada,"Dallas-Fort Worth, TX",2023,March,12824,84,142492,155400,0.0,16400.0,8712.0,8712.0,2023-03-01
848210,Canada,"Detroit, MI",2023,March,160620,96290,4903653,5160563,0.0,1551011.0,303122.0,303122.0,2023-03-01
848210,Canada,"Great Falls, MT",2023,March,2963,1753,381489,386205,0.0,333.0,6133.0,6133.0,2023-03-01
848210,Canada,"New Orleans, LA",2023,March,15732,6070,305321,327123,0.0,1493.0,155.0,155.0,2023-03-01
848210,Canada,"New York, NY",2023,March,448,164,53584,54196,0.0,100.0,33.0,33.0,2023-03-01
848210,Canada,"Nogales, AZ",2023,March,2534,600,52867,56001,0.0,191.0,206.0,206.0,2023-03-01
848210,Canada,"Ogdensburg, NY",2023,March,6851,1308,347262,355421,0.0,11043.0,529.0,529.0,2023-03-01
848210,Canada,"Pembina, ND",2023,March,0,821,381422,382243,0.0,3149.0,19304.0,19304.0,2023-03-01
848210,Canada,"San Francisco, CA",2023,March,3380,188,37550,41118,0.0,1565.0,20.0,20.0,2023-03-01
848210,Canada,"Savannah, GA",2023,March,1355,16,15057,16428,0.0,9.0,6.0,6.0,2023-03-01
848210,Canada,"Seattle, WA",2023,March,807,564,12420,13791,0.0,3.0,11.0,11.0,2023-03-01
848210,Canada,"Boston, MA",2023,April,0,99,15833,15932,0.0,25.0,11.0,11.0,2023-04-01
848210,Canada,"Buffalo, NY",2023,April,33472,4095,1636695,1674262,0.0,162767.0,17384.0,17384.0,2023-04-01
848210,Canada,"Cleveland, OH",2023,April,10221,47300,303838,361359,0.0,1765.0,617.0,617.0,2023-04-01
848210,Canada,"Dallas-Fort Worth, TX",2023,April,4033,43,44819,48895,0.0,3387.0,1803.0,1803.0,2023-04-01
848210,Canada,"Detroit, MI",2023,April,152287,58012,5099622,5309921,0.0,1508737.0,284024.0,284024.0,2023-04-01
848210,Canada,"Great Falls, MT",2023,April,295,1104,293550,294949,0.0,627.0,8319.0,8319.0,2023-04-01
848210,Canada,"Los Angeles, CA",2023,April,222,57,2465,2744,0.0,1.0,2.0,2.0,2023-04-01
848210,Canada,"New Orleans, LA",2023,April,5135,3967,333789,342891,0.0,891.0,219.0,219.0,2023-04-01
848210,Canada,"New York, NY",2023,April,0,102,9329,9431,0.0,19.0,21.0,21.0,2023-04-01
848210,Canada,"Nogales, AZ",2023,April,0,148,18054,18202,0.0,63.0,20.0,20.0,2023-04-01
848210,Canada,"Ogdensburg, NY",2023,April,6922,1292,254757,262971,0.0,243.0,441.0,441.0,2023-04-01
848210,Canada,"Pembina, ND",2023,April,212,985,314335,315532,0.0,1125.0,12768.0,12768.0,2023-04-01
848210,Canada,"San Francisco, CA",2023,April,2903,161,32259,35323,0.0,1344.0,20.0,20.0,2023-04-01
848210,Canada,"Savannah, GA",2023,April,326,37,3619,3982,0.0,1.0,3.0,3.0,2023-04-01
848210,Canada,"St. Albans, VT",2023,April,0,55,307477,307532,0.0,54.0,1053.0,1053.0,2023-04-01
848210,Canada,"Tampa, FL",2023,April,533,37,5921,6491,0.0,1.0,6.0,6.0,2023-04-01
848210,Canada,"Boston, MA",2023,May,326,432,77215,77973,0.0,111.0,57.0,57.0,2023-05-01
848210,Canada,"Buffalo, NY",2023,May,177997,6138,2844073,3028208,0.0,107398.0,17094.0,17094.0,2023-05-01
848210,Canada,"Cleveland, OH",2023,May,32362,88732,462233,583327,0.0,16418.0,2711.0,2711.0,2023-05-01
848210,Canada,"Dallas-Fort Worth, TX",2023,May,1689,858,18771,21318,0.0,3.0,3.0,3.0,2023-05-01
848210,Canada,"Detroit, MI",2023,May,118661,76548,4904529,5099738,0.0,1481030.0,285326.0,285326.0,2023-05-01
848210,Canada,"Great Falls, MT",2023,May,0,745,406991,407736,0.0,541.0,11323.0,11323.0,2023-05-01
848210,Canada,"Houston-Galveston, TX",2023,May,774,10,8604,9388,0.0,1.0,1.0,1.0,2023-05-01
848210,Canada,"Minneapolis, MN",2023,May,0,700,61309,62009,0.0,3200.0,2723.0,2723.0,2023-05-01
848210,Canada,"New Orleans, LA",2023,May,5378,4327,83131,92836,0.0,157.0,73.0,73.0,2023-05-01
848210,Canada,"Nogales, AZ",2023,May,3530,94,48955,52579,0.0,105.0,25.0,25.0,2023-05-01
848210,Canada,"Ogdensburg, NY",2023,May,2051,2000,395309,399360,0.0,18780.0,458.0,458.0,2023-05-01
848210,Canada,"Pembina, ND",2023,May,0,1337,541342,542679,0.0,7358.0,21918.0,21918.0,2023-05-01
848210,Canada,"Seattle, WA",2023,May,877,399,26731,28007,0.0,1306.0,197.0,197.0,2023-05-01
848210,Canada,"Boston, MA",2023,June,0,373,27319,27692,0.0,38.0,28.0,28.0,2023-06-01
848210,Canada,"Buffalo, NY",2023,June,102249,27907,3113049,3243205,0.0,120257.0,35108.0,35108.0,2023-06-01
848210,Canada,"Cleveland, OH",2023,June,10415,36544,208619,255578,0.0,2060.0,726.0,726.0,2023-06-01
848210,Canada,"Dallas-Fort Worth, TX",2023,June,6940,34,77113,84087,0.0,2949.0,1568.0,1568.0,2023-06-01
848210,Canada,"Detroit, MI",2023,June,157079,62529,4523926,4743534,0.0,1486159.0,260843.0,260843.0,2023-06-01
848210,Canada,"Great Falls, MT",2023,June,0,1400,190150,191550,0.0,113.0,6029.0,6029.0,2023-06-01
848210,Canada,"New Orleans, LA",2023,June,5848,3283,73749,82880,0.0,3187.0,1708.0,1708.0,2023-06-01
848210,Canada,"New York, NY",2023,June,0,182,40860,41042,0.0,60.0,45.0,45.0,2023-06-01
848210,Canada,"Nogales, AZ",2023,June,1161,1045,75988,78194,0.0,272.0,273.0,273.0,2023-06-01
848210,Canada,"Ogdensburg, NY",2023,June,2432,890,247984,251306,0.0,560.0,553.0,553.0,2023-06-01
848210,Canada,"Pembina, ND",2023,June,4731,1039,310021,315791,0.0,1416.0,13209.0,13209.0,2023-06-01
848210,Canada,"Savannah, GA",2023,June,1629,368,51574,53571,0.0,45.0,35.0,35.0,2023-06-01
848210,Canada,"Seattle, WA",2023,June,0,61,2100,2161,0.0,4.0,1.0,1.0,2023-06-01
848210,Canada,"Boston, MA",2023,July,0,85,10241,10326,0.0,8.0,6.0,6.0,2023-07-01
848210,Canada,"Buffalo, NY",2023,July,37802,2550,594446,634798,0.0,77659.0,17045.0,17045.0,2023-07-01
848210,Canada,"Cleveland, OH",2023,July,20245,75998,287129,383372,0.0,21992.0,1342.0,1342.0,2023-07-01
848210,Canada,"Dallas-Fort Worth, TX",2023,July,3277,1236,48809,53322,0.0,1730.0,12.0,12.0,2023-07-01
848210,Canada,"Detroit, MI",2023,July,132312,32282,3889700,4054294,0.0,1095834.0,237210.0,237210.0,2023-07-01
848210,Canada,"Great Falls, MT",2023,July,0,741,295458,296199,0.0,191.0,5120.0,5120.0,2023-07-01
848210,Canada,"Los Angeles, CA",2023,July,512,187,5685,6384,0.0,5.0,14.0,14.0,2023-07-01
848210,Canada,"New Orleans, LA",2023,July,9527,867,129137,139531,0.0,471.0,30.0,30.0,2023-07-01
848210,Canada,"Nogales, AZ",2023,July,429,51,16761,17241,0.0,45.0,11.0,11.0,2023-07-01
848210,Canada,"Ogdensburg, NY",2023,July,197,1308,157307,158812,0.0,16840.0,182.0,182.0,2023-07-01
848210,Canada,"Pembina, ND",2023,July,4731,1072,449840,455643,0.0,1470.0,20002.0,20002.0,2023-07-01
848210,Canada,"Seattle, WA",2023,July,497,513,65521,66531,0.0,22.0,12.0,12.0,2023-07-01
848210,Canada,"Boston, MA",2023,August,0,282,42855,43137,0.0,33.0,48.0,48.0,2023-08-01
848210,Canada,"Buffalo, NY",2023,August,49810,5102,1554500,1609412,0.0,57722.0,26540.0,26540.0,2023-08-01
848210,Canada,"Chicago, IL",2023,August,3046,56,33844,36946,0.0,1208.0,4.0,4.0,2023-08-01
848210,Canada,"Cleveland, OH",2023,August,10768,60918,170754,242440,0.0,947.0,548.0,548.0,2023-08-01
848210,Canada,"Dallas-Fort Worth, TX",2023,August,5655,1035,73658,80348,0.0,1604.0,42.0,42.0,2023-08-01
848210,Canada,"Detroit, MI",2023,August,160423,71234,5361977,5593634,0.0,1400830.0,264457.0,264457.0,2023-08-01
848210,Canada,"Great Falls, MT",2023,August,1764,1885,244570,248219,0.0,189.0,5496.0,5496.0,2023-08-01
848210,Canada,"Los Angeles, CA",2023,August,200,37,2226,2463,0.0,2.0,2.0,2.0,2023-08-01
848210,Canada,"New Orleans, LA",2023,August,7409,4518,187740,199667,0.0,3908.0,1946.0,1946.0,2023-08-01
848210,Canada,"New York, NY",2023,August,1493,83,16584,18160,0.0,691.0,4.0,4.0,2023-08-01
848210,Canada,"Nogales, AZ",2023,August,0,22,8864,8886,0.0,49.0,8.0,8.0,2023-08-01
848210,Canada,"Ogdensburg, NY",2023,August,0,1144,249341,250485,0.0,306.0,374.0,374.0,2023-08-01
848210,Canada,"Pembina, ND",2023,August,0,864,246928,247792,0.0,399.0,9637.0,9637.0,2023-08-01
848210,Canada,"San Francisco, CA",2023,August,1751,61,19450,21262,0.0,810.0,9.0,9.0,2023-08-01
848210,Canada,"Savannah, GA",2023,August,326,3,3619,3948,0.0,1.0,5.0,5.0,2023-08-01
848210,Canada,"Seattle, WA",2023,August,1524,665,16933,19122,0.0,3387.0,519.0,519.0,2023-08-01
848210,Canada,"Boston, MA",2023,September,0,415,70997,71412,0.0,79.0,67.0,67.0,2023-09-01
848210,Canada,"Buffalo, NY",2023,September,44907,6225,1583558,1634690,0.0,104984.0,23721.0,23721.0,2023-09-01
848210,Canada,"Cleveland, OH",2023,September,25847,228730,435753,690330,0.0,2520.0,1483.0,1483.0,2023-09-01
848210,Canada,"Detroit, MI",2023,September,110182,90076,4029311,4229569,0.0,1047288.0,237302.0,237302.0,2023-09-01
848210,Canada,"Great Falls, MT",2023,September,4189,786,150399,155374,0.0,147.0,4754.0,4754.0,2023-09-01
848210,Canada,"New Orleans, LA",2023,September,9434,5491,193620,208545,0.0,3695.0,1131.0,1131.0,2023-09-01
848210,Canada,"Nogales, AZ",2023,September,2445,708,42781,45934,0.0,208.0,47.0,47.0,2023-09-01
848210,Canada,"Ogdensburg, NY",2023,September,380,813,122582,123775,0.0,3963.0,390.0,390.0,2023-09-01
848210,Canada,"Pembina, ND",2023,September,0,895,429000,429895,0.0,405.0,10018.0,10018.0,2023-09-01
848210,Canada,"Savannah, GA",2023,September,417,54,4617,5088,0.0,3.0,3.0,3.0,2023-09-01
848210,Canada,"Seattle, WA",2023,September,994,1560,14593,17147,0.0,5.0,78.0,78.0,2023-09-01
848210,Canada,"St. Albans, VT",2023,September,0,874,174843,175717,0.0,42.0,259.0,259.0,2023-09-01
848210,Canada,"Boston, MA",2023,October,0,389,55599,55988,0.0,71.0,70.0,70.0,2023-10-01
848210,Canada,"Buffalo, NY",2023,October,41828,8579,1832017,1882424,0.0,54927.0,24334.0,24334.0,2023-10-01
848210,Canada,"Cleveland, OH",2023,October,16939,41704,299577,358220,0.0,384.0,570.0,570.0,2023-10-01
848210,Canada,"Dallas-Fort Worth, TX",2023,October,3961,1300,281153,286414,0.0,7229.0,117.0,117.0,2023-10-01
848210,Canada,"Detroit, MI",2023,October,123901,85288,4147362,4356551,0.0,1327779.0,232815.0,232815.0,2023-10-01
848210,Canada,"Great Falls, MT",2023,October,0,625,129088,129713,0.0,173.0,3007.0,3007.0,2023-10-01
848210,Canada,"New Orleans, LA",2023,October,2465,5665,152743,160873,0.0,1936.0,205.0,205.0,2023-10-01
848210,Canada,"New York, NY",2023,October,442,68,4913,5423,0.0,1.0,17.0,17.0,2023-10-01
848210,Canada,"Nogales, AZ",2023,October,281,61,12661,13003,0.0,44.0,14.0,14.0,2023-10-01
848210,Canada,"Ogdensburg, NY",2023,October,0,1522,457356,458878,0.0,11489.0,684.0,684.0,2023-10-01
848210,Canada,"Pembina, ND",2023,October,0,347,87886,88233,0.0,95.0,2821.0,2821.0,2023-10-01
848210,Canada,"Savannah, GA",2023,October,4398,313,89464,94175,0.0,2048.0,65.0,65.0,2023-10-01
848210,Canada,"Seattle, WA",2023,October,0,5,7058,7063,0.0,2.0,78.0,78.0,2023-10-01
848210,Canada,"St. Albans, VT",2023,October,0,150,2400,2550,0.0,2.0,1.0,1.0,2023-10-01
848210,Canada,"Boston, MA",2023,November,0,457,46783,47240,0.0,30.0,29.0,29.0,2023-11-01
848210,Canada,"Buffalo, NY",2023,November,47490,8868,1855085,1911443,0.0,86431.0,31283.0,31283.0,2023-11-01
848210,Canada,"Cleveland, OH",2023,November,20942,87043,319939,427924,0.0,2495.0,2201.0,2201.0,2023-11-01
848210,Canada,"Dallas-Fort Worth, TX",2023,November,846,46,9398,10290,0.0,2.0,2.0,2.0,2023-11-01
848210,Canada,"Detroit, MI",2023,November,79453,33489,4110459,4223401,0.0,1193830.0,239863.0,239863.0,2023-11-01
848210,Canada,"Great Falls, MT",2023,November,0,308,76723,77031,0.0,56.0,2157.0,2157.0,2023-11-01
848210,Canada,"New Orleans, LA",2023,November,4748,2622,74017,81387,0.0,986.0,122.0,122.0,2023-11-01
848210,Canada,"Nogales, AZ",2023,November,1269,26,19687,20982,0.0,69.0,7.0,7.0,2023-11-01
848210,Canada,"Ogdensburg, NY",2023,November,201,1247,305029,306477,0.0,4023.0,424.0,424.0,2023-11-01
848210,Canada,"Pembina, ND",2023,November,752,356,152740,153848,0.0,2210.0,5305.0,5305.0,2023-11-01
848210,Canada,"Savannah, GA",2023,November,2720,151,30221,33092,0.0,1259.0,9.0,9.0,2023-11-01
848210,Canada,"Seattle, WA",2023,November,19999,1710,229810,251519,0.0,2751.0,541.0,541.0,2023-11-01
848210,Canada,"Boston, MA",2023,December,0,380,81124,81504,0.0,108.0,69.0,69.0,2023-12-01
848210,Canada,"Buffalo, NY",2023,December,27179,6673,1429312,1463164,0.0,32226.0,12425.0,12425.0,2023-12-01
848210,Canada,"Cleveland, OH",2023,December,4241,4879,193767,202887,0.0,1861.0,212.0,212.0,2023-12-01
848210,Canada,"Dallas-Fort Worth, TX",2023,December,2221,2250,51502,55973,0.0,75.0,22.0,22.0,2023-12-01
848210,Canada,"Detroit, MI",2023,December,65005,39174,3550327,3654506,0.0,822484.0,181761.0,181761.0,2023-12-01
848210,Canada,"Great Falls, MT",2023,December,0,169,32465,32634,0.0,28.0,384.0,384.0,2023-12-01
848210,Canada,"Houston-Galveston, TX",2023,December,1345,1,14943,16289,0.0,2.0,32.0,32.0,2023-12-01
848210,Canada,"Los Angeles, CA",2023,December,1260,400,45120,46780,0.0,26.0,12.0,12.0,2023-12-01
848210,Canada,"New Orleans, LA",2023,December,11211,6966,176588,194765,0.0,1088.0,837.0,837.0,2023-12-01
848210,Canada,"New York, NY",2023,December,535,160,59454,60149,0.0,114.0,38.0,38.0,2023-12-01
848210,Canada,"Ogdensburg, NY",2023,December,3342,2165,382399,387906,0.0,12873.0,567.0,567.0,2023-12-01
848210,Canada,"Pembina, ND",2023,December,0,702,196561,197263,0.0,348.0,6038.0,6038.0,2023-12-01
848210,Canada,"Savannah, GA",2023,December,4405,182,48940,53527,0.0,2039.0,7.0,7.0,2023-12-01
848210,Canada,"Seattle, WA",2023,December,5510,797,61221,67528,0.0,28.0,14.0,14.0,2023-12-01
848210,Canada,"St. Albans, VT",2023,December,242,1500,2688,4430,0.0,4.0,1.0,1.0,2023-12-01
848210,Canada,"Boston, MA",2024,January,943,146,10473,11562,0.0,14.0,7.0,7.0,2024-01-01
848210,Canada,"Buffalo, NY",2024,January,34710,3970,865303,903983,0.0,72068.0,27087.0,27087.0,2024-01-01
848210,Canada,"Cleveland, OH",2024,January,6373,1917,136957,145247,0.0,154.0,266.0,266.0,2024-01-01
848210,Canada,"Dallas-Fort Worth, TX",2024,January,1850,378,20558,22786,0.0,6.0,6.0,6.0,2024-01-01
848210,Canada,"Detroit, MI",2024,January,77292,54393,4194887,4326572,0.0,971567.0,206107.0,206107.0,2024-01-01
848210,Canada,"Great Falls, MT",2024,January,428,151,76353,76932,0.0,393.0,1271.0,1271.0,2024-01-01
848210,Canada,"Los Angeles, CA",2024,January,233,100,2593,2926,0.0,1.0,1.0,1.0,2024-01-01
848210,Canada,"Miami, FL",2024,January,63,33,2635,2731,0.0,17.0,24.0,24.0,2024-01-01
848210,Canada,"New Orleans, LA",2024,January,5361,5749,166966,178076,0.0,4808.0,2216.0,2216.0,2024-01-01
848210,Canada,"New York, NY",2024,January,0,228,56235,56463,0.0,69.0,1.0,1.0,2024-01-01
848210,Canada,"Nogales, AZ",2024,January,552,88,8979,9619,0.0,35.0,29.0,29.0,2024-01-01
848210,Canada,"Ogdensburg, NY",2024,January,1832,662,94886,97380,0.0,582.0,128.0,128.0,2024-01-01
848210,Canada,"Pembina, ND",2024,January,303,954,331522,332779,0.0,801.0,8945.0,8945.0,2024-01-01
848210,Canada,"Seattle, WA",2024,January,9510,1007,105667,116184,0.0,6759.0,1232.0,1232.0,2024-01-01
848210,Canada,"Buffalo, NY",2024,February,69774,5457,1532223,1607454,0.0,74960.0,25152.0,25152.0,2024-02-01
848210,Canada,"Cleveland, OH",2024,February,24207,35190,377233,436630,0.0,5256.0,1875.0,1875.0,2024-02-01
848210,Canada,"Dallas-Fort Worth, TX",2024,February,3565,2475,189598,195638,0.0,5671.0,937.0,937.0,2024-02-01
848210,Canada,"Detroit, MI",2024,February,82946,88582,3903867,4075395,0.0,1065064.0,220598.0,220598.0,2024-02-01
848210,Canada,"Great Falls, MT",2024,February,602,501,144482,145585,0.0,167.0,5537.0,5537.0,2024-02-01
848210,Canada,"Laredo, TX",2024,February,371,38,4119,4528,0.0,1.0,1.0,1.0,2024-02-01
848210,Canada,"New Orleans, LA",2024,February,4770,1736,114124,120630,0.0,57.0,43.0,43.0,2024-02-01
848210,Canada,"Nogales, AZ",2024,February,404,110,8548,9062,0.0,36.0,34.0,34.0,2024-02-01
848210,Canada,"Ogdensburg, NY",2024,February,3681,1308,315374,320363,0.0,8063.0,3606.0,3606.0,2024-02-01
848210,Canada,"Pembina, ND",2024,February,6410,2222,180084,188716,0.0,13093.0,7891.0,7891.0,2024-02-01
848210,Canada,"Savannah, GA",2024,February,3257,150,36193,39600,0.0,10.0,20.0,20.0,2024-02-01
848210,Canada,"Seattle, WA",2024,February,1239,865,18728,20832,0.0,2758.0,514.0,514.0,2024-02-01
848210,Canada,"Boston, MA",2024,March,0,141,42283,42424,0.0,45.0,20.0,20.0,2024-03-01
848210,Canada,"Buffalo, NY",2024,March,89927,8042,2208898,2306867,0.0,75355.0,33600.0,33600.0,2024-03-01
848210,Canada,"Cleveland, OH",2024,March,15348,23638,334879,373865,0.0,2566.0,866.0,866.0,2024-03-01
848210,Canada,"Dallas-Fort Worth, TX",2024,March,2093,851,23256,26200,0.0,23.0,6.0,6.0,2024-03-01
848210,Canada,"Detroit, MI",2024,March,96911,54858,4964428,5116197,0.0,1207076.0,218323.0,218323.0,2024-03-01
848210,Canada,"Great Falls, MT",2024,March,348,148,29167,29663,0.0,459.0,611.0,611.0,2024-03-01
848210,Canada,"New Orleans, LA",2024,March,9180,6280,175801,191261,0.0,2045.0,135.0,135.0,2024-03-01
848210,Canada,"Nogales, AZ",2024,March,0,26,3742,3768,0.0,13.0,2.0,2.0,2024-03-01
848210,Canada,"Ogdensburg, NY",2024,March,6400,1021,549124,556545,0.0,54506.0,982.0,982.0,2024-03-01
848210,Canada,"Pembina, ND",2024,March,209,835,197764,198808,0.0,261.0,4206.0,4206.0,2024-03-01
848210,Canada,"Savannah, GA",2024,March,2672,147,29691,32510,0.0,752.0,13.0,13.0,2024-03-01
848210,Canada,"Seattle, WA",2024,March,16447,2237,185352,204036,0.0,200.0,124.0,124.0,2024-03-01
848210,Canada,"Boston, MA",2024,April,273,67,3029,3369,0.0,1.0,1.0,1.0,2024-04-01
848210,Canada,"Buffalo, NY",2024,April,67547,17144,3696898,3781589,0.0,126425.0,47814.0,47814.0,2024-04-01
848210,Canada,"Cleveland, OH",2024,April,21897,30774,340058,392729,0.0,218.0,995.0,995.0,2024-04-01
848210,Canada,"Dallas-Fort Worth, TX",2024,April,1674,1261,21656,24591,0.0,14.0,8.0,8.0,2024-04-01
848210,Canada,"Detroit, MI",2024,April,72825,58585,4150394,4281804,0.0,1132605.0,208891.0,208891.0,2024-04-01
848210,Canada,"Great Falls, MT",2024,April,246,562,118079,118887,0.0,77.0,3617.0,3617.0,2024-04-01
848210,Canada,"New Orleans, LA",2024,April,9487,5943,214237,229667,0.0,1346.0,187.0,187.0,2024-04-01
848210,Canada,"New York, NY",2024,April,66,35,22581,22682,0.0,13.0,8.0,8.0,2024-04-01
848210,Canada,"Ogdensburg, NY",2024,April,3532,1491,522927,527950,0.0,24543.0,1521.0,1521.0,2024-04-01
848210,Canada,"Pembina, ND",2024,April,426,432,102605,103463,0.0,324.0,2919.0,2919.0,2024-04-01
848210,Canada,"Philadelphia, PA",2024,April,236,107,2619,2962,0.0,10.0,1.0,1.0,2024-04-01
848210,Canada,"Savannah, GA",2024,April,0,77,6926,7003,0.0,2.0,1.0,1.0,2024-04-01
848210,Canada,"Seattle, WA",2024,April,3734,461,43741,47936,0.0,30.0,30.0,30.0,2024-04-01
848210,Canada,"Boston, MA",2024,May,0,174,22011,22185,0.0,20.0,10.0,10.0,2024-05-01
848210,Canada,"Buffalo, NY",2024,May,115062,6962,3398898,3520922,0.0,98012.0,44115.0,44115.0,2024-05-01
848210,Canada,"Cleveland, OH",2024,May,17292,52104,312857,382253,0.0,2551.0,954.0,954.0,2024-05-01
848210,Canada,"Dallas-Fort Worth, TX",2024,May,4111,491,45667,50269,0.0,56.0,24.0,24.0,2024-05-01
848210,Canada,"Detroit, MI",2024,May,63505,69240,5419347,5552092,0.0,1395793.0,236572.0,236572.0,2024-05-01
848210,Canada,"Great Falls, MT",2024,May,0,245,7535,7780,0.0,42.0,129.0,129.0,2024-05-01
848210,Canada,"New Orleans, LA",2024,May,8800,6311,208657,223768,0.0,2016.0,171.0,171.0,2024-05-01
848210,Canada,"New York, NY",2024,May,428,4,4748,5180,0.0,4.0,4.0,4.0,2024-05-01
848210,Canada,"Nogales, AZ",2024,May,182,245,2022,2449,0.0,5.0,2.0,2.0,2024-05-01
848210,Canada,"Ogdensburg, NY",2024,May,342,622,134647,135611,0.0,334.0,157.0,157.0,2024-05-01
848210,Canada,"Pembina, ND",2024,May,964,706,88533,90203,0.0,156.0,2077.0,2077.0,2024-05-01
848210,Canada,"Savannah, GA",2024,May,756,41,8395,9192,0.0,16.0,5.0,5.0,2024-05-01
848210,Canada,"Seattle, WA",2024,May,12614,832,142352,155798,0.0,8591.0,1344.0,1344.0,2024-05-01
848210,Canada,"St. Albans, VT",2024,May,1984,2204,22040,26228,0.0,1160.0,125.0,125.0,2024-05-01
848210,Canada,"Boston, MA",2024,June,5860,549,140521,146930,0.0,2835.0,1375.0,1375.0,2024-06-01
848210,Canada,"Buffalo, NY",2024,June,84225,5376,2149847,2239448,0.0,172679.0,33883.0,33883.0,2024-06-01
848210,Canada,"Cleveland, OH",2024,June,8391,25328,167586,201305,0.0,1877.0,463.0,463.0,2024-06-01
848210,Canada,"Dallas-Fort Worth, TX",2024,June,926,432,41143,42501,0.0,49.0,17.0,17.0,2024-06-01
848210,Canada,"Detroit, MI",2024,June,92576,56068,4914687,5063331,0.0,1414347.0,215661.0,215661.0,2024-06-01
848210,Canada,"Great Falls, MT",2024,June,0,260,86970,87230,0.0,112.0,3567.0,3567.0,2024-06-01
848210,Canada,"Houston-Galveston, TX",2024,June,0,340,18948,19288,0.0,7.0,449.0,449.0,2024-06-01
848210,Canada,"New Orleans, LA",2024,June,12473,6159,170618,189250,0.0,1062.0,210.0,210.0,2024-06-01
848210,Canada,"New York, NY",2024,June,0,208,48706,48914,0.0,49.0,34.0,34.0,2024-06-01
848210,Canada,"Nogales, AZ",2024,June,509,364,13829,14702,0.0,39.0,10.0,10.0,2024-06-01
848210,Canada,"Ogdensburg, NY",2024,June,331,1525,256626,258482,0.0,5517.0,1362.0,1362.0,2024-06-01
848210,Canada,"Pembina, ND",2024,June,1311,935,246866,249112,0.0,878.0,9650.0,9650.0,2024-06-01
848210,Canada,"Savannah, GA",2024,June,1757,211,36530,38498,0.0,9.0,17.0,17.0,2024-06-01
848210,Canada,"Seattle, WA",2024,June,11704,915,153585,166204,0.0,1632.0,2744.0,2744.0,2024-06-01
848210,Canada,"Boston, MA",2024,July,0,235,24495,24730,0.0,22.0,10.0,10.0,2024-07-01
848210,Canada,"Buffalo, NY",2024,July,142159,7807,2719538,2869504,0.0,165488.0,41376.0,41376.0,2024-07-01
848210,Canada,"Cleveland, OH",2024,July,25028,137635,452178,614841,0.0,9897.0,6345.0,6345.0,2024-07-01
848210,Canada,"Dallas-Fort Worth, TX",2024,July,1416,949,42104,44469,0.0,61.0,16.0,16.0,2024-07-01
848210,Canada,"Detroit, MI",2024,July,91996,58120,3717484,3867600,0.0,1115663.0,208281.0,208281.0,2024-07-01
848210,Canada,"Great Falls, MT",2024,July,0,331,44575,44906,0.0,75.0,1230.0,1230.0,2024-07-01
848210,Canada,"Los Angeles, CA",2024,July,217,100,2412,2729,0.0,4.0,1.0,1.0,2024-07-01
848210,Canada,"New Orleans, LA",2024,July,17562,9352,462606,489520,0.0,4831.0,1308.0,1308.0,2024-07-01
848210,Canada,"Nogales, AZ",2024,July,265,207,34242,34714,0.0,35.0,47.0,47.0,2024-07-01
848210,Canada,"Ogdensburg, NY",2024,July,288,303,29534,30125,0.0,5266.0,2577.0,2577.0,2024-07-01
848210,Canada,"Pembina, ND",2024,July,0,655,92492,93147,0.0,126.0,3144.0,3144.0,2024-07-01
848210,Canada,"San Francisco, CA",2024,July,296,450,3292,4038,0.0,2.0,1.0,1.0,2024-07-01
848210,Canada,"Savannah, GA",2024,July,278,16,3078,3372,0.0,2.0,2.0,2.0,2024-07-01
848210,Canada,"Seattle, WA",2024,July,12429,1745,138106,152280,0.0,5890.0,1075.0,1075.0,2024-07-01
848210,Canada,"St. Albans, VT",2024,July,0,55,4342,4397,0.0,1.0,1.0,1.0,2024-07-01
848210,Canada,"Anchorage, AK",2024,August,210,450,8731,9391,0.0,18.0,2.0,2.0,2024-08-01
848210,Canada,"Buffalo, NY",2024,August,40944,3775,897025,941744,0.0,59162.0,18297.0,18297.0,2024-08-01
848210,Canada,"Cleveland, OH",2024,August,10431,5592,411754,427777,0.0,50846.0,50837.0,50837.0,2024-08-01
848210,Canada,"Dallas-Fort Worth, TX",2024,August,6395,648,89320,96363,0.0,2577.0,50.0,50.0,2024-08-01
848210,Canada,"Detroit, MI",2024,August,56722,57309,3202071,3316102,0.0,663503.0,170318.0,170318.0,2024-08-01
848210,Canada,"Great Falls, MT",2024,August,501,1065,57264,58830,0.0,76.0,2162.0,2162.0,2024-08-01
848210,Canada,"New Orleans, LA",2024,August,21228,8050,341028,370306,0.0,1896.0,191.0,191.0,2024-08-01
848210,Canada,"New York, NY",2024,August,0,122,24347,24469,0.0,22.0,27.0,27.0,2024-08-01
848210,Canada,"Nogales, AZ",2024,August,634,24,9316,9974,0.0,24.0,4.0,4.0,2024-08-01
848210,Canada,"Ogdensburg, NY",2024,August,2106,1016,198505,201627,0.0,205.0,253.0,253.0,2024-08-01
848210,Canada,"Pembina, ND",2024,August,343,333,72832,73508,0.0,121.0,2988.0,2988.0,2024-08-01
848210,Canada,"Savannah, GA",2024,August,844,75,9380,10299,0.0,5.0,1.0,1.0,2024-08-01
848210,Canada,"Seattle, WA",2024,August,5194,518,57695,63407,0.0,38.0,25.0,25.0,2024-08-01
848210,Canada,"Boston, MA",2024,September,0,365,74612,74977,0.0,90.0,48.0,48.0,2024-09-01
848210,Canada,"Buffalo, NY",2024,September,51315,5613,2130774,2187702,0.0,255661.0,20634.0,20634.0,2024-09-01
848210,Canada,"Cleveland, OH",2024,September,60027,219969,815297,1095293,0.0,159473.0,110878.0,110878.0,2024-09-01
848210,Canada,"Dallas-Fort Worth, TX",2024,September,1305,1663,14489,17457,0.0,17.0,8.0,8.0,2024-09-01
848210,Canada,"Detroit, MI",2024,September,78362,53179,3443624,3575165,0.0,372195.0,153764.0,153764.0,2024-09-01
848210,Canada,"Great Falls, MT",2024,September,0,696,53682,54378,0.0,50.0,1307.0,1307.0,2024-09-01
848210,Canada,"Miami, FL",2024,September,96,41,4005,4142,0.0,1.0,5.0,5.0,2024-09-01
848210,Canada,"New Orleans, LA",2024,September,13751,7191,674427,695369,0.0,2302.0,248.0,248.0,2024-09-01
848210,Canada,"New York, NY",2024,September,120,30,8274,8424,0.0,5.0,3.0,3.0,2024-09-01
848210,Canada,"Nogales, AZ",2024,September,0,26,2609,2635,0.0,5.0,5.0,5.0,2024-09-01
848210,Canada,"Ogdensburg, NY",2024,September,0,1085,125252,126337,0.0,4667.0,280.0,280.0,2024-09-01
848210,Canada,"Pembina, ND",2024,September,0,796,157612,158408,0.0,1407.0,6070.0,6070.0,2024-09-01
848210,Canada,"Savannah, GA",2024,September,6086,428,67622,74136,0.0,2520.0,28.0,28.0,2024-09-01
848210,Canada,"Seattle, WA",2024,September,2059,299,35190,37548,0.0,21.0,16.0,16.0,2024-09-01
848210,Canada,"St. Albans, VT",2024,September,0,262,52449,52711,0.0,9.0,176.0,176.0,2024-09-01
848210,Canada,"Boston, MA",2024,October,0,189,55179,55368,0.0,51.0,47.0,47.0,2024-10-01
848210,Canada,"Buffalo, NY",2024,October,92009,11259,3560052,3663320,0.0,245923.0,25695.0,25695.0,2024-10-01
848210,Canada,"Cleveland, OH",2024,October,67141,3442,881347,951930,0.0,684261.0,50712.0,50712.0,2024-10-01
848210,Canada,"Dallas-Fort Worth, TX",2024,October,3686,613,40961,45260,0.0,30.0,13.0,13.0,2024-10-01
848210,Canada,"Detroit, MI",2024,October,91193,44016,3878891,4014100,0.0,389963.0,143822.0,143822.0,2024-10-01
848210,Canada,"Great Falls, MT",2024,October,368,1163,83791,85322,0.0,326.0,1868.0,1868.0,2024-10-01
848210,Canada,"Los Angeles, CA",2024,October,0,300,8037,8337,0.0,5.0,2.0,2.0,2024-10-01
848210,Canada,"New Orleans, LA",2024,October,8713,4290,122866,135869,0.0,916.0,61.0,61.0,2024-10-01
848210,Canada,"Ogdensburg, NY",2024,October,216,1240,265446,266902,0.0,130.0,213.0,213.0,2024-10-01
848210,Canada,"Pembina, ND",2024,October,758,713,165463,166934,0.0,1174.0,5212.0,5212.0,2024-10-01
848210,Canada,"Savannah, GA",2024,October,2127,931,23629,26687,0.0,9.0,9.0,9.0,2024-10-01
848210,Canada,"Seattle, WA",2024,October,5959,1618,72218,79795,0.0,46.0,129.0,129.0,2024-10-01
848210,Canada,"Boston, MA",2024,November,0,305,87854,88159,0.0,70.0,39.0,39.0,2024-11-01
848210,Canada,"Buffalo, NY",2024,November,149751,9473,3943146,4102370,0.0,103215.0,28190.0,28190.0,2024-11-01
848210,Canada,"Cleveland, OH",2024,November,78436,17013,1103665,1199114,0.0,708839.0,49933.0,49933.0,2024-11-01
848210,Canada,"Dallas-Fort Worth, TX",2024,November,4082,1312,103238,108632,0.0,1412.0,62.0,62.0,2024-11-01
848210,Canada,"Detroit, MI",2024,November,55882,43786,3425552,3525220,0.0,363182.0,144974.0,144974.0,2024-11-01
848210,Canada,"Great Falls, MT",2024,November,0,1922,47049,48971,0.0,83.0,552.0,552.0,2024-11-01
848210,Canada,"Houston-Galveston, TX",2024,November,1378,26,15306,16710,0.0,120.0,16.0,16.0,2024-11-01
848210,Canada,"New Orleans, LA",2024,November,26326,8978,447373,482677,0.0,894.0,116.0,116.0,2024-11-01
848210,Canada,"New York, NY",2024,November,456,54,5062,5572,0.0,1.0,17.0,17.0,2024-11-01
848210,Canada,"Nogales, AZ",2024,November,417,172,4630,5219,0.0,35.0,28.0,28.0,2024-11-01
848210,Canada,"Ogdensburg, NY",2024,November,2099,892,207000,209991,0.0,3208.0,3183.0,3183.0,2024-11-01
848210,Canada,"Pembina, ND",2024,November,0,546,130838,131384,0.0,655.0,5411.0,5411.0,2024-11-01
848210,Canada,"Savannah, GA",2024,November,3279,161,36432,39872,0.0,11.0,17.0,17.0,2024-11-01
848210,Canada,"Seattle, WA",2024,November,8909,2175,101338,112422,0.0,11824.0,4646.0,4646.0,2024-11-01
848210,Canada,"Boston, MA",2024,December,0,158,15533,15691,0.0,18.0,15.0,15.0,2024-12-01
848210,Canada,"Buffalo, NY",2024,December,147441,9537,4176274,4333252,0.0,294180.0,13621.0,13621.0,2024-12-01
848210,Canada,"Cleveland, OH",2024,December,57933,41518,713558,813009,0.0,520386.0,40052.0,40052.0,2024-12-01
848210,Canada,"Dallas-Fort Worth, TX",2024,December,1407,896,30031,32334,0.0,33.0,25.0,25.0,2024-12-01
848210,Canada,"Detroit, MI",2024,December,49144,36106,3189770,3275020,0.0,301035.0,108010.0,108010.0,2024-12-01
848210,Canada,"Great Falls, MT",2024,December,0,1463,122073,123536,0.0,131.0,2830.0,2830.0,2024-12-01
848210,Canada,"New Orleans, LA",2024,December,11239,6397,339902,357538,0.0,2731.0,176.0,176.0,2024-12-01
848210,Canada,"New York, NY",2024,December,1635,219,18170,20024,0.0,4.0,7.0,7.0,2024-12-01
848210,Canada,"Nogales, AZ",2024,December,0,593,18123,18716,0.0,60.0,63.0,63.0,2024-12-01
848210,Canada,"Ogdensburg, NY",2024,December,0,737,174404,175141,0.0,135.0,166.0,166.0,2024-12-01
848210,Canada,"Pembina, ND",2024,December,0,318,97296,97614,0.0,565.0,5731.0,5731.0,2024-12-01
848210,Canada,"Savannah, GA",2024,December,3702,1683,41142,46527,0.0,21.0,20.0,20.0,2024-12-01
848210,Canada,"Seattle, WA",2024,December,13617,1662,154467,169746,0.0,2107.0,599.0,599.0,2024-12-01
848210,Canada,"St. Albans, VT",2024,December,1294,146,14374,15814,0.0,1.0,3.0,3.0,2024-12-01
848210,Canada,"Boston, MA",2025,January,3578,564,96135,100277,0.0,127.0,63.0,63.0,2025-01-01
848210,Canada,"Buffalo, NY",2025,January,95794,6279,2016543,2118616,0.0,92072.0,19459.0,19459.0,2025-01-01
848210,Canada,"Cleveland, OH",2025,January,104186,25565,1213203,1342954,0.0,1004574.0,78153.0,78153.0,2025-01-01
848210,Canada,"Dallas-Fort Worth, TX",2025,January,4849,445,60223,65517,0.0,1928.0,35.0,35.0,2025-01-01
848210,Canada,"Detroit, MI",2025,January,91652,62658,4547215,4701525,0.0,422686.0,163913.0,163913.0,2025-01-01
848210,Canada,"Great Falls, MT",2025,January,2541,314,78960,81815,0.0,1518.0,1682.0,1682.0,2025-01-01
848210,Canada,"New Orleans, LA",2025,January,1617,5449,179258,186324,0.0,10157.0,204.0,204.0,2025-01-01
848210,Canada,"Nogales, AZ",2025,January,1785,3478,33539,38802,0.0,85.0,165.0,165.0,2025-01-01
848210,Canada,"Ogdensburg, NY",2025,January,246,1106,328835,330187,0.0,22502.0,942.0,942.0,2025-01-01
848210,Canada,"Pembina, ND",2025,January,1463,2187,134518,138168,0.0,203.0,4029.0,4029.0,2025-01-01
848210,Canada,"San Francisco, CA",2025,January,1009,80,11209,12298,0.0,2078.0,1104.0,1104.0,2025-01-01
848210,Canada,"Savannah, GA",2025,January,194,139,2154,2487,0.0,1.0,1.0,1.0,2025-01-01
848210,Canada,"Seattle, WA",2025,January,8120,264,94013,102397,0.0,3655.0,1220.0,1220.0,2025-01-01
848210,Canada,"Boston, MA",2025,February,0,217,39037,39254,0.0,52.0,30.0,30.0,2025-02-01
848210,Canada,"Buffalo, NY",2025,February,123943,8302,2686221,2818466,0.0,69683.0,26786.0,26786.0,2025-02-01
848210,Canada,"Chicago, IL",2025,February,575,100,6394,7069,0.0,2.0,1.0,1.0,2025-02-01
848210,Canada,"Cleveland, OH",2025,February,83333,27359,1124900,1235592,0.0,667515.0,51458.0,51458.0,2025-02-01
848210,Canada,"Dallas-Fort Worth, TX",2025,February,2095,1105,29633,32833,0.0,49.0,13.0,13.0,2025-02-01
848210,Canada,"Detroit, MI",2025,February,97915,47627,3394878,3540420,0.0,311807.0,150834.0,150834.0,2025-02-01
848210,Canada,"Great Falls, MT",2025,February,1127,748,122030,123905,0.0,153.0,2902.0,2902.0,2025-02-01
848210,Canada,"Miami, FL",2025,February,0,500,77728,78228,0.0,9.0,4.0,4.0,2025-02-01
848210,Canada,"New Orleans, LA",2025,February,7453,6484,253607,267544,0.0,3069.0,1471.0,1471.0,2025-02-01
848210,Canada,"New York, NY",2025,February,465,77,5165,5707,0.0,1.0,17.0,17.0,2025-02-01
848210,Canada,"Nogales, AZ",2025,February,921,114,10241,11276,0.0,22.0,18.0,18.0,2025-02-01
848210,Canada,"Ogdensburg, NY",2025,February,144,1225,551158,552527,0.0,2691.0,366.0,366.0,2025-02-01
848210,Canada,"Pembina, ND",2025,February,0,171,95499,95670,0.0,120.0,3951.0,3951.0,2025-02-01
848210,Canada,"Seattle, WA",2025,February,7671,156,87624,95451,0.0,52.0,29.0,29.0,2025-02-01
848210,Canada,"St. Albans, VT",2025,February,438,4,4864,5306,0.0,10.0,2.0,2.0,2025-02-01
848210,Canada,"Boston, MA",2025,March,0,15,8965,8980,0.0,1.0,1.0,1.0,2025-03-01
848210,Canada,"Buffalo, NY",2025,March,167826,14730,2101401,2283957,0.0,70226.0,25800.0,25800.0,2025-03-01
848210,Canada,"Cleveland, OH",2025,March,198477,7916,1162671,1369064,0.0,805359.0,59885.0,59885.0,2025-03-01
848210,Canada,"Dallas-Fort Worth, TX",2025,March,9539,1039,54937,65515,0.0,36.0,55.0,55.0,2025-03-01
848210,Canada,"Detroit, MI",2025,March,479791,32654,4876543,5388988,0.0,440632.0,187153.0,187153.0,2025-03-01
848210,Canada,"Great Falls, MT",2025,March,0,1280,122434,123714,0.0,105.0,2826.0,2826.0,2025-03-01
848210,Canada,"New Orleans, LA",2025,March,57327,7935,487148,552410,0.0,12539.0,4932.0,4932.0,2025-03-01
848210,Canada,"Nogales, AZ",2025,March,1231,1652,32246,35129,0.0,70.0,344.0,344.0,2025-03-01
848210,Canada,"Ogdensburg, NY",2025,March,0,352,44847,45199,0.0,55.0,54.0,54.0,2025-03-01
848210,Canada,"Pembina, ND",2025,March,11442,804,178880,191126,0.0,1550.0,4914.0,4914.0,2025-03-01
848210,Canada,"Savannah, GA",2025,March,1162,201,3418,4781,0.0,2.0,2.0,2.0,2025-03-01
848210,Canada,"Seattle, WA",2025,March,11001,1251,205822,218074,0.0,4759.0,640.0,640.0,2025-03-01
848210,Canada,"Anchorage, AK",2025,April,821,450,2415,3686,0.0,1.0,1.0,1.0,2025-04-01
848210,Canada,"Buffalo, NY",2025,April,172960,11014,3261420,3445394,0.0,281482.0,38543.0,38543.0,2025-04-01
848210,Canada,"Cleveland, OH",2025,April,311589,140714,1728814,2181117,0.0,762149.0,62673.0,62673.0,2025-04-01
848210,Canada,"Dallas-Fort Worth, TX",2025,April,13722,1437,98176,113335,0.0,476.0,81.0,81.0,2025-04-01
848210,Canada,"Detroit, MI",2025,April,221808,36947,3482931,3741686,0.0,561464.0,140917.0,140917.0,2025-04-01
848210,Canada,"Great Falls, MT",2025,April,0,255,92196,92451,0.0,487.0,2626.0,2626.0,2025-04-01
848210,Canada,"New Orleans, LA",2025,April,20472,7134,288448,316054,0.0,15386.0,1568.0,1568.0,2025-04-01
848210,Canada,"Ogdensburg, NY",2025,April,3182,1924,312661,317767,0.0,56873.0,808.0,808.0,2025-04-01
848210,Canada,"Pembina, ND",2025,April,2245,818,150554,153617,0.0,1194.0,5469.0,5469.0,2025-04-01
848210,Canada,"San Francisco, CA",2025,April,0,120,20420,20540,0.0,402.0,1.0,1.0,2025-04-01
848210,Canada,"Savannah, GA",2025,April,1352,436,47491,49279,0.0,810.0,11.0,11.0,2025-04-01
848210,Canada,"Seattle, WA",2025,April,0,790,102839,103629,0.0,58.0,52.0,52.0,2025-04-01
848210,Canada,"Anchorage, AK",2025,May,3006,450,8840,12296,0.0,1.0,4.0,4.0,2025-05-01
848210,Canada,"Boston, MA",2025,May,0,58,94528,94586,0.0,2589.0,41.0,41.0,2025-05-01
848210,Canada,"Buffalo, NY",2025,May,218755,11329,4266044,4496128,0.0,190043.0,79733.0,79733.0,2025-05-01
848210,Canada,"Cleveland, OH",2025,May,361023,3282,1163686,1527991,0.0,900240.0,75712.0,75712.0,2025-05-01
848210,Canada,"Dallas-Fort Worth, TX",2025,May,2159,710,42148,45017,0.0,273.0,41.0,41.0,2025-05-01
848210,Canada,"Detroit, MI",2025,May,198176,54229,4764123,5016528,0.0,430461.0,180389.0,180389.0,2025-05-01
848210,Canada,"Great Falls, MT",2025,May,1488,1640,117367,120495,0.0,117.0,2598.0,2598.0,2025-05-01
848210,Canada,"Miami, FL",2025,May,0,500,13228,13728,0.0,18.0,1.0,1.0,2025-05-01
848210,Canada,"New Orleans, LA",2025,May,52725,9278,411795,473798,0.0,1277.0,208.0,208.0,2025-05-01
848210,Canada,"New York, NY",2025,May,2746,101,8075,10922,0.0,2.0,3.0,3.0,2025-05-01
848210,Canada,"Nogales, AZ",2025,May,654,47,12992,13693,0.0,34.0,9.0,9.0,2025-05-01
848210,Canada,"Ogdensburg, NY",2025,May,618,2594,292776,295988,0.0,684.0,873.0,873.0,2025-05-01
848210,Canada,"Pembina, ND",2025,May,1527,571,145292,147390,0.0,701.0,4574.0,4574.0,2025-05-01
848210,Canada,"San Francisco, CA",2025,May,0,199,20420,20619,0.0,402.0,1.0,1.0,2025-05-01
848210,Canada,"Savannah, GA",2025,May,0,762,79190,79952,0.0,1560.0,40.0,40.0,2025-05-01
848210,Canada,"Seattle, WA",2025,May,0,153,17648,17801,0.0,2.0,3.0,3.0,2025-05-01
848210,Canada,"St. Louis, MO",2025,May,1218,65,3583,4866,0.0,1.0,5.0,5.0,2025-05-01
848210,Canada,"Boston, MA",2025,June,0,71,4564,4635,0.0,1.0,8.0,8.0,2025-06-01
848210,Canada,"Buffalo, NY",2025,June,22887,13756,2563809,2600452,0.0,98867.0,44239.0,44239.0,2025-06-01
848210,Canada,"Cleveland, OH",2025,June,240902,5026,1149573,1395501,0.0,663507.0,51329.0,51329.0,2025-06-01
848210,Canada,"Dallas-Fort Worth, TX",2025,June,43723,2286,312102,358111,0.0,4655.0,83.0,83.0,2025-06-01
848210,Canada,"Detroit, MI",2025,June,302827,39305,4846530,5188662,0.0,498706.0,177253.0,177253.0,2025-06-01
848210,Canada,"Great Falls, MT",2025,June,0,1582,185924,187506,0.0,129.0,3959.0,3959.0,2025-06-01
848210,Canada,"Los Angeles, CA",2025,June,838,0,2465,3303,0.0,5.0,19.0,19.0,2025-06-01
848210,Canada,"Miami, FL",2025,June,0,325,4162,4487,0.0,1.0,7.0,7.0,2025-06-01
848210,Canada,"New Orleans, LA",2025,June,6435,6182,503094,515711,0.0,1276.0,338.0,338.0,2025-06-01
848210,Canada,"Nogales, AZ",2025,June,267,1580,142588,144435,0.0,108.0,23.0,23.0,2025-06-01
848210,Canada,"Ogdensburg, NY",2025,June,1282,2463,350544,354289,0.0,158.0,545.0,545.0,2025-06-01
848210,Canada,"Pembina, ND",2025,June,2025,1378,206142,209545,0.0,226.0,5332.0,5332.0,2025-06-01
848210,Canada,"San Francisco, CA",2025,June,20618,1190,139830,161638,0.0,2251.0,64.0,64.0,2025-06-01
848210,Canada,"Savannah, GA",2025,June,8105,932,73292,82329,0.0,993.0,9.0,9.0,2025-06-01
848210,Canada,"Seattle, WA",2025,June,0,784,117211,117995,0.0,1801.0,771.0,771.0,2025-06-01
848210,Canada,"Boston, MA",2025,July,0,168,19299,19467,0.0,16.0,21.0,21.0,2025-07-01
848210,Canada,"Buffalo, NY",2025,July,3791,11709,2609789,2625289,0.0,46776.0,16971.0,16971.0,2025-07-01
848210,Canada,"Cleveland, OH",2025,July,259170,33059,1029378,1321607,0.0,655350.0,52327.0,52327.0,2025-07-01
848210,Canada,"Dallas-Fort Worth, TX",2025,July,11846,996,121605,134447,0.0,489.0,94.0,94.0,2025-07-01
848210,Canada,"Detroit, MI",2025,July,310108,60394,4340655,4711157,0.0,559340.0,187779.0,187779.0,2025-07-01
848210,Canada,"Great Falls, MT",2025,July,1597,1281,207416,210294,0.0,1006.0,3158.0,3158.0,2025-07-01
848210,Canada,"Miami, FL",2025,July,3433,750,13731,17914,0.0,57.0,6.0,6.0,2025-07-01
848210,Canada,"New Orleans, LA",2025,July,23929,5734,169386,199049,0.0,643.0,121.0,121.0,2025-07-01
848210,Canada,"New York, NY",2025,July,1036,40,3046,4122,0.0,41.0,325.0,325.0,2025-07-01
848210,Canada,"Nogales, AZ",2025,July,761,361,43388,44510,0.0,34.0,16.0,16.0,2025-07-01
848210,Canada,"Ogdensburg, NY",2025,July,5440,1602,302565,309607,0.0,1215.0,742.0,742.0,2025-07-01
848210,Canada,"Pembina, ND",2025,July,0,1827,235593,237420,0.0,209.0,4661.0,4661.0,2025-07-01
848210,Canada,"San Francisco, CA",2025,July,0,163,13064,13227,0.0,184.0,1.0,1.0,2025-07-01
848210,Canada,"Savannah, GA",2025,July,1663,166,11072,12901,0.0,6.0,6.0,6.0,2025-07-01
848210,Canada,"Seattle, WA",2025,July,3629,1295,66880,71804,0.0,40.0,33.0,33.0,2025-07-01
848210,Canada,"Anchorage, AK",2025,August,7131,421,12087,19639,0.0,2475.0,1315.0,1315.0,2025-08-01
848210,Canada,"Boston, MA",2025,August,0,210,36256,36466,0.0,33.0,21.0,21.0,2025-08-01
848210,Canada,"Buffalo, NY",2025,August,122602,11772,2759634,2894008,0.0,66316.0,26799.0,26799.0,2025-08-01
848210,Canada,"Cleveland, OH",2025,August,198660,37252,1109041,1344953,0.0,486597.0,38813.0,38813.0,2025-08-01
848210,Canada,"Dallas-Fort Worth, TX",2025,August,67410,2363,292763,362536,0.0,1039.0,96.0,96.0,2025-08-01
848210,Canada,"Detroit, MI",2025,August,641421,43787,3939320,4624528,0.0,430008.0,173056.0,173056.0,2025-08-01
848210,Canada,"Great Falls, MT",2025,August,0,105,17850,17955,0.0,19.0,73.0,73.0,2025-08-01
848210,Canada,"Miami, FL",2025,August,15773,138,43738,59649,0.0,14.0,41.0,41.0,2025-08-01
848210,Canada,"New Orleans, LA",2025,August,121035,8891,597492,727418,0.0,8557.0,1891.0,1891.0,2025-08-01
848210,Canada,"Nogales, AZ",2025,August,3993,519,73634,78146,0.0,164.0,52.0,52.0,2025-08-01
848210,Canada,"Ogdensburg, NY",2025,August,2668,360,86537,89565,0.0,3258.0,360.0,360.0,2025-08-01
848210,Canada,"Pembina, ND",2025,August,0,593,161746,162339,0.0,229.0,5498.0,5498.0,2025-08-01
848210,Canada,"San Francisco, CA",2025,August,3564,1355,139205,144124,0.0,1649.0,69.0,69.0,2025-08-01
848210,Canada,"Savannah, GA",2025,August,0,535,40140,40675,0.0,476.0,29.0,29.0,2025-08-01
848210,Canada,"Seattle, WA",2025,August,0,791,147905,148696,0.0,1447.0,597.0,597.0,2025-08-01
848210,Canada,"Anchorage, AK",2025,September,6613,73,11209,17895,0.0,2296.0,1219.0,1219.0,2025-09-01
848210,Canada,"Boston, MA",2025,September,0,173,21538,21711,0.0,19.0,12.0,12.0,2025-09-01
848210,Canada,"Buffalo, NY",2025,September,296324,13390,3202199,3511913,0.0,86127.0,34850.0,34850.0,2025-09-01
848210,Canada,"Cleveland, OH",2025,September,522546,118748,1240434,1881728,0.0,830821.0,64908.0,64908.0,2025-09-01
848210,Canada,"Dallas-Fort Worth, TX",2025,September,28157,1952,109502,139611,0.0,906.0,106.0,106.0,2025-09-01
848210,Canada,"Detroit, MI",2025,September,1311960,36849,5173422,6522231,0.0,494919.0,188714.0,188714.0,2025-09-01
848210,Canada,"Great Falls, MT",2025,September,88742,951,219361,309054,0.0,508.0,1745.0,1745.0,2025-09-01
848210,Canada,"Miami, FL",2025,September,0,226,34309,34535,0.0,11.0,123.0,123.0,2025-09-01
848210,Canada,"New Orleans, LA",2025,September,59242,4693,185839,249774,0.0,339.0,53.0,53.0,2025-09-01
848210,Canada,"Nogales, AZ",2025,September,1601,343,28813,30757,0.0,39.0,16.0,16.0,2025-09-01
848210,Canada,"Ogdensburg, NY",2025,September,122467,2050,273963,398480,0.0,30527.0,1876.0,1876.0,2025-09-01
848210,Canada,"Pembina, ND",2025,September,3472,627,66325,70424,0.0,162.0,1117.0,1117.0,2025-09-01
848210,Canada,"San Francisco, CA",2025,September,0,582,59493,60075,0.0,705.0,51.0,51.0,2025-09-01
848210,Canada,"Savannah, GA",2025,September,339,784,70421,71544,0.0,716.0,56.0,56.0,2025-09-01
848210,Canada,"Seattle, WA",2025,September,16261,342,75160,91763,0.0,1331.0,2237.0,2237.0,2025-09-01
848210,Canada,"St. Louis, MO",2025,September,2181,65,3697,5943,0.0,1.0,3.0,3.0,2025-09-01
848210,Canada,"Boston, MA",2025,October,4113,154,13841,18108,0.0,10.0,10.0,10.0,2025-10-01
848210,Canada,"Buffalo, NY",2025,October,158235,9917,3866981,4035133,0.0,77036.0,27901.0,27901.0,2025-10-01
848210,Canada,"Cleveland, OH",2025,October,280685,4073,1072858,1357616,0.0,627035.0,47900.0,47900.0,2025-10-01
848210,Canada,"Dallas-Fort Worth, TX",2025,October,6890,761,60191,67842,0.0,384.0,78.0,78.0,2025-10-01
848210,Canada,"Detroit, MI",2025,October,943024,76689,4878335,5898048,0.0,609371.0,262094.0,262094.0,2025-10-01
848210,Canada,"Great Falls, MT",2025,October,38677,1520,122432,162629,0.0,196.0,2676.0,2676.0,2025-10-01
848210,Canada,"Miami, FL",2025,October,0,218,34415,34633,0.0,9.0,121.0,121.0,2025-10-01
848210,Canada,"New Orleans, LA",2025,October,81849,6694,309949,398492,0.0,1896.0,336.0,336.0,2025-10-01
848210,Canada,"New York, NY",2025,October,4247,50,8074,12371,0.0,2.0,3.0,3.0,2025-10-01
848210,Canada,"Nogales, AZ",2025,October,7819,420,79217,87456,0.0,150.0,64.0,64.0,2025-10-01
848210,Canada,"Ogdensburg, NY",2025,October,20844,108,41688,62640,0.0,30.0,11.0,11.0,2025-10-01
848210,Canada,"Pembina, ND",2025,October,2178,97,29270,31545,0.0,47.0,961.0,961.0,2025-10-01
848210,Canada,"San Francisco, CA",2025,October,0,199,20420,20619,0.0,228.0,17.0,17.0,2025-10-01
848210,Canada,"Savannah, GA",2025,October,412,510,62079,63001,0.0,569.0,24.0,24.0,2025-10-01
848210,Canada,"Seattle, WA",2025,October,11657,293,56831,68781,0.0,2103.0,1038.0,1038.0,2025-10-01
848210,Canada,"St. Albans, VT",2025,October,0,55,8988,9043,0.0,2.0,18.0,18.0,2025-10-01
848210,Canada,"Boston, MA",2025,November,11124,340,46278,57742,0.0,44.0,25.0,25.0,2025-11-01
848210,Canada,"Buffalo, NY",2025,November,108265,8309,2261502,2378076,0.0,78217.0,24709.0,24709.0,2025-11-01
848210,Canada,"Cleveland, OH",2025,November,250087,4153,799603,1053843,0.0,538808.0,45091.0,45091.0,2025-11-01
848210,Canada,"Dallas-Fort Worth, TX",2025,November,1954,180,23351,25485,0.0,9.0,32.0,32.0,2025-11-01
848210,Canada,"Detroit, MI",2025,November,823206,59154,4505912,5388272,0.0,454237.0,198663.0,198663.0,2025-11-01
848210,Canada,"Great Falls, MT",2025,November,1342,527,69989,71858,0.0,438.0,728.0,728.0,2025-11-01
848210,Canada,"Miami, FL",2025,November,1842,165,17212,19219,0.0,10.0,30.0,30.0,2025-11-01
848210,Canada,"New Orleans, LA",2025,November,78484,6940,246921,332345,0.0,9474.0,1041.0,1041.0,2025-11-01
848210,Canada,"Nogales, AZ",2025,November,241,16,6441,6698,0.0,7.0,5.0,5.0,2025-11-01
848210,Canada,"Ogdensburg, NY",2025,November,48125,1122,156791,206038,0.0,120.0,188.0,188.0,2025-11-01
848210,Canada,"Pembina, ND",2025,November,23297,584,200950,224831,0.0,605.0,14256.0,14256.0,2025-11-01
848210,Canada,"Portland, ME",2025,November,3657,214,3890,7761,0.0,10.0,35.0,35.0,2025-11-01
848210,Canada,"San Francisco, CA",2025,November,1838,199,20420,22457,0.0,228.0,9.0,9.0,2025-11-01
848210,Canada,"Savannah, GA",2025,November,1475,132,8721,10328,0.0,4.0,4.0,4.0,2025-11-01
848210,Canada,"Seattle, WA",2025,November,14262,910,60334,75506,0.0,40.0,26.0,26.0,2025-11-01
848210,Canada,"Boston, MA",2025,December,0,463,71655,72118,0.0,1802.0,38.0,38.0,2025-12-01
848210,Canada,"Buffalo, NY",2025,December,61633,11985,3127717,3201335,0.0,60038.0,24507.0,24507.0,2025-12-01
848210,Canada,"Cleveland, OH",2025,December,388782,89275,1134866,1612923,0.0,624676.0,50500.0,50500.0,2025-12-01
848210,Canada,"Dallas-Fort Worth, TX",2025,December,16396,3488,407840,427724,0.0,3583.0,229.0,229.0,2025-12-01
848210,Canada,"Detroit, MI",2025,December,604954,29973,3903576,4538503,0.0,317745.0,146097.0,146097.0,2025-12-01
848210,Canada,"Great Falls, MT",2025,December,32156,566,89681,122403,0.0,274.0,1791.0,1791.0,2025-12-01
848210,Canada,"Miami, FL",2025,December,3000,806,64438,68244,0.0,19.0,113.0,113.0,2025-12-01
848210,Canada,"New Orleans, LA",2025,December,190093,5903,564980,760976,0.0,1639.0,206.0,206.0,2025-12-01
848210,Canada,"Nogales, AZ",2025,December,6913,631,27610,35154,0.0,53.0,22.0,22.0,2025-12-01
848210,Canada,"Ogdensburg, NY",2025,December,70481,628,206785,277894,0.0,168.0,84.0,84.0,2025-12-01
848210,Canada,"Pembina, ND",2025,December,18187,380,151297,169864,0.0,438.0,12346.0,12346.0,2025-12-01
848210,Canada,"Savannah, GA",2025,December,1736,380,27438,29554,0.0,152.0,13.0,13.0,2025-12-01
848210,Canada,"Seattle, WA",2025,December,52159,1275,143917,197351,0.0,208.0,271.0,271.0,2025-12-01
848210,Canada,"St. Albans, VT",2025,December,0,458,91281,91739,0.0,20.0,161.0,161.0,2025-12-01
848210,Canada,"Anchorage, AK",2026,January,0,223,9714,9937,0.0,168.0,219.0,219.0,2026-01-01
848210,Canada,"Buffalo, NY",2026,January,168655,12561,2580352,2761568,0.0,77574.0,26717.0,26717.0,2026-01-01
848210,Canada,"Cleveland, OH",2026,January,282117,32581,696444,1011142,0.0,476898.0,64732.0,64732.0,2026-01-01
848210,Canada,"Dallas-Fort Worth, TX",2026,January,9145,482,76408,86035,0.0,667.0,60.0,60.0,2026-01-01
848210,Canada,"Detroit, MI",2026,January,837868,33636,4078564,4950068,0.0,404067.0,165747.0,165747.0,2026-01-01
848210,Canada,"Great Falls, MT",2026,January,45052,939,213177,259168,0.0,1232.0,4427.0,4427.0,2026-01-01
848210,Canada,"New Orleans, LA",2026,January,80448,4964,246126,331538,0.0,966.0,115.0,115.0,2026-01-01
848210,Canada,"New York, NY",2026,January,5035,422,12538,17995,0.0,35.0,22.0,22.0,2026-01-01
848210,Canada,"Nogales, AZ",2026,January,1840,191,15186,17217,0.0,32.0,13.0,13.0,2026-01-01
848210,Canada,"Ogdensburg, NY",2026,January,160762,947,339648,501357,0.0,17430.0,349.0,349.0,2026-01-01
848210,Canada,"Pembina, ND",2026,January,14450,552,136584,151586,0.0,425.0,6932.0,6932.0,2026-01-01
848210,Canada,"San Francisco, CA",2026,January,5402,784,80435,86621,0.0,897.0,38.0,38.0,2026-01-01
848210,Canada,"Savannah, GA",2026,January,195,91,4344,4630,0.0,2.0,4.0,4.0,2026-01-01
848210,Canada,"Seattle, WA",2026,January,51624,1066,111079,163769,0.0,79.0,368.0,368.0,2026-01-01
848210,Canada,"Boston, MA",2026,February,0,156,38492,38648,0.0,39.0,18.0,18.0,2026-02-01
848210,Canada,"Buffalo, NY",2026,February,154072,10294,2198427,2362793,0.0,74940.0,32324.0,32324.0,2026-02-01
848210,Canada,"Cleveland, OH",2026,February,325753,7103,1314068,1646924,0.0,703250.0,58417.0,58417.0,2026-02-01
848210,Canada,"Dallas-Fort Worth, TX",2026,February,18908,935,112036,131879,0.0,505.0,117.0,117.0,2026-02-01
848210,Canada,"Detroit, MI",2026,February,779274,28518,5566663,6374455,0.0,406640.0,212228.0,212228.0,2026-02-01
848210,Canada,"Great Falls, MT",2026,February,15766,702,77029,93497,0.0,481.0,970.0,970.0,2026-02-01
848210,Canada,"Miami, FL",2026,February,381,820,88370,89571,0.0,753.0,46.0,46.0,2026-02-01
848210,Canada,"New Orleans, LA",2026,February,78877,6783,291109,376769,0.0,2100.0,952.0,952.0,2026-02-01
848210,Canada,"Nogales, AZ",2026,February,2212,88,24689,26989,0.0,69.0,22.0,22.0,2026-02-01
848210,Canada,"Ogdensburg, NY",2026,February,45297,7449,327749,380495,0.0,5317.0,3249.0,3249.0,2026-02-01
848210,Canada,"Pembina, ND",2026,February,6022,505,125592,132119,0.0,416.0,10120.0,10120.0,2026-02-01
848210,Canada,"San Francisco, CA",2026,February,1838,199,20420,22457,0.0,248.0,9.0,9.0,2026-02-01
848210,Canada,"Savannah, GA",2026,February,1605,95,9594,11294,0.0,3.0,3.0,3.0,2026-02-01
848210,Canada,"Seattle, WA",2026,February,5123,850,41803,47776,0.0,1069.0,659.0,659.0,2026-02-01
848210,Canada,"St. Albans, VT",2026,February,0,27,5285,5312,0.0,2.0,6.0,6.0,2026-02-01
848210,Canada,"Boston, MA",2026,March,0,202,54605,54807,0.0,548.0,39.0,39.0,2026-03-01
848210,Canada,"Buffalo, NY",2026,March,134501,12659,4064444,4211604,0.0,155629.0,288340.0,288340.0,2026-03-01
848210,Canada,"Cleveland, OH",2026,March,326743,33784,1201147,1561674,0.0,869657.0,68754.0,68754.0,2026-03-01
848210,Canada,"Dallas-Fort Worth, TX",2026,March,16004,839,197934,214777,0.0,107.0,40.0,40.0,2026-03-01
848210,Canada,"Detroit, MI",2026,March,458768,32862,5227315,5718945,0.0,374789.0,635819.0,635819.0,2026-03-01
848210,Canada,"Great Falls, MT",2026,March,27199,1124,190218,218541,0.0,731.0,5252.0,5252.0,2026-03-01
848210,Canada,"Houston-Galveston, TX",2026,March,0,494,5706,6200,0.0,2.0,13.0,13.0,2026-03-01
848210,Canada,"Miami, FL",2026,March,0,1499,428035,429534,0.0,5198.0,34.0,34.0,2026-03-01
848210,Canada,"New Orleans, LA",2026,March,133303,4565,430478,568346,0.0,1394.0,184.0,184.0,2026-03-01
848210,Canada,"New York, NY",2026,March,6900,10000,10000,26900,0.0,92.0,10.0,10.0,2026-03-01
848210,Canada,"Nogales, AZ",2026,March,0,27,3388,3415,0.0,4.0,3.0,3.0,2026-03-01
848210,Canada,"Ogdensburg, NY",2026,March,0,576,111472,112048,0.0,39431.0,742.0,742.0,2026-03-01
848210,Canada,"Pembina, ND",2026,March,16433,1027,224506,241966,0.0,573.0,4992.0,4992.0,2026-03-01
848210,Canada,"Savannah, GA",2026,March,0,140,13087,13227,0.0,5.0,13.0,13.0,2026-03-01
848210,Canada,"Seattle, WA",2026,March,7710,721,46432,54863,0.0,1590.0,3059.0,3059.0,2026-03-01
848210,Canada,"Boston, MA",2026,April,927,95,9272,10294,0.0,3.0,12.0,12.0,2026-04-01
848210,Canada,"Buffalo, NY",2026,April,278022,12777,4987356,5278155,0.0,987688.0,113515.0,113515.0,2026-04-01
848210,Canada,"Cleveland, OH",2026,April,293194,4383,1077160,1374737,0.0,680279.0,60883.0,60883.0,2026-04-01
848210,Canada,"Dallas-Fort Worth, TX",2026,April,64901,950,573109,638960,0.0,1779.0,85.0,85.0,2026-04-01
848210,Canada,"Detroit, MI",2026,April,438535,23118,3961209,4422862,0.0,295693.0,139234.0,139234.0,2026-04-01
848210,Canada,"Great Falls, MT",2026,April,18210,424,95148,113782,0.0,500.0,152.0,152.0,2026-04-01
848210,Canada,"Miami, FL",2026,April,6820,955,69033,76808,0.0,738.0,16.0,16.0,2026-04-01
848210,Canada,"New Orleans, LA",2026,April,41808,5174,413989,460971,0.0,4709.0,1950.0,1950.0,2026-04-01
848210,Canada,"Nogales, AZ",2026,April,848,120,5052,6020,0.0,11.0,5.0,5.0,2026-04-01
848210,Canada,"Ogdensburg, NY",2026,April,33933,867,198180,232980,0.0,293.0,343.0,343.0,2026-04-01
848210,Canada,"Pembina, ND",2026,April,65988,1119,371026,438133,0.0,488.0,11299.0,11299.0,2026-04-01
848210,Canada,"San Francisco, CA",2026,April,0,415,45535,45950,0.0,553.0,20.0,20.0,2026-04-01
848210,Canada,"Savannah, GA",2026,April,17436,1183,122958,141577,0.0,1395.0,53.0,53.0,2026-04-01
848210,Canada,"Seattle, WA",2026,April,10974,985,48545,60504,0.0,33.0,24.0,24.0,2026-04-01
848210,Canada,"St. Albans, VT",2026,April,10415,74,41661,52150,0.0,1.0,3.0,3.0,2026-04-01
848210,Canada,"Boston, MA",2026,May,261,111,2904,3276,0.0,1.0,1.0,1.0,2026-05-01
848210,Canada,"Buffalo, NY",2026,May,343459,12230,2643097,2998786,0.0,80754.0,37793.0,37793.0,2026-05-01
848210,Canada,"Cleveland, OH",2026,May,212619,4996,774420,992035,0.0,644338.0,51318.0,51318.0,2026-05-01
848210,Canada,"Dallas-Fort Worth, TX",2026,May,7311,608,196337,204256,0.0,3911.0,1813.0,1813.0,2026-05-01
848210,Canada,"Detroit, MI",2026,May,797222,24283,4746570,5568075,0.0,315741.0,148941.0,148941.0,2026-05-01
848210,Canada,"Great Falls, MT",2026,May,16781,200,74747,91728,0.0,986.0,136.0,136.0,2026-05-01
848210,Canada,"Miami, FL",2026,May,26936,5168,312209,344313,0.0,3278.0,100.0,100.0,2026-05-01
848210,Canada,"New Orleans, LA",2026,May,99722,6128,434846,540696,0.0,16797.0,6132.0,6132.0,2026-05-01
848210,Canada,"Nogales, AZ",2026,May,218,1,2417,2636,0.0,5.0,1.0,1.0,2026-05-01
848210,Canada,"Ogdensburg, NY",2026,May,10325,964,103840,115129,0.0,128.0,131.0,131.0,2026-05-01
848210,Canada,"Pembina, ND",2026,May,51731,1221,396135,449087,0.0,672.0,10483.0,10483.0,2026-05-01
848210,Canada,"San Francisco, CA",2026,May,0,1648,177631,179279,0.0,2154.0,81.0,81.0,2026-05-01
848210,Canada,"Savannah, GA",2026,May,403,648,53317,54368,0.0,572.0,26.0,26.0,2026-05-01
848210,Canada,"Seattle, WA",2026,May,8732,1623,37824,48179,0.0,20.0,10.0,10.0,2026-05-01
848210,Canada,"Boston, MA",2026,June,10233,360,57596,68189,0.0,58.0,63.0,63.0,2026-06-01
848210,Canada,"Buffalo, NY",2026,June,329886,10181,3386371,3726438,0.0,79615.0,31730.0,31730.0,2026-06-01
848210,Canada,"Cleveland, OH",2026,June,295552,19276,1218521,1533349,0.0,661038.0,52822.0,52822.0,2026-06-01
848210,Canada,"Dallas-Fort Worth, TX",2026,June,0,938,201327,202265,0.0,1667.0,78.0,78.0,2026-06-01
848210,Canada,"Detroit, MI",2026,June,797689,41670,6196781,7036140,0.0,335806.0,189646.0,189646.0,2026-06-01
848210,Canada,"Great Falls, MT",2026,June,43835,1153,225687,270675,0.0,134.0,2978.0,2978.0,2026-06-01
848210,Canada,"Honolulu, HI",2026,June,2506,450,27842,30798,0.0,6000.0,3187.0,3187.0,2026-06-01
848210,Canada,"Los Angeles, CA",2026,June,3283,600,13131,17014,0.0,13.0,4.0,4.0,2026-06-01
848210,Canada,"Miami, FL",2026,June,6810,700,72324,79834,0.0,826.0,14.0,14.0,2026-06-01
848210,Canada,"New Orleans, LA",2026,June,211568,10115,883143,1104826,0.0,2621.0,535.0,535.0,2026-06-01
848210,Canada,"New York, NY",2026,June,7994,146,24896,33036,0.0,10.0,16.0,16.0,2026-06-01
848210,Canada,"Nogales, AZ",2026,June,1945,45,8147,10137,0.0,36.0,17.0,17.0,2026-06-01
848210,Canada,"Ogdensburg, NY",2026,June,92384,1328,655901,749613,0.0,435.0,524.0,524.0,2026-06-01
848210,Canada,"Pembina, ND",2026,June,66613,1235,348219,416067,0.0,414.0,11905.0,11905.0,2026-06-01
848210,Canada,"San Francisco, CA",2026,June,0,895,96224,97119,0.0,1128.0,46.0,46.0,2026-06-01
848210,Canada,"Savannah, GA",2026,June,41110,2304,322902,366316,0.0,3297.0,759.0,759.0,2026-06-01
848210,Canada,"Seattle, WA",2026,June,40792,2640,167127,210559,0.0,66.0,122.0,122.0,2026-06-01
848210,Canada,"St. Louis, MO",2026,June,653,65,3439,4157,0.0,1.0,4.0,4.0,2026-06-01
848210,India,"Chicago, IL",2022,January,25891,22093,289196,337180,0.0,31712.0,17010.0,17010.0,2022-01-01
848210,India,"Cleveland, OH",2022,January,1068,1623,11873,14564,0.0,19301.0,354.0,354.0,2022-01-01
848210,India,"Columbia-Snake, OR",2022,January,6561,2782,72898,82241,0.0,1902.0,3333.0,3333.0,2022-01-01
848210,India,"Dallas-Fort Worth, TX",2022,January,7912,22132,87937,117981,0.0,9796.0,7011.0,7011.0,2022-01-01
848210,India,"Los Angeles, CA",2022,January,3812,3800,42358,49970,0.0,23100.0,4609.0,4609.0,2022-01-01
848210,India,"Miami, FL",2022,January,189,1175,2103,3467,0.0,1.0,11.0,11.0,2022-01-01
848210,India,"New Orleans, LA",2022,January,28970,4523,321896,355389,0.0,60165.0,11964.0,11964.0,2022-01-01
848210,India,"New York, NY",2022,January,9559,8152,106193,123904,0.0,118356.0,5273.0,5273.0,2022-01-01
848210,India,"Philadelphia, PA",2022,January,262,741,2910,3913,0.0,550.0,200.0,200.0,2022-01-01
848210,India,"Savannah, GA",2022,January,13439,4838,151242,169519,0.0,51627.0,6121.0,6121.0,2022-01-01
848210,India,"Wilmington, NC",2022,January,3768,100,41866,45734,0.0,4739.0,1376.0,1376.0,2022-01-01
848210,India,"Charleston, SC",2022,February,329,41,3655,4025,0.0,972.0,204.0,204.0,2022-02-01
848210,India,"Chicago, IL",2022,February,4526,1941,50291,56758,0.0,2483.0,1351.0,1351.0,2022-02-01
848210,India,"Cleveland, OH",2022,February,2370,1078,26348,29796,0.0,27601.0,2073.0,2073.0,2022-02-01
848210,India,"Columbia-Snake, OR",2022,February,2251,797,25009,28057,0.0,324.0,1346.0,1346.0,2022-02-01
848210,India,"Detroit, MI",2022,February,934,1,10374,11309,0.0,3456.0,446.0,446.0,2022-02-01
848210,India,"Miami, FL",2022,February,273,267,3034,3574,0.0,969.0,969.0,969.0,2022-02-01
848210,India,"New Orleans, LA",2022,February,4680,676,51987,57343,0.0,25296.0,1479.0,1479.0,2022-02-01
848210,India,"New York, NY",2022,February,16814,8500,186813,212127,0.0,147200.0,10400.0,10400.0,2022-02-01
848210,India,"Savannah, GA",2022,February,7478,3356,83069,93903,0.0,51040.0,1650.0,1650.0,2022-02-01
848210,India,"Seattle, WA",2022,February,184,4,2049,2237,0.0,2.0,73.0,73.0,2022-02-01
848210,India,"Chicago, IL",2022,March,6230,3286,69229,78745,0.0,19796.0,4359.0,4359.0,2022-03-01
848210,India,"Cleveland, OH",2022,March,2744,429,30503,33676,0.0,1203.0,363.0,363.0,2022-03-01
848210,India,"Columbia-Snake, OR",2022,March,10767,2000,119629,132396,0.0,1557.0,6818.0,6818.0,2022-03-01
848210,India,"Dallas-Fort Worth, TX",2022,March,9933,16784,110371,137088,0.0,879.0,7640.0,7640.0,2022-03-01
848210,India,"Detroit, MI",2022,March,6636,3,73739,80378,0.0,24192.0,3122.0,3122.0,2022-03-01
848210,India,"Houston-Galveston, TX",2022,March,690,386,7668,8744,0.0,1488.0,300.0,300.0,2022-03-01
848210,India,"Los Angeles, CA",2022,March,4502,2870,50023,57395,0.0,16244.0,5086.0,5086.0,2022-03-01
848210,India,"New Orleans, LA",2022,March,22122,3198,245794,271114,0.0,60846.0,8543.0,8543.0,2022-03-01
848210,India,"New York, NY",2022,March,51455,16952,571728,640135,0.0,139095.0,29407.0,29407.0,2022-03-01
848210,India,"Norfolk, VA",2022,March,6944,2150,77192,86286,0.0,1120.0,4360.0,4360.0,2022-03-01
848210,India,"Philadelphia, PA",2022,March,321,1,3565,3887,0.0,100.0,110.0,110.0,2022-03-01
848210,India,"Savannah, GA",2022,March,13573,2810,150868,167251,0.0,61794.0,7002.0,7002.0,2022-03-01
848210,India,"Wilmington, NC",2022,March,1017,831,11300,13148,0.0,24.0,40.0,40.0,2022-03-01
848210,India,"Chicago, IL",2022,April,21172,10859,235241,267272,0.0,20755.0,18039.0,18039.0,2022-04-01
848210,India,"Cleveland, OH",2022,April,4667,1099,51849,57615,0.0,56.0,369.0,369.0,2022-04-01
848210,India,"Columbia-Snake, OR",2022,April,24905,12039,276719,313663,0.0,3773.0,14958.0,14958.0,2022-04-01
848210,India,"Dallas-Fort Worth, TX",2022,April,3671,18457,40789,62917,0.0,16160.0,4724.0,4724.0,2022-04-01
848210,India,"Detroit, MI",2022,April,4414,46,49047,53507,0.0,16257.0,4217.0,4217.0,2022-04-01
848210,India,"Houston-Galveston, TX",2022,April,54,573,2253,2880,0.0,820.0,234.0,234.0,2022-04-01
848210,India,"Los Angeles, CA",2022,April,2122,1977,23574,27673,0.0,9050.0,1826.0,1826.0,2022-04-01
848210,India,"Miami, FL",2022,April,1459,1262,16213,18934,0.0,2537.0,1589.0,1589.0,2022-04-01
848210,India,"New Orleans, LA",2022,April,5450,1304,60538,67292,0.0,23168.0,1537.0,1537.0,2022-04-01
848210,India,"New York, NY",2022,April,32451,12458,360549,405458,0.0,182674.0,12891.0,12891.0,2022-04-01
848210,India,"Norfolk, VA",2022,April,26052,9603,289464,325119,0.0,4200.0,21625.0,21625.0,2022-04-01
848210,India,"Philadelphia, PA",2022,April,1355,3500,15060,19915,0.0,6950.0,1500.0,1500.0,2022-04-01
848210,India,"Savannah, GA",2022,April,9175,3714,101993,114882,0.0,26520.0,3439.0,3439.0,2022-04-01
848210,India,"Wilmington, NC",2022,April,2858,801,31760,35419,0.0,5610.0,909.0,909.0,2022-04-01
848210,India,"Chicago, IL",2022,May,24532,19073,272576,316181,0.0,27956.0,19589.0,19589.0,2022-05-01
848210,India,"Cleveland, OH",2022,May,10647,6988,127523,145158,0.0,32596.0,2446.0,2446.0,2022-05-01
848210,India,"Columbia-Snake, OR",2022,May,7591,2337,84345,94273,0.0,1597.0,3532.0,3532.0,2022-05-01
848210,India,"Dallas-Fort Worth, TX",2022,May,714,6796,9447,16957,0.0,190.0,750.0,750.0,2022-05-01
848210,India,"Detroit, MI",2022,May,332,116,3684,4132,0.0,436.0,104.0,104.0,2022-05-01
848210,India,"Los Angeles, CA",2022,May,5094,10559,56605,72258,0.0,35000.0,6930.0,6930.0,2022-05-01
848210,India,"Miami, FL",2022,May,829,439,9214,10482,0.0,188.0,743.0,743.0,2022-05-01
848210,India,"New Orleans, LA",2022,May,36692,5300,407676,449668,0.0,53200.0,15872.0,15872.0,2022-05-01
848210,India,"New York, NY",2022,May,18805,10187,208923,237915,0.0,68674.0,7699.0,7699.0,2022-05-01
848210,India,"Norfolk, VA",2022,May,14762,4500,164030,183292,0.0,2380.0,9265.0,9265.0,2022-05-01
848210,India,"Philadelphia, PA",2022,May,513,1387,5700,7600,0.0,800.0,327.0,327.0,2022-05-01
848210,India,"Savannah, GA",2022,May,15884,5375,176433,197692,0.0,72485.0,10694.0,10694.0,2022-05-01
848210,India,"Charleston, SC",2022,June,4047,147,44970,49164,0.0,2335.0,2335.0,2335.0,2022-06-01
848210,India,"Chicago, IL",2022,June,28342,25058,314926,368326,0.0,29970.0,21169.0,21169.0,2022-06-01
848210,India,"Cleveland, OH",2022,June,15334,6044,170343,191721,0.0,39066.0,4807.0,4807.0,2022-06-01
848210,India,"Columbia-Snake, OR",2022,June,7175,2500,79711,89386,0.0,2613.0,3032.0,3032.0,2022-06-01
848210,India,"Dallas-Fort Worth, TX",2022,June,3496,4549,38852,46897,0.0,14150.0,4835.0,4835.0,2022-06-01
848210,India,"Detroit, MI",2022,June,11824,7,131381,143212,0.0,51840.0,6690.0,6690.0,2022-06-01
848210,India,"Houston-Galveston, TX",2022,June,76,962,3167,4205,0.0,840.0,392.0,392.0,2022-06-01
848210,India,"Los Angeles, CA",2022,June,3817,2209,42402,48428,0.0,21280.0,4398.0,4398.0,2022-06-01
848210,India,"Miami, FL",2022,June,247,195,2745,3187,0.0,1124.0,2450.0,2450.0,2022-06-01
848210,India,"New Orleans, LA",2022,June,3441,474,38233,42148,0.0,16033.0,2406.0,2406.0,2022-06-01
848210,India,"New York, NY",2022,June,30806,21836,342272,394914,0.0,291187.0,18168.0,18168.0,2022-06-01
848210,India,"Norfolk, VA",2022,June,39078,8500,434196,481774,0.0,6300.0,24525.0,24525.0,2022-06-01
848210,India,"Savannah, GA",2022,June,15826,5860,175845,197531,0.0,35888.0,11169.0,11169.0,2022-06-01
848210,India,"Charleston, SC",2022,July,1125,65,12505,13695,0.0,436.0,579.0,579.0,2022-07-01
848210,India,"Chicago, IL",2022,July,11089,20633,123204,154926,0.0,6147.0,4248.0,4248.0,2022-07-01
848210,India,"Cleveland, OH",2022,July,8432,7923,105246,121601,0.0,10842.0,1722.0,1722.0,2022-07-01
848210,India,"Columbia-Snake, OR",2022,July,1987,1385,22078,25450,0.0,736.0,811.0,811.0,2022-07-01
848210,India,"Dallas-Fort Worth, TX",2022,July,910,7879,13386,22175,0.0,849.0,1348.0,1348.0,2022-07-01
848210,India,"Detroit, MI",2022,July,13787,6,153198,166991,0.0,51840.0,6690.0,6690.0,2022-07-01
848210,India,"Great Falls, MT",2022,July,223,68,2475,2766,0.0,3.0,30.0,30.0,2022-07-01
848210,India,"Los Angeles, CA",2022,July,1773,872,19705,22350,0.0,1739.0,804.0,804.0,2022-07-01
848210,India,"New Orleans, LA",2022,July,10686,1543,118745,130974,0.0,23184.0,5213.0,5213.0,2022-07-01
848210,India,"New York, NY",2022,July,14087,13494,156535,184116,0.0,129980.0,7934.0,7934.0,2022-07-01
848210,India,"Norfolk, VA",2022,July,13026,1762,144732,159520,0.0,2100.0,8175.0,8175.0,2022-07-01
848210,India,"Savannah, GA",2022,July,17533,3333,194844,215710,0.0,31446.0,7259.0,7259.0,2022-07-01
848210,India,"Charleston, SC",2022,August,2129,165,23656,25950,0.0,10714.0,1127.0,1127.0,2022-08-01
848210,India,"Chicago, IL",2022,August,23587,19315,262097,304999,0.0,44478.0,16775.0,16775.0,2022-08-01
848210,India,"Cleveland, OH",2022,August,8409,4150,93441,106000,0.0,63421.0,2152.0,2152.0,2022-08-01
848210,India,"Columbia-Snake, OR",2022,August,4083,1573,45363,51019,0.0,860.0,2313.0,2313.0,2022-08-01
848210,India,"Dallas-Fort Worth, TX",2022,August,3839,1200,42665,47704,0.0,1906.0,3246.0,3246.0,2022-08-01
848210,India,"Detroit, MI",2022,August,4521,984,56278,61783,0.0,23293.0,2964.0,2964.0,2022-08-01
848210,India,"Houston-Galveston, TX",2022,August,267,500,2965,3732,0.0,210.0,227.0,227.0,2022-08-01
848210,India,"Los Angeles, CA",2022,August,9062,6765,122927,138754,0.0,87582.0,12741.0,12741.0,2022-08-01
848210,India,"Miami, FL",2022,August,238,263,2640,3141,0.0,2000.0,294.0,294.0,2022-08-01
848210,India,"New Orleans, LA",2022,August,19241,2765,213781,235787,0.0,65231.0,9649.0,9649.0,2022-08-01
848210,India,"New York, NY",2022,August,18404,14696,204496,237596,0.0,77431.0,13592.0,13592.0,2022-08-01
848210,India,"Norfolk, VA",2022,August,38210,10198,424547,472955,0.0,6160.0,23980.0,23980.0,2022-08-01
848210,India,"Savannah, GA",2022,August,5591,2490,62159,70240,0.0,5233.0,1268.0,1268.0,2022-08-01
848210,India,"Chicago, IL",2022,September,14958,10990,166210,192158,0.0,24215.0,9236.0,9236.0,2022-09-01
848210,India,"Cleveland, OH",2022,September,3278,2691,36409,42378,0.0,59220.0,1163.0,1163.0,2022-09-01
848210,India,"Dallas-Fort Worth, TX",2022,September,1402,7867,17420,26689,0.0,454.0,1567.0,1567.0,2022-09-01
848210,India,"Detroit, MI",2022,September,3350,4,37229,40583,0.0,17280.0,2230.0,2230.0,2022-09-01
848210,India,"New Orleans, LA",2022,September,7588,1574,84312,93474,0.0,32515.0,6043.0,6043.0,2022-09-01
848210,India,"New York, NY",2022,September,24388,12343,270967,307698,0.0,250801.0,10184.0,10184.0,2022-09-01
848210,India,"Philadelphia, PA",2022,September,198,456,2199,2853,0.0,300.0,120.0,120.0,2022-09-01
848210,India,"Savannah, GA",2022,September,21293,4207,236580,262080,0.0,17966.0,4194.0,4194.0,2022-09-01
848210,India,"St. Louis, MO",2022,September,223,101,2478,2802,0.0,324.0,77.0,77.0,2022-09-01
848210,India,"Chicago, IL",2022,October,35549,20800,394990,451339,0.0,77414.0,31088.0,31088.0,2022-10-01
848210,India,"Cleveland, OH",2022,October,11465,4195,127377,143037,0.0,16283.0,1445.0,1445.0,2022-10-01
848210,India,"Dallas-Fort Worth, TX",2022,October,4593,10046,51042,65681,0.0,1508.0,7085.0,7085.0,2022-10-01
848210,India,"Detroit, MI",2022,October,6023,4,66929,72956,0.0,24192.0,3122.0,3122.0,2022-10-01
848210,India,"Los Angeles, CA",2022,October,3202,3365,35572,42139,0.0,24565.0,3853.0,3853.0,2022-10-01
848210,India,"Miami, FL",2022,October,874,117,9710,10701,0.0,237.0,282.0,282.0,2022-10-01
848210,India,"Mobile, AL",2022,October,305,68,3389,3762,0.0,1455.0,297.0,297.0,2022-10-01
848210,India,"New Orleans, LA",2022,October,28179,4047,313104,345330,0.0,34981.0,12404.0,12404.0,2022-10-01
848210,India,"New York, NY",2022,October,13832,4523,153702,172057,0.0,147248.0,8293.0,8293.0,2022-10-01
848210,India,"Savannah, GA",2022,October,22503,7561,249979,280043,0.0,69321.0,9254.0,9254.0,2022-10-01
848210,India,"Chicago, IL",2022,November,6444,3854,71595,81893,0.0,2302.0,4758.0,4758.0,2022-11-01
848210,India,"Cleveland, OH",2022,November,11188,3781,124330,139299,0.0,87623.0,1902.0,1902.0,2022-11-01
848210,India,"Columbia-Snake, OR",2022,November,7004,2654,77819,87477,0.0,1328.0,3904.0,3904.0,2022-11-01
848210,India,"Detroit, MI",2022,November,5134,1,57043,62178,0.0,19008.0,2230.0,2230.0,2022-11-01
848210,India,"Los Angeles, CA",2022,November,955,5045,10615,16615,0.0,5642.0,1199.0,1199.0,2022-11-01
848210,India,"New Orleans, LA",2022,November,6972,1007,77459,85438,0.0,12355.0,4418.0,4418.0,2022-11-01
848210,India,"New York, NY",2022,November,15293,3896,169903,189092,0.0,70886.0,5398.0,5398.0,2022-11-01
848210,India,"San Juan, PR",2022,November,810,1044,9005,10859,0.0,440.0,1229.0,1229.0,2022-11-01
848210,India,"Savannah, GA",2022,November,40092,7056,453837,500985,0.0,55097.0,10774.0,10774.0,2022-11-01
848210,India,"St. Louis, MO",2022,November,617,819,6851,8287,0.0,538.0,1432.0,1432.0,2022-11-01
848210,India,"Chicago, IL",2022,December,14652,11742,167009,193403,0.0,13783.0,10333.0,10333.0,2022-12-01
848210,India,"Cleveland, OH",2022,December,9430,3623,104815,117868,0.0,39109.0,1512.0,1512.0,2022-12-01
848210,India,"Columbia-Snake, OR",2022,December,5695,1600,63276,70571,0.0,853.0,3007.0,3007.0,2022-12-01
848210,India,"Dallas-Fort Worth, TX",2022,December,3064,11764,34046,48874,0.0,14104.0,4579.0,4579.0,2022-12-01
848210,India,"Detroit, MI",2022,December,13053,77,145045,158175,0.0,43440.0,8293.0,8293.0,2022-12-01
848210,India,"Los Angeles, CA",2022,December,1454,5500,16155,23109,0.0,10350.0,1938.0,1938.0,2022-12-01
848210,India,"New Orleans, LA",2022,December,19778,2859,219759,242396,0.0,38313.0,8802.0,8802.0,2022-12-01
848210,India,"New York, NY",2022,December,7969,3578,88554,100101,0.0,24793.0,3211.0,3211.0,2022-12-01
848210,India,"Philadelphia, PA",2022,December,314,135,3495,3944,0.0,450.0,115.0,115.0,2022-12-01
848210,India,"Savannah, GA",2022,December,37239,7465,423084,467788,0.0,56677.0,15289.0,15289.0,2022-12-01
848210,India,"Tampa, FL",2022,December,50,250,2084,2384,0.0,124.0,174.0,174.0,2022-12-01
848210,India,"Chicago, IL",2023,January,12195,5192,138699,156086,0.0,11508.0,9633.0,9633.0,2023-01-01
848210,India,"Cleveland, OH",2023,January,7969,4160,88541,100670,0.0,23028.0,2392.0,2392.0,2023-01-01
848210,India,"Columbia-Snake, OR",2023,January,14427,6500,160304,181231,0.0,2181.0,9160.0,9160.0,2023-01-01
848210,India,"Dallas-Fort Worth, TX",2023,January,1466,4161,16297,21924,0.0,148.0,1088.0,1088.0,2023-01-01
848210,India,"Detroit, MI",2023,January,17230,122,191445,208797,0.0,61927.0,8788.0,8788.0,2023-01-01
848210,India,"Houston-Galveston, TX",2023,January,526,709,5845,7080,0.0,301.0,282.0,282.0,2023-01-01
848210,India,"Los Angeles, CA",2023,January,4097,3500,45526,53123,0.0,32250.0,5932.0,5932.0,2023-01-01
848210,India,"Miami, FL",2023,January,2345,1461,26056,29862,0.0,21566.0,1011.0,1011.0,2023-01-01
848210,India,"New Orleans, LA",2023,January,18421,2558,204692,225671,0.0,54375.0,7633.0,7633.0,2023-01-01
848210,India,"New York, NY",2023,January,12264,4395,136275,152934,0.0,141191.0,6372.0,6372.0,2023-01-01
848210,India,"Philadelphia, PA",2023,January,292,733,3242,4267,0.0,510.0,165.0,165.0,2023-01-01
848210,India,"Savannah, GA",2023,January,43269,11016,480754,535039,0.0,63579.0,12025.0,12025.0,2023-01-01
848210,India,"St. Louis, MO",2023,January,368,135,4084,4587,0.0,350.0,736.0,736.0,2023-01-01
848210,India,"Chicago, IL",2023,February,10938,4039,121527,136504,0.0,2040.0,11634.0,11634.0,2023-02-01
848210,India,"Cleveland, OH",2023,February,7618,1685,84641,93944,0.0,680.0,598.0,598.0,2023-02-01
848210,India,"Columbia-Snake, OR",2023,February,11151,1735,123913,136799,0.0,1090.0,4573.0,4573.0,2023-02-01
848210,India,"Dallas-Fort Worth, TX",2023,February,6401,2383,71121,79905,0.0,2033.0,4505.0,4505.0,2023-02-01
848210,India,"Detroit, MI",2023,February,8027,891,89192,98110,0.0,29376.0,3791.0,3791.0,2023-02-01
848210,India,"Great Falls, MT",2023,February,188,31,2091,2310,0.0,3.0,24.0,24.0,2023-02-01
848210,India,"Houston-Galveston, TX",2023,February,194,506,8072,8772,0.0,1400.0,1202.0,1202.0,2023-02-01
848210,India,"Los Angeles, CA",2023,February,831,2318,9231,12380,0.0,6044.0,772.0,772.0,2023-02-01
848210,India,"Minneapolis, MN",2023,February,352,1,3906,4259,0.0,93.0,150.0,150.0,2023-02-01
848210,India,"New Orleans, LA",2023,February,14288,4848,158761,177897,0.0,69912.0,6082.0,6082.0,2023-02-01
848210,India,"New York, NY",2023,February,9984,4850,110938,125772,0.0,147388.0,5415.0,5415.0,2023-02-01
848210,India,"Savannah, GA",2023,February,11373,2003,126358,139734,0.0,11401.0,2435.0,2435.0,2023-02-01
848210,India,"Charleston, SC",2023,March,919,262,10207,11388,0.0,990.0,955.0,955.0,2023-03-01
848210,India,"Chicago, IL",2023,March,11725,5608,130273,147606,0.0,29798.0,10597.0,10597.0,2023-03-01
848210,India,"Cleveland, OH",2023,March,11473,7436,127470,146379,0.0,17140.0,2649.0,2649.0,2023-03-01
848210,India,"Columbia-Snake, OR",2023,March,246,45,2729,3020,0.0,81.0,91.0,91.0,2023-03-01
848210,India,"Dallas-Fort Worth, TX",2023,March,1931,1134,21449,24514,0.0,10926.0,2603.0,2603.0,2023-03-01
848210,India,"Detroit, MI",2023,March,5231,803,58130,64164,0.0,19008.0,2453.0,2453.0,2023-03-01
848210,India,"Houston-Galveston, TX",2023,March,583,506,6475,7564,0.0,660.0,403.0,403.0,2023-03-01
848210,India,"Los Angeles, CA",2023,March,7340,3897,81551,92788,0.0,61275.0,9832.0,9832.0,2023-03-01
848210,India,"New Orleans, LA",2023,March,9322,1346,103570,114238,0.0,26756.0,6374.0,6374.0,2023-03-01
848210,India,"New York, NY",2023,March,14603,5682,162258,182543,0.0,179776.0,7583.0,7583.0,2023-03-01
848210,India,"Savannah, GA",2023,March,25376,20102,289592,335070,0.0,55816.0,12690.0,12690.0,2023-03-01
848210,India,"Boston, MA",2023,April,376,1877,15657,17910,0.0,5874.0,1674.0,1674.0,2023-04-01
848210,India,"Charleston, SC",2023,April,1302,207,14460,15969,0.0,444.0,661.0,661.0,2023-04-01
848210,India,"Chicago, IL",2023,April,5242,3000,58244,66486,0.0,37050.0,6918.0,6918.0,2023-04-01
848210,India,"Cleveland, OH",2023,April,11901,5544,132239,149684,0.0,28371.0,1378.0,1378.0,2023-04-01
848210,India,"Columbia-Snake, OR",2023,April,9064,2200,100705,111969,0.0,1357.0,5233.0,5233.0,2023-04-01
848210,India,"Dallas-Fort Worth, TX",2023,April,213,1040,2372,3625,0.0,75.0,313.0,313.0,2023-04-01
848210,India,"Detroit, MI",2023,April,17283,1631,192033,210947,0.0,62208.0,8028.0,8028.0,2023-04-01
848210,India,"Houston-Galveston, TX",2023,April,305,133,3393,3831,0.0,31.0,193.0,193.0,2023-04-01
848210,India,"Los Angeles, CA",2023,April,8781,6287,108459,123527,0.0,67742.0,11048.0,11048.0,2023-04-01
848210,India,"New Orleans, LA",2023,April,20927,3977,232519,257423,0.0,26049.0,7416.0,7416.0,2023-04-01
848210,India,"New York, NY",2023,April,4989,1195,55419,61603,0.0,1689.0,1840.0,1840.0,2023-04-01
848210,India,"Savannah, GA",2023,April,19343,5878,214928,240149,0.0,32160.0,3665.0,3665.0,2023-04-01
848210,India,"Charleston, SC",2023,May,3923,755,43587,48265,0.0,1335.0,1848.0,1848.0,2023-05-01
848210,India,"Chicago, IL",2023,May,15259,5332,169552,190143,0.0,14254.0,7694.0,7694.0,2023-05-01
848210,India,"Cleveland, OH",2023,May,12434,4292,138138,154864,0.0,22475.0,1837.0,1837.0,2023-05-01
848210,India,"Columbia-Snake, OR",2023,May,245,45,2720,3010,0.0,82.0,89.0,89.0,2023-05-01
848210,India,"Dallas-Fort Worth, TX",2023,May,1850,2076,20559,24485,0.0,6801.0,1818.0,1818.0,2023-05-01
848210,India,"Detroit, MI",2023,May,5694,1033,63269,69996,0.0,20736.0,3564.0,3564.0,2023-05-01
848210,India,"Houston-Galveston, TX",2023,May,759,397,8430,9586,0.0,3.0,2.0,2.0,2023-05-01
848210,India,"New Orleans, LA",2023,May,20331,3310,225899,249540,0.0,24562.0,10107.0,10107.0,2023-05-01
848210,India,"New York, NY",2023,May,18904,5981,210070,234955,0.0,263139.0,10796.0,10796.0,2023-05-01
848210,India,"Savannah, GA",2023,May,14513,6210,163741,184464,0.0,25525.0,5307.0,5307.0,2023-05-01
848210,India,"Charleston, SC",2023,June,748,381,8310,9439,0.0,246.0,348.0,348.0,2023-06-01
848210,India,"Chicago, IL",2023,June,29824,7918,331390,369132,0.0,38967.0,22675.0,22675.0,2023-06-01
848210,India,"Cleveland, OH",2023,June,5486,1059,60959,67504,0.0,258.0,321.0,321.0,2023-06-01
848210,India,"Columbia-Snake, OR",2023,June,10825,2100,120275,133200,0.0,1695.0,6403.0,6403.0,2023-06-01
848210,India,"Dallas-Fort Worth, TX",2023,June,490,2340,5448,8278,0.0,342.0,773.0,773.0,2023-06-01
848210,India,"Detroit, MI",2023,June,16655,2435,185066,204156,0.0,60480.0,8826.0,8826.0,2023-06-01
848210,India,"Los Angeles, CA",2023,June,9090,2592,103201,114883,0.0,74075.0,11888.0,11888.0,2023-06-01
848210,India,"New Orleans, LA",2023,June,20530,2969,228124,251623,0.0,20485.0,9720.0,9720.0,2023-06-01
848210,India,"Savannah, GA",2023,June,16580,4940,185746,207266,0.0,20859.0,6034.0,6034.0,2023-06-01
848210,India,"Wilmington, NC",2023,June,1122,1543,12463,15128,0.0,850.0,2188.0,2188.0,2023-06-01
848210,India,"Charleston, SC",2023,July,1250,188,13884,15322,0.0,411.0,561.0,561.0,2023-07-01
848210,India,"Chicago, IL",2023,July,18010,3912,203216,225138,0.0,4097.0,16758.0,16758.0,2023-07-01
848210,India,"Cleveland, OH",2023,July,5912,1678,65662,73252,0.0,982.0,1142.0,1142.0,2023-07-01
848210,India,"Columbia-Snake, OR",2023,July,7996,2100,88848,98944,0.0,1234.0,5183.0,5183.0,2023-07-01
848210,India,"Dallas-Fort Worth, TX",2023,July,101,1500,4195,5796,0.0,1000.0,670.0,670.0,2023-07-01
848210,India,"Detroit, MI",2023,July,3907,2283,45748,51938,0.0,14814.0,2359.0,2359.0,2023-07-01
848210,India,"Los Angeles, CA",2023,July,5810,1992,64553,72355,0.0,43875.0,7716.0,7716.0,2023-07-01
848210,India,"New Orleans, LA",2023,July,23090,3395,256565,283050,0.0,32351.0,11167.0,11167.0,2023-07-01
848210,India,"New York, NY",2023,July,15475,4709,171997,192181,0.0,206110.0,8531.0,8531.0,2023-07-01
848210,India,"Philadelphia, PA",2023,July,695,2241,7720,10656,0.0,74.0,191.0,191.0,2023-07-01
848210,India,"Savannah, GA",2023,July,7291,1384,81018,89693,0.0,6879.0,2166.0,2166.0,2023-07-01
848210,India,"Chicago, IL",2023,August,35549,8089,394998,438636,0.0,26679.0,8596.0,8596.0,2023-08-01
848210,India,"Cleveland, OH",2023,August,8451,1813,93885,104149,0.0,39786.0,1244.0,1244.0,2023-08-01
848210,India,"Dallas-Fort Worth, TX",2023,August,328,17,3644,3989,0.0,305.0,73.0,73.0,2023-08-01
848210,India,"Detroit, MI",2023,August,14167,1188,157414,172769,0.0,61445.0,7852.0,7852.0,2023-08-01
848210,India,"Great Falls, MT",2023,August,815,123,9059,9997,0.0,13.0,156.0,156.0,2023-08-01
848210,India,"Houston-Galveston, TX",2023,August,229,22,2545,2796,0.0,2.0,94.0,94.0,2023-08-01
848210,India,"Los Angeles, CA",2023,August,884,400,9820,11104,0.0,2510.0,612.0,612.0,2023-08-01
848210,India,"New Orleans, LA",2023,August,22386,2956,248740,274082,0.0,36158.0,10972.0,10972.0,2023-08-01
848210,India,"New York, NY",2023,August,8310,2000,92365,102675,0.0,145800.0,4955.0,4955.0,2023-08-01
848210,India,"Philadelphia, PA",2023,August,164,96,6856,7116,0.0,200.0,11.0,11.0,2023-08-01
848210,India,"Savannah, GA",2023,August,20538,5123,234864,260525,0.0,57751.0,8507.0,8507.0,2023-08-01
848210,India,"Chicago, IL",2023,September,39456,11616,438400,489472,0.0,88540.0,28985.0,28985.0,2023-09-01
848210,India,"Cleveland, OH",2023,September,4061,1429,46832,52322,0.0,1916.0,1076.0,1076.0,2023-09-01
848210,India,"Columbia-Snake, OR",2023,September,7162,1300,79584,88046,0.0,1193.0,2573.0,2573.0,2023-09-01
848210,India,"Dallas-Fort Worth, TX",2023,September,5364,2275,59604,67243,0.0,2223.0,4285.0,4285.0,2023-09-01
848210,India,"Detroit, MI",2023,September,5045,225,56053,61323,0.0,27648.0,3668.0,3668.0,2023-09-01
848210,India,"Houston-Galveston, TX",2023,September,6048,1057,67203,74308,0.0,3095.0,3655.0,3655.0,2023-09-01
848210,India,"Los Angeles, CA",2023,September,4756,1000,52842,58598,0.0,33900.0,6746.0,6746.0,2023-09-01
848210,India,"Miami, FL",2023,September,615,525,6833,7973,0.0,887.0,750.0,750.0,2023-09-01
848210,India,"New Orleans, LA",2023,September,14158,2267,157283,173708,0.0,21004.0,9712.0,9712.0,2023-09-01
848210,India,"New York, NY",2023,September,5968,2592,66316,74876,0.0,8194.0,1461.0,1461.0,2023-09-01
848210,India,"Savannah, GA",2023,September,36352,10603,403904,450859,0.0,53702.0,13488.0,13488.0,2023-09-01
848210,India,"Charleston, SC",2023,October,2636,652,29292,32580,0.0,1754.0,1263.0,1263.0,2023-10-01
848210,India,"Chicago, IL",2023,October,6387,4784,70988,82159,0.0,1796.0,4045.0,4045.0,2023-10-01
848210,India,"Cleveland, OH",2023,October,1641,364,18231,20236,0.0,585.0,141.0,141.0,2023-10-01
848210,India,"Dallas-Fort Worth, TX",2023,October,278,20,3088,3386,0.0,6.0,4.0,4.0,2023-10-01
848210,India,"Detroit, MI",2023,October,3970,2,44119,48091,0.0,22464.0,3094.0,3094.0,2023-10-01
848210,India,"Miami, FL",2023,October,283,356,3140,3779,0.0,1026.0,357.0,357.0,2023-10-01
848210,India,"New Orleans, LA",2023,October,7766,1111,86301,95178,0.0,36933.0,7364.0,7364.0,2023-10-01
848210,India,"New York, NY",2023,October,7149,4313,79447,90909,0.0,46487.0,3782.0,3782.0,2023-10-01
848210,India,"Savannah, GA",2023,October,23867,11465,265169,300501,0.0,82690.0,9730.0,9730.0,2023-10-01
848210,India,"Charleston, SC",2023,November,10100,2098,112191,124389,0.0,26884.0,8483.0,8483.0,2023-11-01
848210,India,"Chicago, IL",2023,November,22873,7493,257058,287424,0.0,32260.0,14243.0,14243.0,2023-11-01
848210,India,"Cleveland, OH",2023,November,8076,2349,89717,100142,0.0,61.0,567.0,567.0,2023-11-01
848210,India,"Dallas-Fort Worth, TX",2023,November,632,446,7017,8095,0.0,787.0,975.0,975.0,2023-11-01
848210,India,"Detroit, MI",2023,November,5806,3060,64516,73382,0.0,27056.0,3914.0,3914.0,2023-11-01
848210,India,"Houston-Galveston, TX",2023,November,2023,538,22480,25041,0.0,8.0,4.0,4.0,2023-11-01
848210,India,"Los Angeles, CA",2023,November,4301,1000,47790,53091,0.0,30900.0,6229.0,6229.0,2023-11-01
848210,India,"Miami, FL",2023,November,1327,196,14749,16272,0.0,360.0,428.0,428.0,2023-11-01
848210,India,"New Orleans, LA",2023,November,16561,2805,183997,203363,0.0,54246.0,8651.0,8651.0,2023-11-01
848210,India,"New York, NY",2023,November,415,182,4615,5212,0.0,32.0,330.0,330.0,2023-11-01
848210,India,"Philadelphia, PA",2023,November,311,358,3460,4129,0.0,400.0,40.0,40.0,2023-11-01
848210,India,"Savannah, GA",2023,November,4495,5904,49922,60321,0.0,11600.0,5275.0,5275.0,2023-11-01
848210,India,"Charleston, SC",2023,December,14484,7916,160924,183324,0.0,24049.0,3527.0,3527.0,2023-12-01
848210,India,"Chicago, IL",2023,December,11408,5344,126762,143514,0.0,3945.0,5907.0,5907.0,2023-12-01
848210,India,"Cleveland, OH",2023,December,3906,785,43397,48088,0.0,234.0,298.0,298.0,2023-12-01
848210,India,"Columbia-Snake, OR",2023,December,3189,785,35432,39406,0.0,634.0,2200.0,2200.0,2023-12-01
848210,India,"Detroit, MI",2023,December,3812,630,46832,51274,0.0,22716.0,3230.0,3230.0,2023-12-01
848210,India,"Houston-Galveston, TX",2023,December,1026,21,11402,12449,0.0,1.0,75.0,75.0,2023-12-01
848210,India,"Laredo, TX",2023,December,119,150,4946,5215,0.0,1428.0,586.0,586.0,2023-12-01
848210,India,"Los Angeles, CA",2023,December,1150,288,12778,14216,0.0,3844.0,661.0,661.0,2023-12-01
848210,India,"Miami, FL",2023,December,592,57,6580,7229,0.0,94.0,245.0,245.0,2023-12-01
848210,India,"New Orleans, LA",2023,December,11320,3847,125755,140922,0.0,31356.0,5586.0,5586.0,2023-12-01
848210,India,"New York, NY",2023,December,4354,4255,48386,56995,0.0,4042.0,2089.0,2089.0,2023-12-01
848210,India,"Nogales, AZ",2023,December,272,4,3025,3301,0.0,7.0,1.0,1.0,2023-12-01
848210,India,"Savannah, GA",2023,December,1638,1501,18240,21379,0.0,8000.0,1866.0,1866.0,2023-12-01
848210,India,"Charleston, SC",2024,January,17226,6782,191438,215446,0.0,32607.0,7026.0,7026.0,2024-01-01
848210,India,"Chicago, IL",2024,January,6557,4045,74996,85598,0.0,5068.0,5097.0,5097.0,2024-01-01
848210,India,"Cleveland, OH",2024,January,6742,1424,74913,83079,0.0,50.0,444.0,444.0,2024-01-01
848210,India,"Dallas-Fort Worth, TX",2024,January,1312,639,14582,16533,0.0,58.0,581.0,581.0,2024-01-01
848210,India,"Houston-Galveston, TX",2024,January,2381,33,26452,28866,0.0,756.0,386.0,386.0,2024-01-01
848210,India,"Los Angeles, CA",2024,January,13809,6099,153446,173354,0.0,43144.0,9587.0,9587.0,2024-01-01
848210,India,"New Orleans, LA",2024,January,10060,1617,157460,169137,0.0,12158.0,4375.0,4375.0,2024-01-01
848210,India,"New York, NY",2024,January,957,1023,10629,12609,0.0,290.0,105.0,105.0,2024-01-01
848210,India,"Norfolk, VA",2024,January,2834,656,31486,34976,0.0,1400.0,854.0,854.0,2024-01-01
848210,India,"Savannah, GA",2024,January,16910,8149,187871,212930,0.0,130444.0,22480.0,22480.0,2024-01-01
848210,India,"Charleston, SC",2024,February,6607,1827,73435,81869,0.0,10162.0,2715.0,2715.0,2024-02-01
848210,India,"Chicago, IL",2024,February,41053,15240,456156,512449,0.0,61250.0,34636.0,34636.0,2024-02-01
848210,India,"Cleveland, OH",2024,February,419,3597,9046,13062,0.0,1000.0,338.0,338.0,2024-02-01
848210,India,"Columbia-Snake, OR",2024,February,9012,2001,100139,111152,0.0,1423.0,4059.0,4059.0,2024-02-01
848210,India,"Detroit, MI",2024,February,3054,2,33938,36994,0.0,17280.0,2524.0,2524.0,2024-02-01
848210,India,"Houston-Galveston, TX",2024,February,923,311,10252,11486,0.0,147.0,365.0,365.0,2024-02-01
848210,India,"Los Angeles, CA",2024,February,4798,2536,53310,60644,0.0,33450.0,6686.0,6686.0,2024-02-01
848210,India,"New Orleans, LA",2024,February,11446,4590,127154,143190,0.0,26923.0,6560.0,6560.0,2024-02-01
848210,India,"New York, NY",2024,February,4854,5056,53950,63860,0.0,1664.0,2195.0,2195.0,2024-02-01
848210,India,"Philadelphia, PA",2024,February,55,313,2292,2660,0.0,600.0,68.0,68.0,2024-02-01
848210,India,"Savannah, GA",2024,February,2799,933,31118,34850,0.0,11082.0,5085.0,5085.0,2024-02-01
848210,India,"Wilmington, NC",2024,February,2787,1382,30964,35133,0.0,44123.0,2538.0,2538.0,2024-02-01
848210,India,"Charleston, SC",2024,March,19743,12197,219225,251165,0.0,36879.0,48273.0,48273.0,2024-03-01
848210,India,"Chicago, IL",2024,March,26985,15414,305458,347857,0.0,32414.0,17152.0,17152.0,2024-03-01
848210,India,"Cleveland, OH",2024,March,19219,32153,213612,264984,0.0,302520.0,10513.0,10513.0,2024-03-01
848210,India,"Columbia-Snake, OR",2024,March,533,585,5917,7035,0.0,193.0,299.0,299.0,2024-03-01
848210,India,"Dallas-Fort Worth, TX",2024,March,480,600,5328,6408,0.0,342.0,257.0,257.0,2024-03-01
848210,India,"Detroit, MI",2024,March,1980,620,26470,29070,0.0,12348.0,1892.0,1892.0,2024-03-01
848210,India,"Houston-Galveston, TX",2024,March,880,175,9774,10829,0.0,54.0,1.0,1.0,2024-03-01
848210,India,"Los Angeles, CA",2024,March,3322,2500,36907,42729,0.0,24075.0,4543.0,4543.0,2024-03-01
848210,India,"New Orleans, LA",2024,March,14324,1753,159148,175225,0.0,44084.0,8603.0,8603.0,2024-03-01
848210,India,"New York, NY",2024,March,4906,3203,60559,68668,0.0,16158.0,4685.0,4685.0,2024-03-01
848210,India,"Savannah, GA",2024,March,7817,3499,86855,98171,0.0,8430.0,2680.0,2680.0,2024-03-01
848210,India,"Charleston, SC",2024,April,11829,6746,131448,150023,0.0,16019.0,4596.0,4596.0,2024-04-01
848210,India,"Chicago, IL",2024,April,19174,9652,218537,247363,0.0,72319.0,14881.0,14881.0,2024-04-01
848210,India,"Cleveland, OH",2024,April,5890,1108,65447,72445,0.0,46.0,365.0,365.0,2024-04-01
848210,India,"Detroit, MI",2024,April,4820,292,53568,58680,0.0,24359.0,3851.0,3851.0,2024-04-01
848210,India,"Los Angeles, CA",2024,April,1153,3083,12817,17053,0.0,1846.0,860.0,860.0,2024-04-01
848210,India,"New Orleans, LA",2024,April,18486,4280,205435,228201,0.0,67226.0,12348.0,12348.0,2024-04-01
848210,India,"New York, NY",2024,April,2411,1274,26770,30455,0.0,728.0,1685.0,1685.0,2024-04-01
848210,India,"Philadelphia, PA",2024,April,594,1510,6600,8704,0.0,1.0,89.0,89.0,2024-04-01
848210,India,"Savannah, GA",2024,April,20467,10723,262551,293741,0.0,58565.0,19570.0,19570.0,2024-04-01
848210,India,"Charleston, SC",2024,May,21451,404,238317,260172,0.0,24102.0,6085.0,6085.0,2024-05-01
848210,India,"Chicago, IL",2024,May,12538,6124,139307,157969,0.0,16440.0,7096.0,7096.0,2024-05-01
848210,India,"Cleveland, OH",2024,May,14768,20041,164121,198930,0.0,147988.0,5503.0,5503.0,2024-05-01
848210,India,"Columbia-Snake, OR",2024,May,1479,535,16434,18448,0.0,415.0,643.0,643.0,2024-05-01
848210,India,"Detroit, MI",2024,May,4582,4,50907,55493,0.0,25920.0,4284.0,4284.0,2024-05-01
848210,India,"Houston-Galveston, TX",2024,May,2611,154,29016,31781,0.0,12.0,139.0,139.0,2024-05-01
848210,India,"Los Angeles, CA",2024,May,6845,1453,79706,88004,0.0,43252.0,8859.0,8859.0,2024-05-01
848210,India,"New Orleans, LA",2024,May,5781,4166,64229,74176,0.0,32940.0,4140.0,4140.0,2024-05-01
848210,India,"New York, NY",2024,May,9746,14644,108318,132708,0.0,126834.0,5202.0,5202.0,2024-05-01
848210,India,"Savannah, GA",2024,May,23594,12364,262054,298012,0.0,139773.0,22832.0,22832.0,2024-05-01
848210,India,"Charleston, SC",2024,June,12191,119,135396,147706,0.0,26272.0,3124.0,3124.0,2024-06-01
848210,India,"Chicago, IL",2024,June,10327,3912,114758,128997,0.0,5344.0,2928.0,2928.0,2024-06-01
848210,India,"Cleveland, OH",2024,June,5558,1012,61748,68318,0.0,1885.0,1415.0,1415.0,2024-06-01
848210,India,"Detroit, MI",2024,June,20209,6504,224579,251292,0.0,30843.0,27474.0,27474.0,2024-06-01
848210,India,"Houston-Galveston, TX",2024,June,405,241,4495,5141,0.0,920.0,309.0,309.0,2024-06-01
848210,India,"Los Angeles, CA",2024,June,335,200,3720,4255,0.0,2400.0,312.0,312.0,2024-06-01
848210,India,"Miami, FL",2024,June,658,361,7310,8329,0.0,890.0,1780.0,1780.0,2024-06-01
848210,India,"New Orleans, LA",2024,June,25401,4230,282210,311841,0.0,38012.0,18205.0,18205.0,2024-06-01
848210,India,"New York, NY",2024,June,10713,14862,123824,149399,0.0,138186.0,5744.0,5744.0,2024-06-01
848210,India,"Philadelphia, PA",2024,June,286,143,11900,12329,0.0,20.0,5.0,5.0,2024-06-01
848210,India,"Savannah, GA",2024,June,11581,5742,146536,163859,0.0,70569.0,4547.0,4547.0,2024-06-01
848210,India,"Charleston, SC",2024,July,40876,7752,455969,504597,0.0,119950.0,38156.0,38156.0,2024-07-01
848210,India,"Chicago, IL",2024,July,23654,10402,262816,296872,0.0,61989.0,10265.0,10265.0,2024-07-01
848210,India,"Cleveland, OH",2024,July,13215,16035,146862,176112,0.0,145840.0,5309.0,5309.0,2024-07-01
848210,India,"Detroit, MI",2024,July,30529,8508,339227,378264,0.0,62753.0,41305.0,41305.0,2024-07-01
848210,India,"Houston-Galveston, TX",2024,July,10595,11445,119574,141614,0.0,678.0,2539.0,2539.0,2024-07-01
848210,India,"New Orleans, LA",2024,July,8213,1505,91249,100967,0.0,58047.0,8544.0,8544.0,2024-07-01
848210,India,"New York, NY",2024,July,785,550,8726,10061,0.0,910.0,464.0,464.0,2024-07-01
848210,India,"Pembina, ND",2024,July,203,100,2255,2558,0.0,1.0,40.0,40.0,2024-07-01
848210,India,"Savannah, GA",2024,July,19437,4654,217861,241952,0.0,133919.0,7250.0,7250.0,2024-07-01
848210,India,"Wilmington, NC",2024,July,4096,540,56975,61611,0.0,2770.0,1535.0,1535.0,2024-07-01
848210,India,"Charleston, SC",2024,August,27464,13907,305068,346439,0.0,74416.0,23104.0,23104.0,2024-08-01
848210,India,"Chicago, IL",2024,August,2748,3643,30533,36924,0.0,14918.0,2364.0,2364.0,2024-08-01
848210,India,"Cleveland, OH",2024,August,15165,16550,168532,200247,0.0,145891.0,7009.0,7009.0,2024-08-01
848210,India,"Detroit, MI",2024,August,1702,517,18918,21137,0.0,5283.0,1120.0,1120.0,2024-08-01
848210,India,"Houston-Galveston, TX",2024,August,860,3,9558,10421,0.0,4.0,18.0,18.0,2024-08-01
848210,India,"Laredo, TX",2024,August,61,4,2530,2595,0.0,727.0,334.0,334.0,2024-08-01
848210,India,"Los Angeles, CA",2024,August,335,500,3720,4555,0.0,2400.0,312.0,312.0,2024-08-01
848210,India,"New Orleans, LA",2024,August,14216,2395,157944,174555,0.0,16921.0,11691.0,11691.0,2024-08-01
848210,India,"New York, NY",2024,August,3939,2516,45726,52181,0.0,871.0,1288.0,1288.0,2024-08-01
848210,India,"Pembina, ND",2024,August,402,200,4458,5060,0.0,441.0,240.0,240.0,2024-08-01
848210,India,"Savannah, GA",2024,August,9164,4411,133357,146932,0.0,74511.0,3979.0,3979.0,2024-08-01
848210,India,"Wilmington, NC",2024,August,542,103,6025,6670,0.0,500.0,19.0,19.0,2024-08-01
848210,India,"Buffalo, NY",2024,September,1264,150,14045,15459,0.0,5300.0,1.0,1.0,2024-09-01
848210,India,"Charleston, SC",2024,September,26404,2561,293307,322272,0.0,64048.0,16856.0,16856.0,2024-09-01
848210,India,"Chicago, IL",2024,September,31601,14724,368560,414885,0.0,73257.0,26958.0,26958.0,2024-09-01
848210,India,"Cleveland, OH",2024,September,8852,2854,98353,110059,0.0,55579.0,4925.0,4925.0,2024-09-01
848210,India,"Columbia-Snake, OR",2024,September,3451,699,38335,42485,0.0,440.0,1284.0,1284.0,2024-09-01
848210,India,"Detroit, MI",2024,September,3969,7,44120,48096,0.0,22464.0,3714.0,3714.0,2024-09-01
848210,India,"Great Falls, MT",2024,September,587,31,6523,7141,0.0,20.0,98.0,98.0,2024-09-01
848210,India,"Houston-Galveston, TX",2024,September,296,83,3290,3669,0.0,710.0,147.0,147.0,2024-09-01
848210,India,"Mobile, AL",2024,September,205,175,2300,2680,0.0,40.0,80.0,80.0,2024-09-01
848210,India,"New Orleans, LA",2024,September,19718,5894,219079,244691,0.0,82289.0,11611.0,11611.0,2024-09-01
848210,India,"New York, NY",2024,September,1682,1793,18685,22160,0.0,578.0,882.0,882.0,2024-09-01
848210,India,"Pembina, ND",2024,September,364,300,4050,4714,0.0,2.0,80.0,80.0,2024-09-01
848210,India,"Savannah, GA",2024,September,3059,271,34001,37331,0.0,2369.0,942.0,942.0,2024-09-01
848210,India,"St. Louis, MO",2024,September,502,557,5569,6628,0.0,620.0,996.0,996.0,2024-09-01
848210,India,"Wilmington, NC",2024,September,1095,89,12172,13356,0.0,582.0,318.0,318.0,2024-09-01
848210,India,"Charleston, SC",2024,October,15663,124,173956,189743,0.0,63208.0,7472.0,7472.0,2024-10-01
848210,India,"Chicago, IL",2024,October,8409,5363,93422,107194,0.0,19455.0,3929.0,3929.0,2024-10-01
848210,India,"Cleveland, OH",2024,October,18371,4070,231972,254413,0.0,181086.0,8337.0,8337.0,2024-10-01
848210,India,"Dallas-Fort Worth, TX",2024,October,69,301,2880,3250,0.0,210.0,170.0,170.0,2024-10-01
848210,India,"Detroit, MI",2024,October,4887,4,54300,59191,0.0,27648.0,5150.0,5150.0,2024-10-01
848210,India,"Houston-Galveston, TX",2024,October,407,211,4510,5128,0.0,586.0,325.0,325.0,2024-10-01
848210,India,"Los Angeles, CA",2024,October,1878,1394,20862,24134,0.0,10955.0,2669.0,2669.0,2024-10-01
848210,India,"Miami, FL",2024,October,1769,899,19650,22318,0.0,2015.0,1005.0,1005.0,2024-10-01
848210,India,"New Orleans, LA",2024,October,20205,4922,224492,249619,0.0,69234.0,14743.0,14743.0,2024-10-01
848210,India,"New York, NY",2024,October,2317,695,25762,28774,0.0,1533.0,638.0,638.0,2024-10-01
848210,India,"Pembina, ND",2024,October,182,100,2025,2307,0.0,1.0,40.0,40.0,2024-10-01
848210,India,"Savannah, GA",2024,October,2518,345,29759,32622,0.0,3377.0,720.0,720.0,2024-10-01
848210,India,"Charleston, SC",2024,November,52707,6247,585553,644507,0.0,74931.0,57311.0,57311.0,2024-11-01
848210,India,"Chicago, IL",2024,November,25785,19461,286500,331746,0.0,38662.0,17250.0,17250.0,2024-11-01
848210,India,"Cleveland, OH",2024,November,10234,13702,116236,140172,0.0,117150.0,4402.0,4402.0,2024-11-01
848210,India,"Columbia-Snake, OR",2024,November,6038,1776,67092,74906,0.0,539.0,4014.0,4014.0,2024-11-01
848210,India,"Detroit, MI",2024,November,1597,201,17741,19539,0.0,7296.0,1276.0,1276.0,2024-11-01
848210,India,"Houston-Galveston, TX",2024,November,673,288,7470,8431,0.0,169.0,318.0,318.0,2024-11-01
848210,India,"Los Angeles, CA",2024,November,510,500,5665,6675,0.0,110.0,282.0,282.0,2024-11-01
848210,India,"Miami, FL",2024,November,1156,329,12845,14330,0.0,508.0,444.0,444.0,2024-11-01
848210,India,"New Orleans, LA",2024,November,10854,2014,120573,133441,0.0,36093.0,12638.0,12638.0,2024-11-01
848210,India,"New York, NY",2024,November,586,519,6505,7610,0.0,617.0,1151.0,1151.0,2024-11-01
848210,India,"Savannah, GA",2024,November,4827,2454,53639,60920,0.0,25277.0,5187.0,5187.0,2024-11-01
848210,India,"St. Louis, MO",2024,November,201,19,2234,2454,0.0,125.0,96.0,96.0,2024-11-01
848210,India,"Wilmington, NC",2024,November,518,86,5762,6366,0.0,500.0,34.0,34.0,2024-11-01
848210,India,"Buffalo, NY",2024,December,169,150,7023,7342,0.0,2650.0,413.0,413.0,2024-12-01
848210,India,"Charleston, SC",2024,December,24642,4685,273832,303159,0.0,47032.0,7735.0,7735.0,2024-12-01
848210,India,"Chicago, IL",2024,December,12229,12512,135889,160630,0.0,13746.0,6661.0,6661.0,2024-12-01
848210,India,"Cleveland, OH",2024,December,2105,664,23394,26163,0.0,648.0,1109.0,1109.0,2024-12-01
848210,India,"Detroit, MI",2024,December,210,70,2334,2614,0.0,1450.0,303.0,303.0,2024-12-01
848210,India,"Los Angeles, CA",2024,December,242,500,2687,3429,0.0,1350.0,351.0,351.0,2024-12-01
848210,India,"Miami, FL",2024,December,760,110,8439,9309,0.0,262.0,250.0,250.0,2024-12-01
848210,India,"New Orleans, LA",2024,December,26119,4242,290239,320600,0.0,219343.0,18070.0,18070.0,2024-12-01
848210,India,"New York, NY",2024,December,9978,5075,110892,125945,0.0,146775.0,5174.0,5174.0,2024-12-01
848210,India,"San Francisco, CA",2024,December,197,0,2194,2391,0.0,12.0,28.0,28.0,2024-12-01
848210,India,"Savannah, GA",2024,December,6082,1227,77853,85162,0.0,22720.0,2807.0,2807.0,2024-12-01
848210,India,"Wilmington, NC",2024,December,2885,505,32044,35434,0.0,2560.0,599.0,599.0,2024-12-01
848210,India,"Boston, MA",2025,January,710,447,7884,9041,0.0,126.0,85.0,85.0,2025-01-01
848210,India,"Charleston, SC",2025,January,21317,1368,236873,259558,0.0,39341.0,15157.0,15157.0,2025-01-01
848210,India,"Chicago, IL",2025,January,31632,16595,351468,399695,0.0,42815.0,18798.0,18798.0,2025-01-01
848210,India,"Cleveland, OH",2025,January,3237,2528,35958,41723,0.0,1656.0,2737.0,2737.0,2025-01-01
848210,India,"Detroit, MI",2025,January,1222,1,13575,14798,0.0,6912.0,892.0,892.0,2025-01-01
848210,India,"Houston-Galveston, TX",2025,January,335,112,8197,8644,0.0,208.0,122.0,122.0,2025-01-01
848210,India,"Miami, FL",2025,January,599,195,6654,7448,0.0,2588.0,1500.0,1500.0,2025-01-01
848210,India,"New Orleans, LA",2025,January,7677,1109,85295,94081,0.0,20037.0,10348.0,10348.0,2025-01-01
848210,India,"New York, NY",2025,January,18969,2022,210830,231821,0.0,292563.0,11219.0,11219.0,2025-01-01
848210,India,"Savannah, GA",2025,January,2737,954,30412,34103,0.0,3039.0,3372.0,3372.0,2025-01-01
848210,India,"Buffalo, NY",2025,February,506,18,21068,21592,0.0,10600.0,1140.0,1140.0,2025-02-01
848210,India,"Charleston, SC",2025,February,43624,4423,484559,532606,0.0,44512.0,11898.0,11898.0,2025-02-01
848210,India,"Chicago, IL",2025,February,11863,7919,133667,153449,0.0,23034.0,7180.0,7180.0,2025-02-01
848210,India,"Cleveland, OH",2025,February,1296,444,17945,19685,0.0,19621.0,973.0,973.0,2025-02-01
848210,India,"Dallas-Fort Worth, TX",2025,February,378,5,4205,4588,0.0,48.0,17.0,17.0,2025-02-01
848210,India,"Detroit, MI",2025,February,1221,2,13575,14798,0.0,6912.0,892.0,892.0,2025-02-01
848210,India,"Houston-Galveston, TX",2025,February,335,53,3729,4117,0.0,74.0,238.0,238.0,2025-02-01
848210,India,"Los Angeles, CA",2025,February,549,69,6100,6718,0.0,2520.0,1089.0,1089.0,2025-02-01
848210,India,"Miami, FL",2025,February,248,94,2757,3099,0.0,270.0,437.0,437.0,2025-02-01
848210,India,"New Orleans, LA",2025,February,11883,2775,132021,146679,0.0,53069.0,9876.0,9876.0,2025-02-01
848210,India,"New York, NY",2025,February,9500,4248,105590,119338,0.0,119455.0,4785.0,4785.0,2025-02-01
848210,India,"Savannah, GA",2025,February,572,112,16628,17312,0.0,118.0,294.0,294.0,2025-02-01
848210,India,"Charleston, SC",2025,March,38586,5178,428746,472510,0.0,79071.0,19812.0,19812.0,2025-03-01
848210,India,"Chicago, IL",2025,March,12805,5793,159112,177710,0.0,37206.0,10944.0,10944.0,2025-03-01
848210,India,"Cleveland, OH",2025,March,3828,4711,42531,51070,0.0,39040.0,2267.0,2267.0,2025-03-01
848210,India,"Dallas-Fort Worth, TX",2025,March,1623,919,18029,20571,0.0,837.0,1353.0,1353.0,2025-03-01
848210,India,"Detroit, MI",2025,March,1222,2,13587,14811,0.0,6912.0,892.0,892.0,2025-03-01
848210,India,"Great Falls, MT",2025,March,193,37,2141,2371,0.0,1.0,40.0,40.0,2025-03-01
848210,India,"Los Angeles, CA",2025,March,861,800,9566,11227,0.0,5325.0,1079.0,1079.0,2025-03-01
848210,India,"New Orleans, LA",2025,March,29836,5687,331465,366988,0.0,120994.0,14878.0,14878.0,2025-03-01
848210,India,"New York, NY",2025,March,1681,455,18669,20805,0.0,907.0,968.0,968.0,2025-03-01
848210,India,"Philadelphia, PA",2025,March,299,590,3320,4209,0.0,500.0,125.0,125.0,2025-03-01
848210,India,"Savannah, GA",2025,March,244,32,2714,2990,0.0,60.0,8.0,8.0,2025-03-01
848210,India,"Wilmington, NC",2025,March,117,215,4885,5217,0.0,350.0,368.0,368.0,2025-03-01
848210,India,"Boston, MA",2025,April,407,70,2124,2601,0.0,242.0,696.0,696.0,2025-04-01
848210,India,"Charleston, SC",2025,April,43722,11913,494664,550299,0.0,90315.0,20416.0,20416.0,2025-04-01
848210,India,"Chicago, IL",2025,April,24399,9384,250157,283940,0.0,56459.0,19899.0,19899.0,2025-04-01
848210,India,"Cleveland, OH",2025,April,20727,1119,257543,279389,0.0,281164.0,11249.0,11249.0,2025-04-01
848210,India,"Columbia-Snake, OR",2025,April,283,535,3143,3961,0.0,330.0,104.0,104.0,2025-04-01
848210,India,"Detroit, MI",2025,April,6186,1933,65941,74060,0.0,23090.0,4575.0,4575.0,2025-04-01
848210,India,"Houston-Galveston, TX",2025,April,827,156,5605,6588,0.0,552.0,353.0,353.0,2025-04-01
848210,India,"Laredo, TX",2025,April,792,417,4166,5375,0.0,384.0,365.0,365.0,2025-04-01
848210,India,"Los Angeles, CA",2025,April,335,150,3720,4205,0.0,2400.0,312.0,312.0,2025-04-01
848210,India,"New Orleans, LA",2025,April,11817,3591,125634,141042,0.0,68197.0,10520.0,10520.0,2025-04-01
848210,India,"New York, NY",2025,April,10423,1566,113268,125257,0.0,147221.0,5802.0,5802.0,2025-04-01
848210,India,"Ogdensburg, NY",2025,April,472,18,2484,2974,0.0,71.0,12.0,12.0,2025-04-01
848210,India,"Pembina, ND",2025,April,587,93,4245,4925,0.0,97.0,88.0,88.0,2025-04-01
848210,India,"Savannah, GA",2025,April,2132,323,15353,17808,0.0,251.0,340.0,340.0,2025-04-01
848210,India,"Wilmington, NC",2025,April,1185,628,6235,8048,0.0,508.0,41.0,41.0,2025-04-01
848210,India,"Charleston, SC",2025,May,27605,1004,169265,197874,0.0,19742.0,8102.0,8102.0,2025-05-01
848210,India,"Chicago, IL",2025,May,14812,4568,125068,144448,0.0,103261.0,6889.0,6889.0,2025-05-01
848210,India,"Cleveland, OH",2025,May,6583,2459,34644,43686,0.0,32052.0,1300.0,1300.0,2025-05-01
848210,India,"Dallas-Fort Worth, TX",2025,May,624,182,6928,7734,0.0,309.0,465.0,465.0,2025-05-01
848210,India,"Detroit, MI",2025,May,12925,508,69831,83264,0.0,40752.0,5482.0,5482.0,2025-05-01
848210,India,"Houston-Galveston, TX",2025,May,284,117,3150,3551,0.0,116.0,196.0,196.0,2025-05-01
848210,India,"Miami, FL",2025,May,925,49,4869,5843,0.0,170.0,144.0,144.0,2025-05-01
848210,India,"New Orleans, LA",2025,May,32397,3144,319355,354896,0.0,27252.0,30070.0,30070.0,2025-05-01
848210,India,"New York, NY",2025,May,17676,1113,130651,149440,0.0,13541.0,4684.0,4684.0,2025-05-01
848210,India,"Ogdensburg, NY",2025,May,119,65,4944,5128,0.0,4.0,1.0,1.0,2025-05-01
848210,India,"Pembina, ND",2025,May,422,500,2221,3143,0.0,1.0,40.0,40.0,2025-05-01
848210,India,"Savannah, GA",2025,May,1519,286,10008,11813,0.0,1358.0,267.0,267.0,2025-05-01
848210,India,"Wilmington, NC",2025,May,891,50,9897,10838,0.0,138.0,444.0,444.0,2025-05-01
848210,India,"Charleston, SC",2025,June,54430,3075,286864,344369,0.0,69042.0,12541.0,12541.0,2025-06-01
848210,India,"Chicago, IL",2025,June,19473,2181,102499,124153,0.0,2943.0,10369.0,10369.0,2025-06-01
848210,India,"Cleveland, OH",2025,June,6671,216,35107,41994,0.0,91.0,13.0,13.0,2025-06-01
848210,India,"Detroit, MI",2025,June,20665,10,60782,81457,0.0,38016.0,6953.0,6953.0,2025-06-01
848210,India,"Houston-Galveston, TX",2025,June,2882,118,15164,18164,0.0,535.0,1143.0,1143.0,2025-06-01
848210,India,"New Orleans, LA",2025,June,14258,2615,104964,121837,0.0,22075.0,8608.0,8608.0,2025-06-01
848210,India,"New York, NY",2025,June,2895,824,15234,18953,0.0,1119.0,489.0,489.0,2025-06-01
848210,India,"Nogales, AZ",2025,June,412,866,2166,3444,0.0,10.0,10.0,10.0,2025-06-01
848210,India,"Philadelphia, PA",2025,June,0,30,2393,2423,0.0,29.0,9.0,9.0,2025-06-01
848210,India,"Savannah, GA",2025,June,2739,698,17217,20654,0.0,397.0,1059.0,1059.0,2025-06-01
848210,India,"Wilmington, NC",2025,June,1558,575,8200,10333,0.0,2.0,2.0,2.0,2025-06-01
848210,India,"Charleston, SC",2025,July,38360,2215,201916,242491,0.0,27069.0,10028.0,10028.0,2025-07-01
848210,India,"Chicago, IL",2025,July,60705,11774,343099,415578,0.0,233520.0,26193.0,26193.0,2025-07-01
848210,India,"Detroit, MI",2025,July,15030,5,44206,59241,0.0,27648.0,3632.0,3632.0,2025-07-01
848210,India,"Houston-Galveston, TX",2025,July,6229,651,36696,43576,0.0,495.0,2105.0,2105.0,2025-07-01
848210,India,"Laredo, TX",2025,July,1412,421,7427,9260,0.0,1938.0,618.0,618.0,2025-07-01
848210,India,"Los Angeles, CA",2025,July,573,1025,3016,4614,0.0,1.0,1.0,1.0,2025-07-01
848210,India,"Miami, FL",2025,July,1108,43,5831,6982,0.0,1200.0,268.0,268.0,2025-07-01
848210,India,"New Orleans, LA",2025,July,5413,766,28483,34662,0.0,2302.0,1813.0,1813.0,2025-07-01
848210,India,"New York, NY",2025,July,9502,1724,50012,61238,0.0,2392.0,1982.0,1982.0,2025-07-01
848210,India,"Pembina, ND",2025,July,1081,13,5687,6781,0.0,208.0,82.0,82.0,2025-07-01
848210,India,"San Francisco, CA",2025,July,0,64,2901,2965,0.0,128.0,180.0,180.0,2025-07-01
848210,India,"Savannah, GA",2025,July,5643,373,34003,40019,0.0,4407.0,7708.0,7708.0,2025-07-01
848210,India,"St. Louis, MO",2025,July,891,53,4691,5635,0.0,406.0,1076.0,1076.0,2025-07-01
848210,India,"Tampa, FL",2025,July,1299,219,3822,5340,0.0,1970.0,183.0,183.0,2025-07-01
848210,India,"Washington, DC",2025,July,1329,85,3554,4968,0.0,119.0,29.0,29.0,2025-07-01
848210,India,"Wilmington, NC",2025,July,1417,88,7459,8964,0.0,766.0,134.0,134.0,2025-07-01
848210,India,"Charleston, SC",2025,August,72236,4412,305596,382244,0.0,71572.0,13141.0,13141.0,2025-08-01
848210,India,"Chicago, IL",2025,August,40211,20898,162880,223989,0.0,48478.0,16174.0,16174.0,2025-08-01
848210,India,"Cleveland, OH",2025,August,3497,1000,28200,32697,0.0,436.0,105.0,105.0,2025-08-01
848210,India,"Detroit, MI",2025,August,22545,7,66310,88862,0.0,41472.0,5416.0,5416.0,2025-08-01
848210,India,"Houston-Galveston, TX",2025,August,496,124,2609,3229,0.0,95.0,167.0,167.0,2025-08-01
848210,India,"Los Angeles, CA",2025,August,3933,1082,23685,28700,0.0,18039.0,2358.0,2358.0,2025-08-01
848210,India,"New Orleans, LA",2025,August,42074,2331,257306,301711,0.0,31527.0,14906.0,14906.0,2025-08-01
848210,India,"New York, NY",2025,August,20210,705,99157,120072,0.0,145984.0,5717.0,5717.0,2025-08-01
848210,India,"Philadelphia, PA",2025,August,1845,417,6682,8944,0.0,695.0,30.0,30.0,2025-08-01
848210,India,"Savannah, GA",2025,August,0,6,3173,3179,0.0,42.0,30.0,30.0,2025-08-01
848210,India,"St. Louis, MO",2025,August,367,326,2955,3648,0.0,105.0,105.0,105.0,2025-08-01
848210,India,"Wilmington, NC",2025,August,1925,975,7373,10273,0.0,5751.0,244.0,244.0,2025-08-01
848210,India,"Charleston, SC",2025,September,195642,7090,342117,544849,0.0,87016.0,16681.0,16681.0,2025-09-01
848210,India,"Chicago, IL",2025,September,176651,13362,313258,503271,0.0,55801.0,21930.0,21930.0,2025-09-01
848210,India,"Cleveland, OH",2025,September,62709,1673,107832,172214,0.0,1656.0,637.0,637.0,2025-09-01
848210,India,"Detroit, MI",2025,September,8454,2,24865,33321,0.0,15552.0,2359.0,2359.0,2025-09-01
848210,India,"Houston-Galveston, TX",2025,September,6636,240,12264,19140,0.0,294.0,439.0,439.0,2025-09-01
848210,India,"Los Angeles, CA",2025,September,4071,1000,6900,11971,0.0,6000.0,780.0,780.0,2025-09-01
848210,India,"New Orleans, LA",2025,September,82258,2109,201307,285674,0.0,82537.0,20199.0,20199.0,2025-09-01
848210,India,"New York, NY",2025,September,55749,568,94490,150807,0.0,145840.0,4957.0,4957.0,2025-09-01
848210,India,"Pembina, ND",2025,September,3363,131,5700,9194,0.0,1.0,40.0,40.0,2025-09-01
848210,India,"Savannah, GA",2025,September,0,44,7325,7369,0.0,97.0,33.0,33.0,2025-09-01
848210,India,"Wilmington, NC",2025,September,10461,419,15520,26400,0.0,4000.0,873.0,873.0,2025-09-01
848210,India,"Charleston, SC",2025,October,305883,7029,518437,831349,0.0,105389.0,22845.0,22845.0,2025-10-01
848210,India,"Chicago, IL",2025,October,103314,12394,161546,277254,0.0,13368.0,11898.0,11898.0,2025-10-01
848210,India,"Dallas-Fort Worth, TX",2025,October,2083,2,3531,5616,0.0,62.0,93.0,93.0,2025-10-01
848210,India,"Detroit, MI",2025,October,48599,6789,84712,140100,0.0,11373.0,4571.0,4571.0,2025-10-01
848210,India,"Houston-Galveston, TX",2025,October,12560,934,22027,35521,0.0,5050.0,525.0,525.0,2025-10-01
848210,India,"Los Angeles, CA",2025,October,11221,1500,21975,34696,0.0,10070.0,3869.0,3869.0,2025-10-01
848210,India,"Milwaukee, WI",2025,October,1284,46,2177,3507,0.0,45.0,16.0,16.0,2025-10-01
848210,India,"New Orleans, LA",2025,October,71889,1847,173346,247082,0.0,55761.0,24536.0,24536.0,2025-10-01
848210,India,"New York, NY",2025,October,4760,103,8069,12932,0.0,312.0,847.0,847.0,2025-10-01
848210,India,"Philadelphia, PA",2025,October,7559,1322,8012,16893,0.0,438.0,271.0,271.0,2025-10-01
848210,India,"Savannah, GA",2025,October,10799,208,18867,29874,0.0,455.0,31.0,31.0,2025-10-01
848210,India,"Tampa, FL",2025,October,6662,698,11291,18651,0.0,8904.0,250.0,250.0,2025-10-01
848210,India,"Wilmington, NC",2025,October,1593,101,2701,4395,0.0,504.0,473.0,473.0,2025-10-01
848210,India,"Charleston, SC",2025,November,116518,2098,199941,318557,0.0,35493.0,15041.0,15041.0,2025-11-01
848210,India,"Chicago, IL",2025,November,88572,5459,150123,244154,0.0,49157.0,19030.0,19030.0,2025-11-01
848210,India,"Cleveland, OH",2025,November,6850,532,11611,18993,0.0,252.0,53.0,53.0,2025-11-01
848210,India,"Dallas-Fort Worth, TX",2025,November,17434,1,29549,46984,0.0,480.0,1260.0,1260.0,2025-11-01
848210,India,"Detroit, MI",2025,November,17848,5,52493,70346,0.0,32832.0,4403.0,4403.0,2025-11-01
848210,India,"Houston-Galveston, TX",2025,November,10372,717,17580,28669,0.0,4140.0,954.0,954.0,2025-11-01
848210,India,"Laredo, TX",2025,November,2044,1,3465,5510,0.0,100.0,65.0,65.0,2025-11-01
848210,India,"Los Angeles, CA",2025,November,3365,500,5704,9569,0.0,110.0,282.0,282.0,2025-11-01
848210,India,"New Orleans, LA",2025,November,33484,1330,91572,126386,0.0,40297.0,10794.0,10794.0,2025-11-01
848210,India,"New York, NY",2025,November,27153,2638,46023,75814,0.0,2933.0,1987.0,1987.0,2025-11-01
848210,India,"Wilmington, NC",2025,November,5457,46,9250,14753,0.0,562.0,325.0,325.0,2025-11-01
848210,India,"Buffalo, NY",2025,December,2031,2,2418,4451,0.0,1.0,37.0,37.0,2025-12-01
848210,India,"Charleston, SC",2025,December,294685,3538,499473,797696,0.0,130581.0,31342.0,31342.0,2025-12-01
848210,India,"Chicago, IL",2025,December,196763,9313,319200,525276,0.0,44012.0,22602.0,22602.0,2025-12-01
848210,India,"Cleveland, OH",2025,December,41826,9827,70889,122542,0.0,7876.0,6553.0,6553.0,2025-12-01
848210,India,"Detroit, MI",2025,December,26302,10,77359,103671,0.0,45284.0,6822.0,6822.0,2025-12-01
848210,India,"Houston-Galveston, TX",2025,December,1876,553,3180,5609,0.0,1000.0,92.0,92.0,2025-12-01
848210,India,"Los Angeles, CA",2025,December,14896,2000,25248,42144,0.0,18101.0,2660.0,2660.0,2025-12-01
848210,India,"New Orleans, LA",2025,December,114279,15987,276769,407035,0.0,138776.0,35065.0,35065.0,2025-12-01
848210,India,"New York, NY",2025,December,13652,1592,23139,38383,0.0,659.0,2942.0,2942.0,2025-12-01
848210,India,"Savannah, GA",2025,December,38953,4498,70110,113561,0.0,8548.0,1234.0,1234.0,2025-12-01
848210,India,"Charleston, SC",2026,January,376955,679,638973,1016607,0.0,220667.0,50129.0,50129.0,2026-01-01
848210,India,"Chicago, IL",2026,January,170511,9331,262459,442301,0.0,68796.0,22050.0,22050.0,2026-01-01
848210,India,"Cleveland, OH",2026,January,129878,8320,222480,360678,0.0,284165.0,11070.0,11070.0,2026-01-01
848210,India,"Detroit, MI",2026,January,24228,57,69162,93447,0.0,41661.0,5610.0,5610.0,2026-01-01
848210,India,"Houston-Galveston, TX",2026,January,2653,5,4499,7157,0.0,104.0,162.0,162.0,2026-01-01
848210,India,"New Orleans, LA",2026,January,95626,9902,187305,292833,0.0,17388.0,18764.0,18764.0,2026-01-01
848210,India,"New York, NY",2026,January,25210,1296,33115,59621,0.0,4334.0,1733.0,1733.0,2026-01-01
848210,India,"Pembina, ND",2026,January,2695,154,4568,7417,0.0,77.0,142.0,142.0,2026-01-01
848210,India,"Savannah, GA",2026,January,53934,3553,91412,148899,0.0,13706.0,2343.0,2343.0,2026-01-01
848210,India,"St. Louis, MO",2026,January,2217,263,3757,6237,0.0,38.0,3.0,3.0,2026-01-01
848210,India,"Wilmington, NC",2026,January,9085,85,15274,24444,0.0,836.0,705.0,705.0,2026-01-01
848210,India,"Charleston, SC",2026,February,167854,177,297667,465698,0.0,47643.0,22470.0,22470.0,2026-02-01
848210,India,"Chicago, IL",2026,February,39878,1197,65420,106495,0.0,17343.0,4496.0,4496.0,2026-02-01
848210,India,"Cleveland, OH",2026,February,113314,7812,163352,284478,0.0,258998.0,8937.0,8937.0,2026-02-01
848210,India,"Detroit, MI",2026,February,20665,9,60783,81457,0.0,38016.0,5228.0,5228.0,2026-02-01
848210,India,"Houston-Galveston, TX",2026,February,18195,1545,45414,65154,0.0,22314.0,6539.0,6539.0,2026-02-01
848210,India,"Los Angeles, CA",2026,February,15325,4000,42900,62225,0.0,33027.0,4978.0,4978.0,2026-02-01
848210,India,"Miami, FL",2026,February,1469,1,2160,3630,0.0,16.0,298.0,298.0,2026-02-01
848210,India,"New Orleans, LA",2026,February,122639,11869,258007,392515,0.0,117629.0,34200.0,34200.0,2026-02-01
848210,India,"New York, NY",2026,February,5125,261,13859,19245,0.0,1412.0,1305.0,1305.0,2026-02-01
848210,India,"San Francisco, CA",2026,February,8623,11,14615,23249,0.0,1157.0,229.0,229.0,2026-02-01
848210,India,"Savannah, GA",2026,February,56567,63,96865,153495,0.0,14758.0,1365.0,1365.0,2026-02-01
848210,India,"Charleston, SC",2026,March,274675,428,626643,901746,0.0,251039.0,42390.0,42390.0,2026-03-01
848210,India,"Chicago, IL",2026,March,88650,11841,263694,364185,0.0,59613.0,19534.0,19534.0,2026-03-01
848210,India,"Cleveland, OH",2026,March,36507,3197,86925,126629,0.0,61910.0,3318.0,3318.0,2026-03-01
848210,India,"Detroit, MI",2026,March,10333,4,30391,40728,0.0,19008.0,2870.0,2870.0,2026-03-01
848210,India,"Houston-Galveston, TX",2026,March,4052,1288,7217,12557,0.0,563.0,254.0,254.0,2026-03-01
848210,India,"Los Angeles, CA",2026,March,3081,1536,10868,15485,0.0,307.0,387.0,387.0,2026-03-01
848210,India,"Miami, FL",2026,March,849,1,4466,5316,0.0,1482.0,842.0,842.0,2026-03-01
848210,India,"New Orleans, LA",2026,March,74347,6137,157847,238331,0.0,75824.0,26998.0,26998.0,2026-03-01
848210,India,"New York, NY",2026,March,5909,1128,14390,21427,0.0,18730.0,1602.0,1602.0,2026-03-01
848210,India,"Philadelphia, PA",2026,March,1671,318,2833,4822,0.0,221.0,61.0,61.0,2026-03-01
848210,India,"Savannah, GA",2026,March,5496,438,28907,34841,0.0,1052.0,121.0,121.0,2026-03-01
848210,India,"Anchorage, AK",2026,April,1247,600,4550,6397,0.0,201.0,38.0,38.0,2026-04-01
848210,India,"Charleston, SC",2026,April,130503,1285,439076,570864,0.0,139827.0,23586.0,23586.0,2026-04-01
848210,India,"Chicago, IL",2026,April,17449,608,37855,55912,0.0,6548.0,1938.0,1938.0,2026-04-01
848210,India,"Cleveland, OH",2026,April,37705,1018,110896,149619,0.0,148932.0,5880.0,5880.0,2026-04-01
848210,India,"Detroit, MI",2026,April,34379,5509,112098,151986,0.0,50432.0,16998.0,16998.0,2026-04-01
848210,India,"Great Falls, MT",2026,April,1916,1,5634,7551,0.0,1.0,1.0,1.0,2026-04-01
848210,India,"Houston-Galveston, TX",2026,April,5799,986,21948,28733,0.0,9897.0,389.0,389.0,2026-04-01
848210,India,"Los Angeles, CA",2026,April,1294,61,3805,5160,0.0,351.0,15.0,15.0,2026-04-01
848210,India,"Miami, FL",2026,April,1512,434,5846,7792,0.0,3008.0,664.0,664.0,2026-04-01
848210,India,"New Orleans, LA",2026,April,95894,6967,222795,325656,0.0,49677.0,24792.0,24792.0,2026-04-01
848210,India,"New York, NY",2026,April,10864,1492,19472,31828,0.0,460.0,793.0,793.0,2026-04-01
848210,India,"Ogdensburg, NY",2026,April,957,3,2815,3775,0.0,96.0,84.0,84.0,2026-04-01
848210,India,"Philadelphia, PA",2026,April,2176,707,6400,9283,0.0,400.0,9.0,9.0,2026-04-01
848210,India,"San Francisco, CA",2026,April,7082,2,29205,36289,0.0,592.0,5866.0,5866.0,2026-04-01
848210,India,"Savannah, GA",2026,April,860,88,5615,6563,0.0,286.0,48.0,48.0,2026-04-01
848210,India,"Wilmington, NC",2026,April,1220,385,3587,5192,0.0,58.0,118.0,118.0,2026-04-01
848210,India,"Charleston, SC",2026,May,132142,510,407742,540394,0.0,93024.0,18882.0,18882.0,2026-05-01
848210,India,"Chicago, IL",2026,May,46668,13808,156400,216876,0.0,36394.0,13522.0,13522.0,2026-05-01
848210,India,"Cleveland, OH",2026,May,37533,1216,115768,154517,0.0,147132.0,5974.0,5974.0,2026-05-01
848210,India,"Dallas-Fort Worth, TX",2026,May,2257,246,8255,10758,0.0,10.0,44.0,44.0,2026-05-01
848210,India,"Detroit, MI",2026,May,10333,5,30392,40730,0.0,19008.0,2774.0,2774.0,2026-05-01
848210,India,"Los Angeles, CA",2026,May,4079,700,11997,16776,0.0,6725.0,1356.0,1356.0,2026-05-01
848210,India,"New Orleans, LA",2026,May,53144,10909,901621,965674,0.0,310177.0,20906.0,20906.0,2026-05-01
848210,India,"New York, NY",2026,May,14872,3665,50256,68793,0.0,4692.0,1479.0,1479.0,2026-05-01
848210,India,"Savannah, GA",2026,May,20723,7419,60953,89095,0.0,7079.0,1541.0,1541.0,2026-05-01
848210,India,"St. Louis, MO",2026,May,4117,477,21670,26264,0.0,59.0,19.0,19.0,2026-05-01
848210,India,"Wilmington, NC",2026,May,7868,4100,23139,35107,0.0,2562.0,566.0,566.0,2026-05-01
848210,India,"Charleston, SC",2026,June,234335,2179,760758,997272,0.0,266051.0,46420.0,46420.0,2026-06-01
848210,India,"Chicago, IL",2026,June,26354,15901,99038,141293,0.0,18408.0,7215.0,7215.0,2026-06-01
848210,India,"Cleveland, OH",2026,June,32087,800,94371,127258,0.0,145850.0,5000.0,5000.0,2026-06-01
848210,India,"Columbia-Snake, OR",2026,June,1103,512,3245,4860,0.0,110.0,114.0,114.0,2026-06-01
848210,India,"Detroit, MI",2026,June,1878,2,5526,7406,0.0,3456.0,505.0,505.0,2026-06-01
848210,India,"Houston-Galveston, TX",2026,June,2050,1,6030,8081,0.0,922.0,153.0,153.0,2026-06-01
848210,India,"Los Angeles, CA",2026,June,13888,2500,40846,57234,0.0,31645.0,5005.0,5005.0,2026-06-01
848210,India,"Miami, FL",2026,June,1054,4138,8501,13693,0.0,3067.0,135.0,135.0,2026-06-01
848210,India,"Mobile, AL",2026,June,1937,3,5700,7640,0.0,940.0,333.0,333.0,2026-06-01
848210,India,"New Orleans, LA",2026,June,27217,7495,110687,145399,0.0,98602.0,9326.0,9326.0,2026-06-01
848210,India,"New York, NY",2026,June,18309,1558,62845,82712,0.0,31894.0,2304.0,2304.0,2026-06-01
848210,India,"Philadelphia, PA",2026,June,2933,853,8626,12412,0.0,486.0,51.0,51.0,2026-06-01
848210,India,"Savannah, GA",2026,June,5547,348,22297,28192,0.0,701.0,303.0,303.0,2026-06-01
848210,India,"St. Louis, MO",2026,June,868,177,4568,5613,0.0,31.0,148.0,148.0,2026-06-01
848210,Mexico,"Cleveland, OH",2022,January,0,140,5059,5199,0.0,1.0,1.0,1.0,2022-01-01
848210,Mexico,"Laredo, TX",2022,January,141305,21960,3040801,3204066,0.0,1833686.0,304143.0,304143.0,2022-01-01
848210,Mexico,"New Orleans, LA",2022,January,895,1100,17062,19057,0.0,410.0,64.0,64.0,2022-01-01
848210,Mexico,"Nogales, AZ",2022,January,651,6,7233,7890,0.0,2.0,2.0,2.0,2022-01-01
848210,Mexico,"San Diego, CA",2022,January,16350,746,583434,600530,0.0,51870.0,11608.0,11608.0,2022-01-01
848210,Mexico,"Laredo, TX",2022,February,150095,22816,3097887,3270798,0.0,1455048.0,289605.0,289605.0,2022-02-01
848210,Mexico,"New York, NY",2022,February,217,75,2415,2707,0.0,30.0,9.0,9.0,2022-02-01
848210,Mexico,"San Diego, CA",2022,February,17757,1270,1347905,1366932,0.0,48935.0,12325.0,12325.0,2022-02-01
848210,Mexico,"Charleston, SC",2022,March,255,64,2838,3157,0.0,25.0,14.0,14.0,2022-03-01
848210,Mexico,"Cleveland, OH",2022,March,648,155,7203,8006,0.0,80.0,19.0,19.0,2022-03-01
848210,Mexico,"Detroit, MI",2022,March,1056,163,11735,12954,0.0,4.0,21.0,21.0,2022-03-01
848210,Mexico,"Laredo, TX",2022,March,235476,35801,4733860,5005137,0.0,1261679.0,380823.0,380823.0,2022-03-01
848210,Mexico,"Los Angeles, CA",2022,March,319,72,3543,3934,0.0,1.0,19.0,19.0,2022-03-01
848210,Mexico,"New Orleans, LA",2022,March,1800,650,20002,22452,0.0,573.0,693.0,693.0,2022-03-01
848210,Mexico,"San Diego, CA",2022,March,32516,1297,1347993,1381806,0.0,69320.0,14019.0,14019.0,2022-03-01
848210,Mexico,"Cleveland, OH",2022,April,613,464,6816,7893,0.0,15.0,11.0,11.0,2022-04-01
848210,Mexico,"Houston-Galveston, TX",2022,April,27806,7190,308966,343962,0.0,211.0,13090.0,13090.0,2022-04-01
848210,Mexico,"Laredo, TX",2022,April,124625,24387,2865344,3014356,0.0,711178.0,253306.0,253306.0,2022-04-01
848210,Mexico,"Nogales, AZ",2022,April,2822,37,31353,34212,0.0,9.0,9.0,9.0,2022-04-01
848210,Mexico,"San Diego, CA",2022,April,19926,942,844278,865146,0.0,66779.0,13791.0,13791.0,2022-04-01
848210,Mexico,"Laredo, TX",2022,May,176886,44602,4107735,4329223,0.0,1573318.0,376359.0,376359.0,2022-05-01
848210,Mexico,"New York, NY",2022,May,224,11,2488,2723,0.0,30.0,9.0,9.0,2022-05-01
848210,Mexico,"Nogales, AZ",2022,May,912,10,10133,11055,0.0,5.0,5.0,5.0,2022-05-01
848210,Mexico,"Pembina, ND",2022,May,191,20,2126,2337,0.0,58.0,148.0,148.0,2022-05-01
848210,Mexico,"San Diego, CA",2022,May,13401,1082,838337,852820,0.0,64302.0,13721.0,13721.0,2022-05-01
848210,Mexico,"Chicago, IL",2022,June,213,41,2367,2621,0.0,36.0,10.0,10.0,2022-06-01
848210,Mexico,"Cleveland, OH",2022,June,540,75,6000,6615,0.0,5.0,4.0,4.0,2022-06-01
848210,Mexico,"Laredo, TX",2022,June,81887,29866,2560127,2671880,0.0,1441223.0,208110.0,208110.0,2022-06-01
848210,Mexico,"Miami, FL",2022,June,0,2486,99094,101580,0.0,624.0,74.0,74.0,2022-06-01
848210,Mexico,"New Orleans, LA",2022,June,232,650,2580,3462,0.0,78.0,455.0,455.0,2022-06-01
848210,Mexico,"Nogales, AZ",2022,June,546,5,6072,6623,0.0,2.0,2.0,2.0,2022-06-01
848210,Mexico,"San Diego, CA",2022,June,20812,1693,1441737,1464242,0.0,54154.0,16127.0,16127.0,2022-06-01
848210,Mexico,"Detroit, MI",2022,July,636,5,7071,7712,0.0,3.0,11.0,11.0,2022-07-01
848210,Mexico,"Laredo, TX",2022,July,120764,20355,3056740,3197859,0.0,700180.0,198726.0,198726.0,2022-07-01
848210,Mexico,"Miami, FL",2022,July,0,5532,298395,303927,0.0,1619.0,173.0,173.0,2022-07-01
848210,Mexico,"New York, NY",2022,July,0,87,4339,4426,0.0,2764.0,46.0,46.0,2022-07-01
848210,Mexico,"Nogales, AZ",2022,July,714,4,7928,8646,0.0,2.0,2.0,2.0,2022-07-01
848210,Mexico,"San Diego, CA",2022,July,21186,1568,1146677,1169431,0.0,58203.0,14407.0,14407.0,2022-07-01
848210,Mexico,"Cleveland, OH",2022,August,432,75,4800,5307,0.0,4.0,4.0,4.0,2022-08-01
848210,Mexico,"Laredo, TX",2022,August,230517,38017,3824342,4092876,0.0,588028.0,286604.0,286604.0,2022-08-01
848210,Mexico,"Miami, FL",2022,August,0,8295,535050,543345,0.0,2780.0,383.0,383.0,2022-08-01
848210,Mexico,"New York, NY",2022,August,0,21,2363,2384,0.0,2250.0,540.0,540.0,2022-08-01
848210,Mexico,"Nogales, AZ",2022,August,477,11,5297,5785,0.0,3.0,3.0,3.0,2022-08-01
848210,Mexico,"San Diego, CA",2022,August,12573,1543,988985,1003101,0.0,46942.0,11150.0,11150.0,2022-08-01
848210,Mexico,"Chicago, IL",2022,September,5252,2192,58361,65805,0.0,1509.0,2211.0,2211.0,2022-09-01
848210,Mexico,"Cleveland, OH",2022,September,2197,1264,24413,27874,0.0,750.0,532.0,532.0,2022-09-01
848210,Mexico,"Laredo, TX",2022,September,168633,21825,3142014,3332472,0.0,1488286.0,285739.0,285739.0,2022-09-01
848210,Mexico,"Miami, FL",2022,September,0,1319,52935,54254,0.0,162.0,56.0,56.0,2022-09-01
848210,Mexico,"New Orleans, LA",2022,September,680,450,7558,8688,0.0,320.0,2.0,2.0,2022-09-01
848210,Mexico,"San Diego, CA",2022,September,19733,2088,1208497,1230318,0.0,48691.0,17497.0,17497.0,2022-09-01
848210,Mexico,"Chicago, IL",2022,October,470,119,5217,5806,0.0,137.0,101.0,101.0,2022-10-01
848210,Mexico,"Cleveland, OH",2022,October,649,225,20434,21308,0.0,424.0,358.0,358.0,2022-10-01
848210,Mexico,"Detroit, MI",2022,October,757,42,8418,9217,0.0,458.0,38.0,38.0,2022-10-01
848210,Mexico,"El Paso, TX",2022,October,120,300,5000,5420,0.0,1.0,5.0,5.0,2022-10-01
848210,Mexico,"Laredo, TX",2022,October,101520,37074,2924692,3063286,0.0,2210770.0,296615.0,296615.0,2022-10-01
848210,Mexico,"New Orleans, LA",2022,October,2986,843,33174,37003,0.0,420.0,148.0,148.0,2022-10-01
848210,Mexico,"San Diego, CA",2022,October,12020,1240,922412,935672,0.0,56019.0,14785.0,14785.0,2022-10-01
848210,Mexico,"Buffalo, NY",2022,November,1837,7,20408,22252,0.0,583.0,40.0,40.0,2022-11-01
848210,Mexico,"Cleveland, OH",2022,November,593,192,6591,7376,0.0,120.0,114.0,114.0,2022-11-01
848210,Mexico,"Laredo, TX",2022,November,126671,24942,3310475,3462088,0.0,473645.0,237035.0,237035.0,2022-11-01
848210,Mexico,"New Orleans, LA",2022,November,2835,1340,31498,35673,0.0,397.0,101.0,101.0,2022-11-01
848210,Mexico,"Nogales, AZ",2022,November,215,4,2390,2609,0.0,3.0,3.0,3.0,2022-11-01
848210,Mexico,"San Diego, CA",2022,November,18427,1003,998341,1017771,0.0,55160.0,14038.0,14038.0,2022-11-01
848210,Mexico,"Chicago, IL",2022,December,2018,391,22417,24826,0.0,537.0,451.0,451.0,2022-12-01
848210,Mexico,"Detroit, MI",2022,December,257,9,2853,3119,0.0,153.0,342.0,342.0,2022-12-01
848210,Mexico,"Laredo, TX",2022,December,80393,15747,2824224,2920364,0.0,406726.0,187865.0,187865.0,2022-12-01
848210,Mexico,"Los Angeles, CA",2022,December,335,12,3725,4072,0.0,58.0,2.0,2.0,2022-12-01
848210,Mexico,"New Orleans, LA",2022,December,786,1100,8736,10622,0.0,284.0,556.0,556.0,2022-12-01
848210,Mexico,"San Diego, CA",2022,December,13198,859,945389,959446,0.0,49304.0,14445.0,14445.0,2022-12-01
848210,Mexico,"Chicago, IL",2023,January,986,178,10956,12120,0.0,308.0,177.0,177.0,2023-01-01
848210,Mexico,"Cleveland, OH",2023,January,675,93,7500,8268,0.0,6.0,17.0,17.0,2023-01-01
848210,Mexico,"Detroit, MI",2023,January,6857,285,76186,83328,0.0,876.0,772.0,772.0,2023-01-01
848210,Mexico,"Laredo, TX",2023,January,167873,26338,3426308,3620519,0.0,394491.0,230087.0,230087.0,2023-01-01
848210,Mexico,"Nogales, AZ",2023,January,2126,13,23623,25762,0.0,944.0,2.0,2.0,2023-01-01
848210,Mexico,"San Diego, CA",2023,January,27830,1498,1003965,1033293,0.0,37894.0,9655.0,9655.0,2023-01-01
848210,Mexico,"Chicago, IL",2023,February,621,92,6901,7614,0.0,194.0,106.0,106.0,2023-02-01
848210,Mexico,"Cleveland, OH",2023,February,1418,778,21183,23379,0.0,1394.0,67.0,67.0,2023-02-01
848210,Mexico,"Laredo, TX",2023,February,144146,24861,3389579,3558586,0.0,385922.0,191505.0,191505.0,2023-02-01
848210,Mexico,"Nogales, AZ",2023,February,207,4,2303,2514,0.0,1.0,1.0,1.0,2023-02-01
848210,Mexico,"San Diego, CA",2023,February,27260,1628,1142886,1171774,0.0,38251.0,10575.0,10575.0,2023-02-01
848210,Mexico,"Cleveland, OH",2023,March,270,466,3000,3736,0.0,1.0,60.0,60.0,2023-03-01
848210,Mexico,"Laredo, TX",2023,March,183657,32358,3955291,4171306,0.0,1560277.0,338278.0,338278.0,2023-03-01
848210,Mexico,"San Diego, CA",2023,March,26439,1503,1406893,1434835,0.0,42852.0,13158.0,13158.0,2023-03-01
848210,Mexico,"San Francisco, CA",2023,March,325,47,3615,3987,0.0,43.0,3.0,3.0,2023-03-01
848210,Mexico,"Chicago, IL",2023,April,784,176,8715,9675,0.0,245.0,213.0,213.0,2023-04-01
848210,Mexico,"Cleveland, OH",2023,April,0,111,7722,7833,0.0,39.0,11.0,11.0,2023-04-01
848210,Mexico,"Laredo, TX",2023,April,167072,27418,3502148,3696638,0.0,823499.0,276855.0,276855.0,2023-04-01
848210,Mexico,"San Diego, CA",2023,April,21931,1615,843834,867380,0.0,39911.0,9337.0,9337.0,2023-04-01
848210,Mexico,"Buffalo, NY",2023,May,427,83,4741,5251,0.0,5.0,17.0,17.0,2023-05-01
848210,Mexico,"Chicago, IL",2023,May,642,108,7126,7876,0.0,168.0,142.0,142.0,2023-05-01
848210,Mexico,"Cleveland, OH",2023,May,0,103,5544,5647,0.0,28.0,6.0,6.0,2023-05-01
848210,Mexico,"Laredo, TX",2023,May,182544,32281,3820010,4034835,0.0,1477201.0,335859.0,335859.0,2023-05-01
848210,Mexico,"New Orleans, LA",2023,May,419,627,4661,5707,0.0,7.0,81.0,81.0,2023-05-01
848210,Mexico,"Nogales, AZ",2023,May,1545,16,17166,18727,0.0,4.0,4.0,4.0,2023-05-01
848210,Mexico,"San Diego, CA",2023,May,22998,1353,983406,1007757,0.0,35073.0,9509.0,9509.0,2023-05-01
848210,Mexico,"San Francisco, CA",2023,May,764,110,8491,9365,0.0,101.0,101.0,101.0,2023-05-01
848210,Mexico,"Chicago, IL",2023,June,613,112,6816,7541,0.0,188.0,116.0,116.0,2023-06-01
848210,Mexico,"Cleveland, OH",2023,June,475,750,19778,21003,0.0,899.0,34.0,34.0,2023-06-01
848210,Mexico,"Detroit, MI",2023,June,3105,561,34504,38170,0.0,751.0,181.0,181.0,2023-06-01
848210,Mexico,"Laredo, TX",2023,June,179640,28895,3887761,4096296,0.0,1112376.0,296866.0,296866.0,2023-06-01
848210,Mexico,"New Orleans, LA",2023,June,768,650,8538,9956,0.0,2592.0,99.0,99.0,2023-06-01
848210,Mexico,"Nogales, AZ",2023,June,634,25,7038,7697,0.0,2.0,2.0,2.0,2023-06-01
848210,Mexico,"San Diego, CA",2023,June,29781,1869,1961846,1993496,0.0,48588.0,13270.0,13270.0,2023-06-01
848210,Mexico,"Cleveland, OH",2023,July,1603,2344,52905,56852,0.0,436.0,193.0,193.0,2023-07-01
848210,Mexico,"Laredo, TX",2023,July,171812,19412,3220306,3411530,0.0,777933.0,213462.0,213462.0,2023-07-01
848210,Mexico,"New Orleans, LA",2023,July,195,0,2169,2364,0.0,30.0,215.0,215.0,2023-07-01
848210,Mexico,"Nogales, AZ",2023,July,1193,6,13257,14456,0.0,4.0,3.0,3.0,2023-07-01
848210,Mexico,"San Diego, CA",2023,July,23366,1368,915245,939979,0.0,34656.0,10158.0,10158.0,2023-07-01
848210,Mexico,"Cleveland, OH",2023,August,3690,2777,74835,81302,0.0,740.0,244.0,244.0,2023-08-01
848210,Mexico,"El Paso, TX",2023,August,840,3,9331,10174,0.0,46656.0,20.0,20.0,2023-08-01
848210,Mexico,"Laredo, TX",2023,August,177993,17881,3614174,3810048,0.0,470838.0,282993.0,282993.0,2023-08-01
848210,Mexico,"New York, NY",2023,August,373,486,4144,5003,0.0,88.0,7.0,7.0,2023-08-01
848210,Mexico,"San Diego, CA",2023,August,24725,1596,1629519,1655840,0.0,44238.0,13946.0,13946.0,2023-08-01
848210,Mexico,"Buffalo, NY",2023,September,1235,60,13720,15015,0.0,12.0,34.0,34.0,2023-09-01
848210,Mexico,"Cleveland, OH",2023,September,1138,548,12640,14326,0.0,5.0,19.0,19.0,2023-09-01
848210,Mexico,"Detroit, MI",2023,September,0,200,31326,31526,0.0,4600.0,675.0,675.0,2023-09-01
848210,Mexico,"Laredo, TX",2023,September,225305,37664,4182691,4445660,0.0,500424.0,386761.0,386761.0,2023-09-01
848210,Mexico,"New Orleans, LA",2023,September,181,200,2011,2392,0.0,28.0,300.0,300.0,2023-09-01
848210,Mexico,"Nogales, AZ",2023,September,226,1,2513,2740,0.0,27.0,4.0,4.0,2023-09-01
848210,Mexico,"San Diego, CA",2023,September,21955,1771,1808067,1831793,0.0,63943.0,14202.0,14202.0,2023-09-01
848210,Mexico,"Buffalo, NY",2023,October,454,252,5043,5749,0.0,1.0,1.0,1.0,2023-10-01
848210,Mexico,"Cleveland, OH",2023,October,2179,1563,90796,94538,0.0,332.0,96.0,96.0,2023-10-01
848210,Mexico,"Detroit, MI",2023,October,454,252,5043,5749,0.0,1.0,1.0,1.0,2023-10-01
848210,Mexico,"Laredo, TX",2023,October,197956,34059,3848159,4080174,0.0,474008.0,320645.0,320645.0,2023-10-01
848210,Mexico,"New Orleans, LA",2023,October,704,232,7822,8758,0.0,61.0,42.0,42.0,2023-10-01
848210,Mexico,"Nogales, AZ",2023,October,264,5,2933,3202,0.0,2.0,2.0,2.0,2023-10-01
848210,Mexico,"San Diego, CA",2023,October,17862,1555,1432830,1452247,0.0,49349.0,10830.0,10830.0,2023-10-01
848210,Mexico,"Seattle, WA",2023,October,205,33,2279,2517,0.0,6.0,3.0,3.0,2023-10-01
848210,Mexico,"Laredo, TX",2023,November,178012,36060,3456526,3670598,0.0,494563.0,261448.0,261448.0,2023-11-01
848210,Mexico,"Nogales, AZ",2023,November,212,19,2358,2589,0.0,7.0,6.0,6.0,2023-11-01
848210,Mexico,"San Diego, CA",2023,November,20878,1591,1032591,1055060,0.0,60033.0,9387.0,9387.0,2023-11-01
848210,Mexico,"Laredo, TX",2023,December,242423,56391,3597823,3896637,0.0,510142.0,312820.0,312820.0,2023-12-01
848210,Mexico,"Nogales, AZ",2023,December,762,14,8466,9242,0.0,6.0,4.0,4.0,2023-12-01
848210,Mexico,"San Diego, CA",2023,December,23222,1057,987192,1011471,0.0,47932.0,9960.0,9960.0,2023-12-01
848210,Mexico,"Cleveland, OH",2024,January,3962,300,44015,48277,0.0,204.0,195.0,195.0,2024-01-01
848210,Mexico,"El Paso, TX",2024,January,0,600,105000,105600,0.0,3.0,2.0,2.0,2024-01-01
848210,Mexico,"Laredo, TX",2024,January,147757,19973,3443232,3610962,0.0,390341.0,223998.0,223998.0,2024-01-01
848210,Mexico,"San Diego, CA",2024,January,26997,1258,1410767,1439022,0.0,37578.0,11009.0,11009.0,2024-01-01
848210,Mexico,"Chicago, IL",2024,February,1573,254,17474,19301,0.0,349.0,326.0,326.0,2024-02-01
848210,Mexico,"Cleveland, OH",2024,February,794,4259,16751,21804,0.0,416.0,230.0,230.0,2024-02-01
848210,Mexico,"Detroit, MI",2024,February,0,150,4198,4348,0.0,45.0,59.0,59.0,2024-02-01
848210,Mexico,"Laredo, TX",2024,February,267550,43533,4155127,4466210,0.0,760778.0,426848.0,426848.0,2024-02-01
848210,Mexico,"New Orleans, LA",2024,February,733,650,8145,9528,0.0,28.0,50.0,50.0,2024-02-01
848210,Mexico,"Nogales, AZ",2024,February,214,8,2380,2602,0.0,2.0,2.0,2.0,2024-02-01
848210,Mexico,"San Diego, CA",2024,February,27432,1523,1341408,1370363,0.0,39827.0,9781.0,9781.0,2024-02-01
848210,Mexico,"Cleveland, OH",2024,March,307,750,12794,13851,0.0,75.0,24.0,24.0,2024-03-01
848210,Mexico,"Laredo, TX",2024,March,259868,34713,4799537,5094118,0.0,782842.0,463808.0,463808.0,2024-03-01
848210,Mexico,"New Orleans, LA",2024,March,460,323,9285,10068,0.0,286.0,44.0,44.0,2024-03-01
848210,Mexico,"Nogales, AZ",2024,March,2183,87,29450,31720,0.0,47.0,34.0,34.0,2024-03-01
848210,Mexico,"San Diego, CA",2024,March,32184,1796,1605128,1639108,0.0,48461.0,11711.0,11711.0,2024-03-01
848210,Mexico,"Cleveland, OH",2024,April,243,75,10113,10431,0.0,19440.0,4666.0,4666.0,2024-04-01
848210,Mexico,"Houston-Galveston, TX",2024,April,2199,708,24437,27344,0.0,2.0,352.0,352.0,2024-04-01
848210,Mexico,"Laredo, TX",2024,April,188222,23405,3523207,3734834,0.0,645821.0,325180.0,325180.0,2024-04-01
848210,Mexico,"New Orleans, LA",2024,April,319,450,3540,4309,0.0,300.0,3.0,3.0,2024-04-01
848210,Mexico,"San Diego, CA",2024,April,28024,960,1010896,1039880,0.0,40379.0,10956.0,10956.0,2024-04-01
848210,Mexico,"Cleveland, OH",2024,May,2082,500,23141,25723,0.0,377.0,110.0,110.0,2024-05-01
848210,Mexico,"Laredo, TX",2024,May,271226,27493,4456556,4755275,0.0,775148.0,406849.0,406849.0,2024-05-01
848210,Mexico,"New Orleans, LA",2024,May,319,450,3540,4309,0.0,300.0,5.0,5.0,2024-05-01
848210,Mexico,"Nogales, AZ",2024,May,1145,361,12731,14237,0.0,8.0,6.0,6.0,2024-05-01
848210,Mexico,"San Diego, CA",2024,May,31040,1282,1457726,1490048,0.0,42212.0,9765.0,9765.0,2024-05-01
848210,Mexico,"Chicago, IL",2024,June,197,48,2193,2438,0.0,1.0,7.0,7.0,2024-06-01
848210,Mexico,"Detroit, MI",2024,June,0,111,10142,10253,0.0,127.0,117.0,117.0,2024-06-01
848210,Mexico,"El Paso, TX",2024,June,0,1,2388,2389,0.0,4.0,1.0,1.0,2024-06-01
848210,Mexico,"Houston-Galveston, TX",2024,June,235,286,2614,3135,0.0,6.0,10.0,10.0,2024-06-01
848210,Mexico,"Laredo, TX",2024,June,246066,21192,3697123,3964381,0.0,735712.0,369286.0,369286.0,2024-06-01
848210,Mexico,"New Orleans, LA",2024,June,747,650,8296,9693,0.0,1.0,1.0,1.0,2024-06-01
848210,Mexico,"Nogales, AZ",2024,June,441,14,4898,5353,0.0,3.0,3.0,3.0,2024-06-01
848210,Mexico,"Philadelphia, PA",2024,June,386,145,4282,4813,0.0,34.0,8.0,8.0,2024-06-01
848210,Mexico,"San Diego, CA",2024,June,32829,1338,1581778,1615945,0.0,44522.0,16802.0,16802.0,2024-06-01
848210,Mexico,"Chicago, IL",2024,July,1755,215,19500,21470,0.0,500.0,513.0,513.0,2024-07-01
848210,Mexico,"Laredo, TX",2024,July,246861,14385,3797829,4059075,0.0,661168.0,329519.0,329519.0,2024-07-01
848210,Mexico,"New Orleans, LA",2024,July,60,0,2486,2546,0.0,2.0,3.0,3.0,2024-07-01
848210,Mexico,"Nogales, AZ",2024,July,1023,54,16293,17370,0.0,5102.0,427.0,427.0,2024-07-01
848210,Mexico,"San Diego, CA",2024,July,18892,1066,924353,944311,0.0,32577.0,7791.0,7791.0,2024-07-01
848210,Mexico,"Buffalo, NY",2024,August,1290,59,14335,15684,0.0,48.0,69.0,69.0,2024-08-01
848210,Mexico,"Chicago, IL",2024,August,395,46,4386,4827,0.0,2.0,7.0,7.0,2024-08-01
848210,Mexico,"Cleveland, OH",2024,August,1542,160,17138,18840,0.0,97.0,287.0,287.0,2024-08-01
848210,Mexico,"Laredo, TX",2024,August,246313,20412,4335820,4602545,0.0,874793.0,413363.0,413363.0,2024-08-01
848210,Mexico,"New Orleans, LA",2024,August,2364,1800,26272,30436,0.0,366.0,20.0,20.0,2024-08-01
848210,Mexico,"Nogales, AZ",2024,August,506,5,5617,6128,0.0,2.0,1.0,1.0,2024-08-01
848210,Mexico,"San Diego, CA",2024,August,18192,1262,1328819,1348273,0.0,34397.0,9278.0,9278.0,2024-08-01
848210,Mexico,"Chicago, IL",2024,September,1451,153,16122,17726,0.0,250.0,295.0,295.0,2024-09-01
848210,Mexico,"Cleveland, OH",2024,September,273,80,3032,3385,0.0,10.0,64.0,64.0,2024-09-01
848210,Mexico,"Laredo, TX",2024,September,191479,22698,3718061,3932238,0.0,639838.0,383734.0,383734.0,2024-09-01
848210,Mexico,"New Orleans, LA",2024,September,957,504,14213,15674,0.0,388.0,620.0,620.0,2024-09-01
848210,Mexico,"Nogales, AZ",2024,September,730,9,8108,8847,0.0,2.0,2.0,2.0,2024-09-01
848210,Mexico,"Philadelphia, PA",2024,September,249,57,2773,3079,0.0,33.0,7.0,7.0,2024-09-01
848210,Mexico,"San Diego, CA",2024,September,5878,1452,1103080,1110410,0.0,28908.0,6243.0,6243.0,2024-09-01
848210,Mexico,"Cleveland, OH",2024,October,3180,150,35340,38670,0.0,1010.0,16.0,16.0,2024-10-01
848210,Mexico,"Detroit, MI",2024,October,750,833,8333,9916,0.0,768.0,768.0,768.0,2024-10-01
848210,Mexico,"Laredo, TX",2024,October,211909,25481,4233519,4470909,0.0,817670.0,397594.0,397594.0,2024-10-01
848210,Mexico,"Los Angeles, CA",2024,October,423,276,4695,5394,0.0,1.0,77.0,77.0,2024-10-01
848210,Mexico,"New Orleans, LA",2024,October,866,1350,9609,11825,0.0,615.0,10.0,10.0,2024-10-01
848210,Mexico,"New York, NY",2024,October,256,600,2847,3703,0.0,15.0,6.0,6.0,2024-10-01
848210,Mexico,"Nogales, AZ",2024,October,217,5,2415,2637,0.0,2.0,1.0,1.0,2024-10-01
848210,Mexico,"Ogdensburg, NY",2024,October,189,71,2096,2356,0.0,8.0,9.0,9.0,2024-10-01
848210,Mexico,"San Diego, CA",2024,October,6592,2106,1931474,1940172,0.0,18876.0,10246.0,10246.0,2024-10-01
848210,Mexico,"Chicago, IL",2024,November,2466,422,27393,30281,0.0,708.0,559.0,559.0,2024-11-01
848210,Mexico,"Cleveland, OH",2024,November,4646,830,96428,101904,0.0,2510.0,668.0,668.0,2024-11-01
848210,Mexico,"Detroit, MI",2024,November,0,42,2400,2442,0.0,16.0,14.0,14.0,2024-11-01
848210,Mexico,"Laredo, TX",2024,November,155097,20000,3901256,4076353,0.0,782838.0,386113.0,386113.0,2024-11-01
848210,Mexico,"New Orleans, LA",2024,November,0,450,3587,4037,0.0,300.0,4.0,4.0,2024-11-01
848210,Mexico,"Nogales, AZ",2024,November,1428,33,15871,17332,0.0,6.0,5.0,5.0,2024-11-01
848210,Mexico,"San Diego, CA",2024,November,1987,929,651192,654108,0.0,18307.0,4496.0,4496.0,2024-11-01
848210,Mexico,"Cleveland, OH",2024,December,1590,638,24031,26259,0.0,443.0,30.0,30.0,2024-12-01
848210,Mexico,"Detroit, MI",2024,December,0,250,3505,3755,0.0,100.0,25.0,25.0,2024-12-01
848210,Mexico,"Laredo, TX",2024,December,179061,24645,4025888,4229594,0.0,747292.0,359036.0,359036.0,2024-12-01
848210,Mexico,"New Orleans, LA",2024,December,1728,450,19192,21370,0.0,706.0,240.0,240.0,2024-12-01
848210,Mexico,"San Diego, CA",2024,December,11628,1233,1646209,1659070,0.0,32791.0,11470.0,11470.0,2024-12-01
848210,Mexico,"Boston, MA",2025,January,382,18,4243,4643,0.0,10.0,25.0,25.0,2025-01-01
848210,Mexico,"Cleveland, OH",2025,January,376,75,4181,4632,0.0,156.0,39.0,39.0,2025-01-01
848210,Mexico,"Detroit, MI",2025,January,0,1,6018,6019,0.0,1.0,40.0,40.0,2025-01-01
848210,Mexico,"Laredo, TX",2025,January,132130,15907,3371805,3519842,0.0,538494.0,263226.0,263226.0,2025-01-01
848210,Mexico,"New Orleans, LA",2025,January,1314,1800,14598,17712,0.0,641.0,42.0,42.0,2025-01-01
848210,Mexico,"Nogales, AZ",2025,January,909,52,10105,11066,0.0,6.0,5.0,5.0,2025-01-01
848210,Mexico,"San Diego, CA",2025,January,10970,1475,1089825,1102270,0.0,33516.0,7984.0,7984.0,2025-01-01
848210,Mexico,"Cleveland, OH",2025,February,201,2424,8363,10988,0.0,6821.0,252.0,252.0,2025-02-01
848210,Mexico,"Detroit, MI",2025,February,216,18,2400,2634,0.0,12.0,29.0,29.0,2025-02-01
848210,Mexico,"Laredo, TX",2025,February,141378,18951,3834617,3994946,0.0,688660.0,372289.0,372289.0,2025-02-01
848210,Mexico,"New Orleans, LA",2025,February,44331,6403,492571,543305,0.0,2955.0,18495.0,18495.0,2025-02-01
848210,Mexico,"San Diego, CA",2025,February,20296,3156,1672877,1696329,0.0,75002.0,12195.0,12195.0,2025-02-01
848210,Mexico,"Chicago, IL",2025,March,4238,275,26374,30887,0.0,637.0,413.0,413.0,2025-03-01
848210,Mexico,"Laredo, TX",2025,March,388757,22920,3929594,4341271,0.0,661678.0,334516.0,334516.0,2025-03-01
848210,Mexico,"New Orleans, LA",2025,March,107442,5315,449738,562495,0.0,2374.0,15273.0,15273.0,2025-03-01
848210,Mexico,"San Diego, CA",2025,March,35123,3637,1953623,1992383,0.0,57294.0,12796.0,12796.0,2025-03-01
848210,Mexico,"Chicago, IL",2025,April,1207,42,3549,4798,0.0,2.0,84.0,84.0,2025-04-01
848210,Mexico,"Cleveland, OH",2025,April,0,2,35340,35342,0.0,416.0,20.0,20.0,2025-04-01
848210,Mexico,"Laredo, TX",2025,April,520287,34926,4290350,4845563,0.0,1117159.0,364242.0,364242.0,2025-04-01
848210,Mexico,"New Orleans, LA",2025,April,100641,2815,296010,399466,0.0,3034.0,18044.0,18044.0,2025-04-01
848210,Mexico,"Nogales, AZ",2025,April,0,1,4298,4299,0.0,8.0,2.0,2.0,2025-04-01
848210,Mexico,"San Diego, CA",2025,April,24315,3224,1463115,1490654,0.0,57681.0,11776.0,11776.0,2025-04-01
848210,Mexico,"Cleveland, OH",2025,May,7406,101,21783,29290,0.0,209.0,12.0,12.0,2025-05-01
848210,Mexico,"Detroit, MI",2025,May,0,5,6734,6739,0.0,5.0,108.0,108.0,2025-05-01
848210,Mexico,"Laredo, TX",2025,May,589873,31130,4820620,5441623,0.0,1185717.0,436270.0,436270.0,2025-05-01
848210,Mexico,"New York, NY",2025,May,921,450,2708,4079,0.0,40.0,9.0,9.0,2025-05-01
848210,Mexico,"San Diego, CA",2025,May,17612,2998,1352496,1373106,0.0,59432.0,9710.0,9710.0,2025-05-01
848210,Mexico,"Chicago, IL",2025,June,1945,115,5720,7780,0.0,150.0,112.0,112.0,2025-06-01
848210,Mexico,"Cleveland, OH",2025,June,3045,2,8955,12002,0.0,405.0,217.0,217.0,2025-06-01
848210,Mexico,"Detroit, MI",2025,June,870,1,2559,3430,0.0,1.0,36.0,36.0,2025-06-01
848210,Mexico,"El Paso, TX",2025,June,0,14,17728,17742,0.0,3389.0,211.0,211.0,2025-06-01
848210,Mexico,"Laredo, TX",2025,June,520441,24194,4579829,5124464,0.0,1228279.0,453633.0,453633.0,2025-06-01
848210,Mexico,"New Orleans, LA",2025,June,23588,1617,69378,94583,0.0,1090.0,7392.0,7392.0,2025-06-01
848210,Mexico,"Nogales, AZ",2025,June,0,167,13545,13712,0.0,13.0,11.0,11.0,2025-06-01
848210,Mexico,"San Diego, CA",2025,June,56023,3179,1655770,1714972,0.0,93336.0,15841.0,15841.0,2025-06-01
848210,Mexico,"Detroit, MI",2025,July,0,100,7983,8083,0.0,1.0,23.0,23.0,2025-07-01
848210,Mexico,"El Paso, TX",2025,July,0,21,24308,24329,0.0,6624.0,386.0,386.0,2025-07-01
848210,Mexico,"Laredo, TX",2025,July,493698,35522,4697249,5226469,0.0,1235400.0,466822.0,466822.0,2025-07-01
848210,Mexico,"New Orleans, LA",2025,July,59688,2510,175554,237752,0.0,3356.0,16543.0,16543.0,2025-07-01
848210,Mexico,"San Diego, CA",2025,July,31090,2602,1233474,1267166,0.0,80889.0,12429.0,12429.0,2025-07-01
848210,Mexico,"Seattle, WA",2025,July,0,53,3786,3839,0.0,2.0,52.0,52.0,2025-07-01
848210,Mexico,"El Paso, TX",2025,August,0,10,11625,11635,0.0,3168.0,185.0,185.0,2025-08-01
848210,Mexico,"Laredo, TX",2025,August,510528,27906,3809025,4347459,0.0,1253813.0,310461.0,310461.0,2025-08-01
848210,Mexico,"New Orleans, LA",2025,August,83684,2439,246122,332245,0.0,3849.0,22420.0,22420.0,2025-08-01
848210,Mexico,"Nogales, AZ",2025,August,0,175,13048,13223,0.0,11.0,11.0,11.0,2025-08-01
848210,Mexico,"San Diego, CA",2025,August,155659,2321,3110814,3268794,0.0,35721.0,10203.0,10203.0,2025-08-01
848210,Mexico,"Chicago, IL",2025,September,5557,75,6616,12248,0.0,171.0,92.0,92.0,2025-09-01
848210,Mexico,"El Paso, TX",2025,September,0,11,7397,7408,0.0,2016.0,117.0,117.0,2025-09-01
848210,Mexico,"Laredo, TX",2025,September,1148661,36395,5165649,6350705,0.0,1620832.0,2859955.0,2859955.0,2025-09-01
848210,Mexico,"Miami, FL",2025,September,10774,711,12826,24311,0.0,22.0,194.0,194.0,2025-09-01
848210,Mexico,"New Orleans, LA",2025,September,53249,962,90252,144463,0.0,1025.0,7785.0,7785.0,2025-09-01
848210,Mexico,"San Diego, CA",2025,September,80776,3119,1828647,1912542,0.0,45463.0,7110.0,7110.0,2025-09-01
848210,Mexico,"Chicago, IL",2025,October,25494,382,41718,67594,0.0,1303.0,743.0,743.0,2025-10-01
848210,Mexico,"Cleveland, OH",2025,October,30499,819,73989,105307,0.0,3804.0,520.0,520.0,2025-10-01
848210,Mexico,"El Paso, TX",2025,October,0,23,21136,21159,0.0,5760.0,335.0,335.0,2025-10-01
848210,Mexico,"Laredo, TX",2025,October,995029,38732,5303342,6337103,0.0,1478262.0,422969.0,422969.0,2025-10-01
848210,Mexico,"Los Angeles, CA",2025,October,0,136,6354,6490,0.0,121.0,189.0,189.0,2025-10-01
848210,Mexico,"New Orleans, LA",2025,October,88274,1650,159218,249142,0.0,3069.0,13724.0,13724.0,2025-10-01
848210,Mexico,"San Diego, CA",2025,October,82005,2710,903487,988202,0.0,43529.0,10726.0,10726.0,2025-10-01
848210,Mexico,"Cleveland, OH",2025,November,23726,75,40214,64015,0.0,2000.0,911.0,911.0,2025-11-01
848210,Mexico,"Detroit, MI",2025,November,19362,1094,43027,63483,0.0,5910.0,1443.0,1443.0,2025-11-01
848210,Mexico,"El Paso, TX",2025,November,0,28,17965,17993,0.0,4896.0,285.0,285.0,2025-11-01
848210,Mexico,"Laredo, TX",2025,November,926299,28522,4066536,5021357,0.0,1204915.0,343995.0,343995.0,2025-11-01
848210,Mexico,"New Orleans, LA",2025,November,199312,2637,269211,471160,0.0,6126.0,21175.0,21175.0,2025-11-01
848210,Mexico,"San Diego, CA",2025,November,63321,2479,1397373,1463173,0.0,37586.0,7547.0,7547.0,2025-11-01
848210,Mexico,"Cleveland, OH",2025,December,12451,2,14823,27276,0.0,4.0,2.0,2.0,2025-12-01
848210,Mexico,"Detroit, MI",2025,December,2110,1035,5802,8947,0.0,3.0,34.0,34.0,2025-12-01
848210,Mexico,"El Paso, TX",2025,December,0,16,6341,6357,0.0,1728.0,101.0,101.0,2025-12-01
848210,Mexico,"Laredo, TX",2025,December,1266270,27596,5623300,6917166,0.0,1554653.0,483458.0,483458.0,2025-12-01
848210,Mexico,"Los Angeles, CA",2025,December,5611,104,14044,19759,0.0,159.0,17.0,17.0,2025-12-01
848210,Mexico,"New Orleans, LA",2025,December,165037,3228,321668,489933,0.0,8545.0,28703.0,28703.0,2025-12-01
848210,Mexico,"New York, NY",2025,December,608,33,2218,2859,0.0,15.0,53.0,53.0,2025-12-01
848210,Mexico,"San Diego, CA",2025,December,35645,2646,1786064,1824355,0.0,42829.0,10138.0,10138.0,2025-12-01
848210,Mexico,"Cleveland, OH",2026,January,2404,500,4074,6978,0.0,40.0,42.0,42.0,2026-01-01
848210,Mexico,"El Paso, TX",2026,January,0,12,9577,9589,0.0,2592.0,152.0,152.0,2026-01-01
848210,Mexico,"Laredo, TX",2026,January,740067,20074,4833803,5593944,0.0,949599.0,334763.0,334763.0,2026-01-01
848210,Mexico,"Los Angeles, CA",2026,January,19272,1115,32666,53053,0.0,830.0,569.0,569.0,2026-01-01
848210,Mexico,"New Orleans, LA",2026,January,41938,912,85645,128495,0.0,1982.0,5353.0,5353.0,2026-01-01
848210,Mexico,"San Diego, CA",2026,January,20383,2517,2338623,2361523,0.0,31627.0,6666.0,6666.0,2026-01-01
848210,Mexico,"Savannah, GA",2026,January,4194,100,7108,11402,0.0,576.0,109.0,109.0,2026-01-01
848210,Mexico,"El Paso, TX",2026,February,0,4,4256,4260,0.0,1152.0,63.0,63.0,2026-02-01
848210,Mexico,"Laredo, TX",2026,February,933843,23211,5078969,6036023,0.0,870366.0,363121.0,363121.0,2026-02-01
848210,Mexico,"New Orleans, LA",2026,February,148365,1674,373226,523265,0.0,7200.0,29776.0,29776.0,2026-02-01
848210,Mexico,"San Diego, CA",2026,February,69958,3015,1276920,1349893,0.0,47829.0,9479.0,9479.0,2026-02-01
848210,Mexico,"Cleveland, OH",2026,March,7720,1294,13085,22099,0.0,3.0,70.0,70.0,2026-03-01
848210,Mexico,"Detroit, MI",2026,March,1776,26,3011,4813,0.0,37.0,19.0,19.0,2026-03-01
848210,Mexico,"El Paso, TX",2026,March,0,9,6385,6394,0.0,1728.0,94.0,94.0,2026-03-01
848210,Mexico,"Laredo, TX",2026,March,703005,17369,5496151,6216525,0.0,1032330.0,423885.0,423885.0,2026-03-01
848210,Mexico,"New Orleans, LA",2026,March,90521,869,161430,252820,0.0,2020.0,9940.0,9940.0,2026-03-01
848210,Mexico,"New York, NY",2026,March,10848,1219,18387,30454,0.0,150.0,160.0,160.0,2026-03-01
848210,Mexico,"Philadelphia, PA",2026,March,1899,242,3218,5359,0.0,35.0,8.0,8.0,2026-03-01
848210,Mexico,"San Diego, CA",2026,March,48989,3048,1382762,1434799,0.0,39983.0,8215.0,8215.0,2026-03-01
848210,Mexico,"Cleveland, OH",2026,April,978,75,5147,6200,0.0,960.0,547.0,547.0,2026-04-01
848210,Mexico,"Detroit, MI",2026,April,0,46,28844,28890,0.0,18.0,224.0,224.0,2026-04-01
848210,Mexico,"El Paso, TX",2026,April,0,13,13833,13846,0.0,3744.0,204.0,204.0,2026-04-01
848210,Mexico,"Laredo, TX",2026,April,628999,24885,5143168,5797052,0.0,782631.0,390000.0,390000.0,2026-04-01
848210,Mexico,"New Orleans, LA",2026,April,61030,913,121948,183891,0.0,1866.0,6301.0,6301.0,2026-04-01
848210,Mexico,"San Diego, CA",2026,April,90007,2408,1149399,1241814,0.0,54469.0,12270.0,12270.0,2026-04-01
848210,Mexico,"Cleveland, OH",2026,May,4621,1095,13591,19307,0.0,1924.0,1114.0,1114.0,2026-05-01
848210,Mexico,"Detroit, MI",2026,May,4495,22,13221,17738,0.0,5.0,35.0,35.0,2026-05-01
848210,Mexico,"Laredo, TX",2026,May,383055,16694,4053428,4453177,0.0,587399.0,314377.0,314377.0,2026-05-01
848210,Mexico,"New Orleans, LA",2026,May,47382,725,152082,200189,0.0,7808.0,10287.0,10287.0,2026-05-01
848210,Mexico,"San Diego, CA",2026,May,75309,2804,1502524,1580637,0.0,47358.0,8889.0,8889.0,2026-05-01
848210,Mexico,"Cleveland, OH",2026,June,3262,2,9595,12859,0.0,20.0,62.0,62.0,2026-06-01
848210,Mexico,"Laredo, TX",2026,June,357927,13609,4113443,4484979,0.0,557225.0,336333.0,336333.0,2026-06-01
848210,Mexico,"New Orleans, LA",2026,June,86998,1651,256959,345608,0.0,3581.0,19513.0,19513.0,2026-06-01
848210,Mexico,"San Diego, CA",2026,June,94679,2939,1469757,1567375,0.0,48128.0,14453.0,14453.0,2026-06-01
